,trial_id,country_name,recruitment_status,country_iso3
0,0,Spain,Not authorised,ESP
1,1,Poland,Not authorised,POL
2,1,Italy,Not authorised,ITA
3,1,Germany,Not authorised,DEU
4,1,Sweden,Not authorised,SWE
5,1,Austria,Not authorised,AUT
6,1,France,Not authorised,FRA
7,1,Spain,Not authorised,ESP
8,1,Ireland,Not authorised,IRL
9,1,Belgium,Not authorised,BEL
10,2,Italy,"Ongoing, recruiting",ITA
11,3,Italy,Not authorised,ITA
12,4,Sweden,"Authorised, recruitment pending",SWE
13,4,Finland,"Authorised, recruitment pending",FIN
14,5,Netherlands,"Ongoing, recruitment ended",NLD
15,6,Spain,Not authorised,ESP
16,7,Denmark,Not authorised,DNK
17,8,Romania,"Authorised, recruitment pending",ROU
18,8,Bulgaria,"Authorised, recruitment pending",BGR
19,9,Belgium,"Authorised, recruitment pending",BEL
20,10,France,"Ongoing, recruiting",FRA
21,11,Spain,Not authorised,ESP
22,11,Romania,Not authorised,ROU
23,12,Netherlands,"Authorised, recruitment pending",NLD
24,13,Spain,Not authorised,ESP
25,13,Italy,Not authorised,ITA
26,14,Italy,"Ongoing, recruitment ended",ITA
27,15,Spain,Not authorised,ESP
28,16,France,"Ongoing, recruiting",FRA
29,17,Sweden,"Ongoing, recruitment ended",SWE
30,18,Spain,"Authorised, recruitment pending",ESP
31,19,Netherlands,"Ongoing, recruitment ended",NLD
32,19,Belgium,"Ongoing, recruitment ended",BEL
33,19,Sweden,"Ongoing, recruitment ended",SWE
34,20,Finland,"Ongoing, recruiting",FIN
35,20,Netherlands,"Ongoing, recruiting",NLD
36,20,Belgium,"Ongoing, recruiting",BEL
37,20,Sweden,"Ongoing, recruiting",SWE
38,20,Spain,"Ongoing, recruiting",ESP
39,20,Denmark,"Ongoing, recruiting",DNK
40,20,Norway,"Ongoing, recruiting",NOR
41,21,France,"Ongoing, recruitment ended",FRA
42,22,Netherlands,"Ongoing, recruiting",NLD
43,23,France,"Authorised, recruitment pending",FRA
44,24,Netherlands,"Ongoing, recruiting",NLD
45,25,Germany,Ended,DEU
46,26,Spain,"Authorised, recruitment pending",ESP
47,27,France,"Authorised, recruitment pending",FRA
48,28,Germany,Not authorised,DEU
49,29,Italy,"Ongoing, recruiting",ITA
50,30,Netherlands,"Ongoing, recruiting",NLD
51,31,Sweden,"Authorised, recruitment pending",SWE
52,32,Spain,Not authorised,ESP
53,33,Spain,"Ongoing, recruitment ended",ESP
54,33,Belgium,"Ongoing, recruitment ended",BEL
55,33,Netherlands,"Ongoing, recruitment ended",NLD
56,34,Netherlands,"Ongoing, recruiting",NLD
57,35,Netherlands,"Authorised, recruitment pending",NLD
58,36,Czechia,"Ongoing, recruiting",CZE
59,36,Netherlands,"Ongoing, recruiting",NLD
60,36,Italy,"Ongoing, recruiting",ITA
61,36,Spain,"Ongoing, recruiting",ESP
62,36,Denmark,"Ongoing, recruiting",DNK
63,36,Finland,"Ongoing, recruiting",FIN
64,36,France,"Ongoing, recruiting",FRA
65,36,Norway,"Ongoing, recruiting",NOR
66,36,Belgium,"Ongoing, recruiting",BEL
67,36,Austria,"Ongoing, recruiting",AUT
68,37,Belgium,Ended,BEL
69,38,France,"Ongoing, recruiting",FRA
70,39,Italy,"Ongoing, recruiting",ITA
71,40,Sweden,"Authorised, recruitment pending",SWE
72,41,Italy,"Ongoing, recruiting",ITA
73,42,France,Ended,FRA
74,42,Spain,Ended,ESP
75,42,Italy,Ended,ITA
76,43,Spain,Not authorised,ESP
77,43,Slovenia,Not authorised,SVN
78,43,Poland,Not authorised,POL
79,43,France,Not authorised,FRA
80,43,Cyprus,Not authorised,CYP
81,44,Spain,Ended,ESP
82,44,Germany,Ended,DEU
83,44,France,Ended,FRA
84,45,France,"Ongoing, recruitment ended",FRA
85,46,Norway,"Authorised, recruitment pending",NOR
86,47,Italy,"Authorised, recruitment pending",ITA
87,48,Denmark,"Ongoing, recruitment ended",DNK
88,49,Hungary,"Ongoing, recruitment ended",HUN
89,49,Czechia,"Ongoing, recruitment ended",CZE
90,50,Netherlands,"Ongoing, recruitment ended",NLD
91,50,Italy,"Ongoing, recruitment ended",ITA
92,51,Spain,"Ongoing, recruiting",ESP
93,52,Italy,"Ongoing, recruiting",ITA
94,53,France,"Ongoing, recruiting",FRA
95,54,Italy,"Ongoing, recruitment ended",ITA
96,55,Netherlands,"Ongoing, recruitment ended",NLD
97,56,Austria,"Ongoing, recruiting",AUT
98,57,France,"Ongoing, recruitment ended",FRA
99,57,Germany,"Ongoing, recruitment ended",DEU
100,58,Netherlands,Ended,NLD
101,59,Finland,Ended,FIN
102,60,Netherlands,"Ongoing, recruiting",NLD
103,61,Norway,"Ongoing, recruiting",NOR
104,61,Ireland,"Ongoing, recruiting",IRL
105,62,Italy,"Ongoing, recruiting",ITA
106,63,France,"Ongoing, recruiting",FRA
107,64,France,"Ongoing, recruitment ended",FRA
108,64,Italy,"Ongoing, recruitment ended",ITA
109,65,Portugal,Ended,PRT
110,66,Spain,"Ongoing, recruitment ended",ESP
111,66,France,Ended,FRA
112,67,Spain,Ended,ESP
113,68,Denmark,"Ongoing, recruitment ended",DNK
114,69,France,Ended,FRA
115,70,Spain,"Ongoing, recruitment ended",ESP
116,71,Belgium,"Ongoing, recruitment ended",BEL
117,72,Czechia,"Ongoing, recruiting",CZE
118,73,Netherlands,"Ongoing, recruitment ended",NLD
119,74,France,"Ongoing, recruiting",FRA
120,75,Sweden,"Authorised, recruitment pending",SWE
121,76,France,"Ongoing, recruiting",FRA
122,77,Italy,Ended,ITA
123,77,Norway,Ended,NOR
124,77,Spain,Ended,ESP
125,77,France,Ended,FRA
126,77,Denmark,Ended,DNK
127,77,Belgium,Ended,BEL
128,77,Austria,Ended,AUT
129,77,Germany,Ended,DEU
130,77,Czechia,Ended,CZE
131,77,Lithuania,Ended,LTU
132,78,Poland,Ended,POL
133,78,Romania,Ended,ROU
134,79,Denmark,Ended,DNK
135,80,France,Ended,FRA
136,80,Italy,Ended,ITA
137,80,Spain,Ended,ESP
138,81,France,Ended,FRA
139,82,Netherlands,Ended,NLD
140,83,Germany,Ended,DEU
141,83,Netherlands,Ended,NLD
142,83,France,Ended,FRA
143,84,Italy,"Ongoing, recruiting",ITA
144,85,France,"Ongoing, recruiting",FRA
145,86,Netherlands,Ended,NLD
146,86,France,Ended,FRA
147,86,Portugal,Ended,PRT
148,86,Germany,Ended,DEU
149,86,Belgium,Ended,BEL
150,86,Spain,Ended,ESP
151,86,Norway,Ended,NOR
152,86,Italy,Ended,ITA
153,87,France,Ended,FRA
154,88,Spain,Ended,ESP
155,88,Belgium,Ended,BEL
156,88,France,Ended,FRA
157,89,Spain,"Ongoing, recruiting",ESP
158,90,Poland,"Ongoing, recruiting",POL
159,91,Belgium,"Ongoing, recruiting",BEL
160,92,Spain,"Ongoing, recruitment ended",ESP
161,93,Italy,"Authorised, recruitment pending",ITA
162,94,Spain,"Ongoing, recruitment ended",ESP
163,95,Germany,"Ongoing, recruitment ended",DEU
164,96,Netherlands,"Authorised, recruitment pending",NLD
165,97,France,Ended,FRA
166,97,Norway,Ended,NOR
167,97,Italy,Ended,ITA
168,97,Sweden,Ended,SWE
169,97,Spain,Ended,ESP
170,98,Netherlands,"Ongoing, recruiting",NLD
171,99,Sweden,"Ongoing, recruiting",SWE
172,100,Slovakia,"Authorised, recruitment pending",SVK
173,101,Spain,Ended,ESP
174,102,Spain,Not authorised,ESP
175,103,Spain,"Ongoing, recruiting",ESP
176,104,Spain,"Ongoing, recruitment ended",ESP
177,104,France,"Ongoing, recruitment ended",FRA
178,105,France,"Ongoing, recruiting",FRA
179,106,Germany,Ended,DEU
180,107,Poland,Ended,POL
181,107,Italy,Ended,ITA
182,108,Italy,"Authorised, recruitment pending",ITA
183,109,France,"Ongoing, recruiting",FRA
184,110,France,"Ongoing, recruitment ended",FRA
185,111,Netherlands,"Ongoing, recruiting",NLD
186,112,Germany,"Ongoing, recruiting",DEU
187,112,Spain,"Ongoing, recruiting",ESP
188,113,Poland,"Ongoing, recruitment ended",POL
189,113,Belgium,"Ongoing, recruitment ended",BEL
190,114,Spain,Ended,ESP
191,114,France,Ended,FRA
192,115,France,Ended,FRA
193,116,Spain,Ended,ESP
194,117,Netherlands,Ended,NLD
195,118,Spain,Ended,ESP
196,118,Denmark,Ended,DNK
197,118,Italy,Ended,ITA
198,118,Finland,Ended,FIN
199,118,Germany,Ended,DEU
200,118,Belgium,Ended,BEL
201,118,France,Ended,FRA
202,118,Austria,Ended,AUT
203,118,Poland,Ended,POL
204,119,Spain,Ended,ESP
205,119,Hungary,Ended,HUN
206,120,Netherlands,"Ongoing, recruitment ended",NLD
207,121,Spain,Ended,ESP
208,122,Netherlands,"Ongoing, recruiting",NLD
209,122,Belgium,"Ongoing, recruiting",BEL
210,123,Belgium,Ended,BEL
211,124,Germany,Ended,DEU
212,125,Netherlands,"Ongoing, recruitment ended",NLD
213,126,France,Ended,FRA
214,126,Spain,Ended,ESP
215,126,Germany,Ended,DEU
216,127,Spain,"Ongoing, recruiting",ESP
217,127,France,"Ongoing, recruiting",FRA
218,128,Germany,"Ongoing, recruitment ended",DEU
219,129,Denmark,"Ongoing, recruiting",DNK
220,130,Spain,Ended,ESP
221,131,Belgium,"Ongoing, recruitment ended",BEL
222,132,Denmark,"Ongoing, recruitment ended",DNK
223,132,Germany,"Ongoing, recruitment ended",DEU
224,132,Hungary,"Ongoing, recruitment ended",HUN
225,132,Greece,"Ongoing, recruitment ended",GRC
226,132,Norway,"Ongoing, recruitment ended",NOR
227,132,Italy,"Ongoing, recruitment ended",ITA
228,132,France,"Ongoing, recruitment ended",FRA
229,132,Czechia,"Ongoing, recruitment ended",CZE
230,132,Poland,"Ongoing, recruitment ended",POL
231,132,Spain,"Ongoing, recruitment ended",ESP
232,132,Lithuania,"Ongoing, recruitment ended",LTU
233,133,France,"Ongoing, recruiting",FRA
234,133,Belgium,"Ongoing, recruiting",BEL
235,133,Netherlands,"Ongoing, recruiting",NLD
236,134,Greece,Ended,GRC
237,134,France,Ended,FRA
238,134,Spain,Ended,ESP
239,134,Poland,Ended,POL
240,135,France,"Authorised, recruitment pending",FRA
241,136,Netherlands,Ended,NLD
242,137,Netherlands,"Ongoing, recruiting",NLD
243,137,Italy,"Authorised, recruitment pending",ITA
244,138,Ireland,Ended,IRL
245,138,Spain,Ended,ESP
246,138,Belgium,Ended,BEL
247,138,Czechia,Ended,CZE
248,138,Germany,Ended,DEU
249,138,France,Ended,FRA
250,138,Italy,Ended,ITA
251,138,Denmark,Ended,DNK
252,138,Finland,Ended,FIN
253,138,Sweden,Ended,SWE
254,138,Poland,Ended,POL
255,138,Hungary,Ended,HUN
256,139,Belgium,Ended,BEL
257,139,Netherlands,Ended,NLD
258,140,Spain,"Ongoing, recruiting",ESP
259,141,Germany,"Ongoing, recruitment ended",DEU
260,142,France,Ended,FRA
261,143,Spain,Ended,ESP
262,144,Germany,Ended,DEU
263,145,Spain,Ended,ESP
264,145,Belgium,Ended,BEL
265,145,Sweden,Ended,SWE
266,145,Germany,Ended,DEU
267,145,Denmark,Ended,DNK
268,145,Poland,Ended,POL
269,146,Netherlands,"Ongoing, recruiting",NLD
270,147,Slovakia,"Ongoing, recruitment ended",SVK
271,148,France,"Authorised, recruitment pending",FRA
272,149,Norway,Ended,NOR
273,149,Denmark,Ended,DNK
274,149,Portugal,Ended,PRT
275,149,Romania,Ended,ROU
276,149,Spain,Ended,ESP
277,149,France,Ended,FRA
278,150,France,"Authorised, recruitment pending",FRA
279,151,Spain,"Ongoing, recruitment ended",ESP
280,152,France,"Ongoing, recruiting",FRA
281,153,Italy,"Ongoing, recruiting",ITA
282,154,France,Temporarily halted,FRA
283,155,France,"Ongoing, recruitment ended",FRA
284,156,France,"Ongoing, recruitment ended",FRA
285,157,Hungary,Ended,HUN
286,157,Ireland,Ended,IRL
287,157,Spain,Ended,ESP
288,157,France,Ended,FRA
289,157,Germany,Ended,DEU
290,157,Poland,Ended,POL
291,158,Hungary,"Ongoing, recruitment ended",HUN
292,158,Spain,"Ongoing, recruitment ended",ESP
293,158,Belgium,"Ongoing, recruitment ended",BEL
294,158,Czechia,"Ongoing, recruitment ended",CZE
295,158,Italy,"Ongoing, recruitment ended",ITA
296,159,Italy,Ended,ITA
297,159,Spain,Ended,ESP
298,160,Romania,Ended,ROU
299,160,Italy,Ended,ITA
300,160,Bulgaria,Ended,BGR
301,161,Italy,"Ongoing, recruiting",ITA
302,162,Spain,Ended,ESP
303,163,Norway,Ended,NOR
304,163,Austria,Ended,AUT
305,163,Netherlands,Ended,NLD
306,163,Germany,Ended,DEU
307,163,Denmark,Ended,DNK
308,163,Sweden,Ended,SWE
309,164,Netherlands,"Ongoing, recruiting",NLD
310,164,France,"Ongoing, recruiting",FRA
311,164,Spain,"Ongoing, recruiting",ESP
312,165,Italy,Ended,ITA
313,165,Spain,Ended,ESP
314,165,France,Ended,FRA
315,165,Belgium,Ended,BEL
316,166,France,"Ongoing, recruiting",FRA
317,167,Spain,Temporarily halted,ESP
318,167,Germany,Temporarily halted,DEU
319,168,Netherlands,"Ongoing, recruiting",NLD
320,169,France,"Ongoing, recruiting",FRA
321,170,Denmark,"Ongoing, recruiting",DNK
322,171,Spain,"Ongoing, recruitment ended",ESP
323,171,Czechia,Ended,CZE
324,171,Germany,"Ongoing, recruitment ended",DEU
325,171,France,"Ongoing, recruitment ended",FRA
326,171,Italy,Ended,ITA
327,172,Poland,Ended,POL
328,173,Sweden,"Ongoing, recruiting",SWE
329,174,Sweden,"Ongoing, recruitment ended",SWE
330,174,Iceland,"Ongoing, recruitment ended",ISL
331,174,Denmark,"Ongoing, recruitment ended",DNK
332,175,Italy,Ended,ITA
333,175,Spain,Ended,ESP
334,175,France,Ended,FRA
335,176,Netherlands,"Ongoing, recruitment ended",NLD
336,177,Germany,"Ongoing, recruiting",DEU
337,178,Poland,Ended,POL
338,178,Greece,Ended,GRC
339,178,Slovakia,Ended,SVK
340,178,Czechia,Ended,CZE
341,178,Spain,Ended,ESP
342,179,Germany,"Ongoing, recruitment ended",DEU
343,179,Spain,"Ongoing, recruitment ended",ESP
344,179,Greece,"Ongoing, recruitment ended",GRC
345,179,Italy,"Ongoing, recruitment ended",ITA
346,180,Greece,"Ongoing, recruitment ended",GRC
347,181,Sweden,Ended,SWE
348,181,France,Ended,FRA
349,181,Bulgaria,Ended,BGR
350,181,Italy,Ended,ITA
351,181,Hungary,Ended,HUN
352,181,Czechia,Ended,CZE
353,181,Germany,Ended,DEU
354,182,Netherlands,"Ongoing, recruitment ended",NLD
355,182,Norway,"Ongoing, recruitment ended",NOR
356,182,Iceland,"Ongoing, recruitment ended",ISL
357,182,Estonia,"Ongoing, recruitment ended",EST
358,182,Sweden,"Ongoing, recruitment ended",SWE
359,183,Spain,Ended,ESP
360,183,Austria,Ended,AUT
361,183,Germany,Ended,DEU
362,184,France,"Ongoing, recruitment ended",FRA
363,184,Germany,"Authorised, recruitment pending",DEU
364,184,Spain,"Authorised, recruitment pending",ESP
365,184,Italy,"Authorised, recruitment pending",ITA
366,184,Austria,"Authorised, recruitment pending",AUT
367,185,Italy,Ended,ITA
368,186,Germany,"Ongoing, recruiting",DEU
369,186,Italy,"Ongoing, recruiting",ITA
370,186,France,"Ongoing, recruiting",FRA
371,187,France,"Ongoing, recruiting",FRA
372,188,Spain,Ended,ESP
373,189,Finland,Ended,FIN
374,189,Poland,Ended,POL
375,189,Spain,Ended,ESP
376,190,France,Ended,FRA
377,190,Czechia,Ended,CZE
378,190,Italy,Ended,ITA
379,190,Spain,Ended,ESP
380,190,Poland,Ended,POL
381,191,Spain,"Ongoing, recruiting",ESP
382,191,France,"Ongoing, recruiting",FRA
383,191,Italy,"Ongoing, recruiting",ITA
384,191,Netherlands,"Ongoing, recruiting",NLD
385,191,Germany,"Ongoing, recruiting",DEU
386,192,Austria,Ended,AUT
387,192,Germany,Ended,DEU
388,192,Italy,Ended,ITA
389,192,Netherlands,Ended,NLD
390,193,Spain,Ended,ESP
391,193,Germany,Ended,DEU
392,194,Denmark,Ended,DNK
393,195,France,"Ongoing, recruitment ended",FRA
394,195,Italy,"Ongoing, recruitment ended",ITA
395,195,Spain,"Ongoing, recruitment ended",ESP
396,195,Germany,"Ongoing, recruitment ended",DEU
397,196,Spain,"Ongoing, recruitment ended",ESP
398,196,Germany,"Ongoing, recruitment ended",DEU
399,196,France,"Ongoing, recruitment ended",FRA
400,197,Spain,Ended,ESP
401,197,France,"Ongoing, recruitment ended",FRA
402,198,Italy,"Ongoing, recruitment ended",ITA
403,199,Germany,Ended,DEU
404,200,Spain,"Ongoing, recruiting",ESP
405,201,France,Ended,FRA
406,202,Denmark,"Ongoing, recruiting",DNK
407,203,Spain,"Ongoing, recruiting",ESP
408,203,Italy,"Ongoing, recruiting",ITA
409,203,France,"Ongoing, recruiting",FRA
410,203,Netherlands,"Ongoing, recruiting",NLD
411,203,Denmark,"Ongoing, recruiting",DNK
412,204,Italy,"Ongoing, recruitment ended",ITA
413,205,Belgium,"Authorised, recruitment pending",BEL
414,206,France,"Ongoing, recruiting",FRA
415,207,Netherlands,Ended,NLD
416,208,Denmark,"Ongoing, recruiting",DNK
417,208,Norway,"Ongoing, recruiting",NOR
418,208,Sweden,"Ongoing, recruiting",SWE
419,208,Austria,"Ongoing, recruiting",AUT
420,209,Finland,Ended,FIN
421,210,Greece,Not authorised,GRC
422,211,Norway,"Ongoing, recruiting",NOR
423,212,Sweden,Ended,SWE
424,212,Italy,Ended,ITA
425,212,France,Ended,FRA
426,213,Italy,"Ongoing, recruiting",ITA
427,213,France,"Ongoing, recruiting",FRA
428,213,Spain,"Ongoing, recruiting",ESP
429,214,Greece,"Ongoing, recruiting",GRC
430,215,Spain,Ended,ESP
431,215,Belgium,Ended,BEL
432,215,Netherlands,Ended,NLD
433,216,Netherlands,"Ongoing, recruiting",NLD
434,217,France,"Ongoing, recruiting",FRA
435,218,Czechia,"Ongoing, recruiting",CZE
436,218,Germany,"Ongoing, recruiting",DEU
437,218,Belgium,"Ongoing, recruiting",BEL
438,218,Spain,"Ongoing, recruiting",ESP
439,218,Austria,"Ongoing, recruiting",AUT
440,218,Italy,"Ongoing, recruiting",ITA
441,218,Finland,"Ongoing, recruiting",FIN
442,218,France,"Ongoing, recruiting",FRA
443,218,Sweden,"Ongoing, recruiting",SWE
444,218,Norway,"Ongoing, recruiting",NOR
445,218,Poland,"Ongoing, recruiting",POL
446,219,Belgium,"Ongoing, recruitment ended",BEL
447,219,France,"Ongoing, recruitment ended",FRA
448,220,France,"Ongoing, recruiting",FRA
449,221,Austria,"Ongoing, recruiting",AUT
450,222,Germany,"Authorised, recruitment pending",DEU
451,222,Italy,"Authorised, recruitment pending",ITA
452,223,Netherlands,"Ongoing, recruiting",NLD
453,224,France,"Ongoing, recruitment ended",FRA
454,224,Spain,"Ongoing, recruitment ended",ESP
455,225,Belgium,"Ongoing, recruiting",BEL
456,226,Germany,"Ongoing, recruiting",DEU
457,227,France,"Ongoing, recruiting",FRA
458,228,Denmark,Ended,DNK
459,229,France,Ended,FRA
460,229,Germany,Ended,DEU
461,229,Spain,Ended,ESP
462,230,Spain,Ended,ESP
463,230,Germany,Ended,DEU
464,230,France,Ended,FRA
465,231,Sweden,Ended,SWE
466,232,Spain,"Ongoing, recruiting",ESP
467,233,Spain,Temporarily halted,ESP
468,234,Poland,Ended,POL
469,234,Spain,Ended,ESP
470,234,Germany,Ended,DEU
471,234,Hungary,Ended,HUN
472,234,Italy,Ended,ITA
473,235,Spain,"Ongoing, recruiting",ESP
474,235,Italy,"Ongoing, recruiting",ITA
475,236,Netherlands,Ended,NLD
476,237,Spain,Ended,ESP
477,237,France,Ended,FRA
478,237,Poland,Ended,POL
479,237,Germany,Ended,DEU
480,237,Italy,Ended,ITA
481,237,Austria,Ended,AUT
482,237,Greece,Ended,GRC
483,238,Belgium,"Ongoing, recruitment ended",BEL
484,238,Netherlands,"Ongoing, recruitment ended",NLD
485,239,Spain,Ended,ESP
486,240,Netherlands,"Ongoing, recruiting",NLD
487,241,Spain,Ended,ESP
488,242,Belgium,"Ongoing, recruitment ended",BEL
489,242,Germany,"Ongoing, recruitment ended",DEU
490,242,Spain,"Ongoing, recruitment ended",ESP
491,243,Germany,"Ongoing, recruiting",DEU
492,244,Greece,"Ongoing, recruitment ended",GRC
493,245,Italy,"Ongoing, recruitment ended",ITA
494,245,Poland,"Ongoing, recruitment ended",POL
495,245,Lithuania,"Ongoing, recruitment ended",LTU
496,245,Austria,"Ongoing, recruitment ended",AUT
497,245,Hungary,Ended,HUN
498,245,France,"Ongoing, recruitment ended",FRA
499,245,Finland,Ended,FIN
500,245,Germany,"Ongoing, recruitment ended",DEU
501,245,Czechia,"Ongoing, recruitment ended",CZE
502,245,Spain,"Ongoing, recruitment ended",ESP
503,246,Denmark,Ended,DNK
504,246,Poland,Ended,POL
505,246,Spain,Ended,ESP
506,246,Germany,Ended,DEU
507,246,France,Ended,FRA
508,247,France,Ended,FRA
509,247,Italy,Ended,ITA
510,247,Germany,Ended,DEU
511,247,Spain,Ended,ESP
512,248,Spain,"Ongoing, recruiting",ESP
513,249,Spain,"Ongoing, recruiting",ESP
514,249,France,"Ongoing, recruiting",FRA
515,250,Germany,Ended,DEU
516,250,Sweden,Ended,SWE
517,250,France,Ended,FRA
518,250,Netherlands,Ended,NLD
519,250,Spain,Ended,ESP
520,251,Netherlands,"Ongoing, recruitment ended",NLD
521,252,Germany,"Ongoing, recruiting",DEU
522,253,Latvia,Ended,LVA
523,253,Ireland,Ended,IRL
524,253,Italy,Ended,ITA
525,253,Czechia,Ended,CZE
526,253,Spain,Ended,ESP
527,253,Germany,Ended,DEU
528,253,Sweden,Ended,SWE
529,253,France,Ended,FRA
530,253,Norway,Ended,NOR
531,253,Hungary,Ended,HUN
532,253,Austria,Ended,AUT
533,253,Netherlands,Ended,NLD
534,254,France,Ended,FRA
535,255,France,"Authorised, recruitment pending",FRA
536,256,Germany,Ended,DEU
537,256,Spain,Ended,ESP
538,257,France,"Ongoing, recruiting",FRA
539,258,Netherlands,"Ongoing, recruiting",NLD
540,259,Netherlands,"Ongoing, recruiting",NLD
541,260,Denmark,"Ongoing, recruiting",DNK
542,261,Norway,"Authorised, recruitment pending",NOR
543,262,Spain,"Ongoing, recruitment ended",ESP
544,263,France,"Ongoing, recruiting",FRA
545,264,Italy,"Authorised, recruitment pending",ITA
546,265,Italy,"Ongoing, recruiting",ITA
547,266,Germany,"Ongoing, recruiting",DEU
548,266,Greece,"Ongoing, recruiting",GRC
549,267,Spain,"Ongoing, recruitment ended",ESP
550,268,Czechia,"Ongoing, recruitment ended",CZE
551,268,France,"Ongoing, recruitment ended",FRA
552,268,Ireland,"Ongoing, recruitment ended",IRL
553,268,Austria,"Ongoing, recruitment ended",AUT
554,268,Denmark,"Ongoing, recruitment ended",DNK
555,268,Finland,"Ongoing, recruitment ended",FIN
556,268,Greece,"Ongoing, recruitment ended",GRC
557,268,Sweden,"Ongoing, recruitment ended",SWE
558,268,Netherlands,"Ongoing, recruitment ended",NLD
559,268,Italy,"Ongoing, recruitment ended",ITA
560,268,Spain,"Ongoing, recruitment ended",ESP
561,268,Belgium,"Ongoing, recruitment ended",BEL
562,268,Poland,"Ongoing, recruitment ended",POL
563,268,Norway,"Ongoing, recruitment ended",NOR
564,268,Germany,"Ongoing, recruitment ended",DEU
565,269,Spain,"Ongoing, recruiting",ESP
566,269,Poland,"Ongoing, recruiting",POL
567,270,Germany,"Authorised, recruiting",DEU
568,271,Spain,"Ongoing, recruiting",ESP
569,272,Netherlands,"Authorised, recruiting",NLD
570,273,France,"Authorised, recruitment pending",FRA
571,274,Netherlands,"Authorised, recruiting",NLD
572,275,Spain,"Ongoing, recruiting",ESP
573,276,Spain,"Authorised, recruiting",ESP
574,277,Spain,Ended,ESP
575,277,Poland,Ended,POL
576,277,France,Ended,FRA
577,277,Belgium,"Ongoing, recruitment ended",BEL
578,277,Italy,Ended,ITA
579,277,Netherlands,Ended,NLD
580,277,Germany,Ended,DEU
581,278,France,"Ongoing, recruitment ended",FRA
582,279,Italy,"Ongoing, recruiting",ITA
583,279,France,"Ongoing, recruiting",FRA
584,279,Spain,"Ongoing, recruiting",ESP
585,279,Netherlands,"Ongoing, recruiting",NLD
586,280,Finland,Ended,FIN
587,281,Italy,Ended,ITA
588,281,France,"Ongoing, recruitment ended",FRA
589,281,Poland,"Ongoing, recruitment ended",POL
590,281,Spain,Ended,ESP
591,282,Netherlands,"Ongoing, recruiting",NLD
592,283,Sweden,"Ongoing, recruiting",SWE
593,283,Germany,"Ongoing, recruiting",DEU
594,283,Denmark,"Ongoing, recruiting",DNK
595,283,Poland,"Ongoing, recruiting",POL
596,283,Norway,"Ongoing, recruiting",NOR
597,283,Finland,"Ongoing, recruiting",FIN
598,283,Czechia,"Ongoing, recruiting",CZE
599,283,France,"Ongoing, recruiting",FRA
600,283,Spain,"Ongoing, recruiting",ESP
601,283,Netherlands,"Ongoing, recruiting",NLD
602,283,Austria,"Ongoing, recruiting",AUT
603,283,Belgium,"Ongoing, recruiting",BEL
604,283,Ireland,"Ongoing, recruiting",IRL
605,283,Italy,"Ongoing, recruiting",ITA
606,284,Italy,"Ongoing, recruiting",ITA
607,284,Bulgaria,"Ongoing, recruiting",BGR
608,284,Belgium,"Ongoing, recruiting",BEL
609,284,Austria,"Ongoing, recruiting",AUT
610,284,Romania,"Ongoing, recruiting",ROU
611,284,Germany,"Ongoing, recruiting",DEU
612,284,Czechia,"Ongoing, recruiting",CZE
613,284,Netherlands,"Ongoing, recruiting",NLD
614,284,France,"Ongoing, recruiting",FRA
615,284,Portugal,"Ongoing, recruiting",PRT
616,284,Poland,"Ongoing, recruiting",POL
617,284,Hungary,"Ongoing, recruiting",HUN
618,284,Spain,"Ongoing, recruiting",ESP
619,285,France,"Ongoing, recruitment ended",FRA
620,285,Denmark,"Ongoing, recruitment ended",DNK
621,285,Sweden,"Ongoing, recruitment ended",SWE
622,285,Belgium,"Ongoing, recruitment ended",BEL
623,285,Poland,"Ongoing, recruitment ended",POL
624,285,Germany,"Ongoing, recruiting",DEU
625,285,Italy,"Ongoing, recruitment ended",ITA
626,285,Spain,"Ongoing, recruitment ended",ESP
627,286,Bulgaria,Ended,BGR
628,286,Italy,"Ongoing, recruitment ended",ITA
629,286,Poland,"Ongoing, recruitment ended",POL
630,286,Spain,"Ongoing, recruitment ended",ESP
631,286,Belgium,"Ongoing, recruitment ended",BEL
632,286,Greece,"Ongoing, recruitment ended",GRC
633,286,Hungary,"Ongoing, recruitment ended",HUN
634,286,Czechia,"Ongoing, recruitment ended",CZE
635,286,Denmark,"Ongoing, recruitment ended",DNK
636,286,France,"Ongoing, recruitment ended",FRA
637,286,Germany,"Ongoing, recruitment ended",DEU
638,286,Netherlands,"Ongoing, recruitment ended",NLD
639,286,Portugal,"Ongoing, recruitment ended",PRT
640,286,Romania,"Ongoing, recruitment ended",ROU
641,286,Austria,Ended,AUT
642,286,Ireland,Ended,IRL
643,287,France,"Ongoing, recruiting",FRA
644,288,Slovakia,"Ongoing, recruitment ended",SVK
645,288,Poland,"Ongoing, recruitment ended",POL
646,288,Spain,"Ongoing, recruitment ended",ESP
647,288,Hungary,"Ongoing, recruitment ended",HUN
648,288,Romania,Ended,ROU
649,288,Czechia,"Ongoing, recruitment ended",CZE
650,288,Austria,"Ongoing, recruitment ended",AUT
651,289,Germany,"Ongoing, recruiting",DEU
652,290,France,"Ongoing, recruiting",FRA
653,290,Spain,"Ongoing, recruiting",ESP
654,291,Spain,"Ongoing, recruitment ended",ESP
655,292,Ireland,"Authorised, recruitment pending",IRL
656,293,Germany,"Ongoing, recruitment ended",DEU
657,294,France,Ended,FRA
658,294,Netherlands,Ended,NLD
659,294,Spain,Ended,ESP
660,295,Italy,Ended,ITA
661,295,Spain,Ended,ESP
662,296,Poland,"Ongoing, recruiting",POL
663,296,Italy,"Ongoing, recruiting",ITA
664,296,Denmark,"Ongoing, recruiting",DNK
665,296,Czechia,"Ongoing, recruiting",CZE
666,296,Germany,"Ongoing, recruiting",DEU
667,296,Slovakia,"Ongoing, recruiting",SVK
668,296,Finland,"Ongoing, recruiting",FIN
669,296,Netherlands,"Ongoing, recruiting",NLD
670,296,Norway,"Ongoing, recruiting",NOR
671,296,Spain,"Ongoing, recruiting",ESP
672,296,Sweden,"Ongoing, recruiting",SWE
673,296,Belgium,"Ongoing, recruiting",BEL
674,296,Austria,"Ongoing, recruiting",AUT
675,296,Hungary,"Authorised, recruiting",HUN
676,297,France,"Ongoing, recruiting",FRA
677,297,Spain,"Ongoing, recruiting",ESP
678,298,Spain,"Authorised, recruitment pending",ESP
679,298,Germany,"Authorised, recruitment pending",DEU
680,299,Netherlands,"Ongoing, recruiting",NLD
681,300,Sweden,"Authorised, recruitment pending",SWE
682,301,Germany,"Ongoing, recruiting",DEU
683,301,Spain,"Ongoing, recruiting",ESP
684,301,France,"Ongoing, recruiting",FRA
685,302,Spain,"Authorised, recruitment pending",ESP
686,302,Italy,"Authorised, recruitment pending",ITA
687,303,Belgium,Ended,BEL
688,303,France,"Ongoing, recruitment ended",FRA
689,303,Greece,"Ongoing, recruitment ended",GRC
690,303,Italy,Ended,ITA
691,303,Finland,Ended,FIN
692,303,Netherlands,"Ongoing, recruitment ended",NLD
693,303,Sweden,Ended,SWE
694,303,Spain,"Ongoing, recruitment ended",ESP
695,303,Poland,"Ongoing, recruitment ended",POL
696,303,Germany,"Ongoing, recruitment ended",DEU
697,303,Romania,"Ongoing, recruitment ended",ROU
698,304,Germany,"Ongoing, recruiting",DEU
699,305,Spain,Ended,ESP
700,305,Netherlands,Ended,NLD
701,305,France,Ended,FRA
702,306,Sweden,"Ongoing, recruiting",SWE
703,306,Finland,"Ongoing, recruiting",FIN
704,306,Netherlands,"Ongoing, recruiting",NLD
705,306,France,"Ongoing, recruiting",FRA
706,306,Spain,"Ongoing, recruiting",ESP
707,306,Norway,"Ongoing, recruiting",NOR
708,306,Austria,"Ongoing, recruiting",AUT
709,306,Italy,"Ongoing, recruiting",ITA
710,306,Belgium,"Ongoing, recruiting",BEL
711,306,Germany,"Ongoing, recruiting",DEU
712,306,Denmark,"Authorised, recruitment pending",DNK
713,306,Greece,"Authorised, recruitment pending",GRC
714,306,Romania,"Ongoing, recruiting",ROU
715,306,Poland,"Ongoing, recruiting",POL
716,306,Czechia,"Authorised, recruitment pending",CZE
717,306,Hungary,"Authorised, recruitment pending",HUN
718,306,Portugal,"Authorised, recruitment pending",PRT
719,307,Spain,"Ongoing, recruiting",ESP
720,308,France,"Ongoing, recruiting",FRA
721,309,France,"Ongoing, recruiting",FRA
722,310,Austria,"Ongoing, recruiting",AUT
723,310,Czechia,"Ongoing, recruiting",CZE
724,310,France,"Ongoing, recruiting",FRA
725,310,Norway,"Ongoing, recruiting",NOR
726,310,Spain,"Ongoing, recruiting",ESP
727,310,Sweden,"Ongoing, recruiting",SWE
728,310,Denmark,"Ongoing, recruiting",DNK
729,311,Italy,"Ongoing, recruiting",ITA
730,311,Germany,"Ongoing, recruiting",DEU
731,311,France,"Ongoing, recruiting",FRA
732,311,Spain,"Ongoing, recruiting",ESP
733,312,Spain,"Ongoing, recruitment ended",ESP
734,312,France,"Ongoing, recruitment ended",FRA
735,313,Austria,"Ongoing, recruiting",AUT
736,314,France,Ended,FRA
737,314,Spain,Ended,ESP
738,315,Spain,Ended,ESP
739,315,Belgium,Ended,BEL
740,316,Spain,"Ongoing, recruitment ended",ESP
741,316,Italy,"Ongoing, recruitment ended",ITA
742,317,Germany,Ended,DEU
743,318,Italy,"Ongoing, recruiting",ITA
744,319,France,Ended,FRA
745,320,Spain,"Ongoing, recruitment ended",ESP
746,320,France,"Ongoing, recruitment ended",FRA
747,320,Italy,"Ongoing, recruitment ended",ITA
748,320,Belgium,"Ongoing, recruitment ended",BEL
749,320,Germany,"Ongoing, recruitment ended",DEU
750,321,Poland,Ended,POL
751,321,Hungary,Ended,HUN
752,322,Germany,Ended,DEU
753,323,Germany,"Ongoing, recruiting",DEU
754,324,Spain,"Ongoing, recruiting",ESP
755,324,Germany,"Ongoing, recruiting",DEU
756,324,Portugal,"Ongoing, recruiting",PRT
757,325,Spain,"Ongoing, recruiting",ESP
758,326,Italy,"Ongoing, recruitment ended",ITA
759,326,France,"Ongoing, recruitment ended",FRA
760,326,Poland,"Ongoing, recruitment ended",POL
761,326,Germany,"Ongoing, recruitment ended",DEU
762,326,Greece,"Ongoing, recruitment ended",GRC
763,326,Czechia,"Ongoing, recruitment ended",CZE
764,326,Spain,"Ongoing, recruitment ended",ESP
765,327,Spain,Ended,ESP
766,327,France,Ended,FRA
767,328,Spain,"Ongoing, recruiting",ESP
768,329,Netherlands,Ended,NLD
769,330,France,"Ongoing, recruiting",FRA
770,331,Hungary,"Ongoing, recruitment ended",HUN
771,331,Denmark,"Ongoing, recruitment ended",DNK
772,331,Italy,"Ongoing, recruitment ended",ITA
773,331,Czechia,"Ongoing, recruitment ended",CZE
774,331,Germany,"Ongoing, recruitment ended",DEU
775,331,France,"Ongoing, recruitment ended",FRA
776,331,Poland,"Ongoing, recruitment ended",POL
777,331,Spain,"Ongoing, recruitment ended",ESP
778,331,Netherlands,"Ongoing, recruitment ended",NLD
779,332,Germany,"Ongoing, recruiting",DEU
780,332,France,"Ongoing, recruiting",FRA
781,332,Belgium,"Ongoing, recruiting",BEL
782,332,Poland,"Ongoing, recruiting",POL
783,332,Italy,"Ongoing, recruiting",ITA
784,332,Netherlands,"Ongoing, recruiting",NLD
785,332,Denmark,"Ongoing, recruiting",DNK
786,332,Portugal,"Authorised, recruitment pending",PRT
787,333,Germany,"Ongoing, recruiting",DEU
788,333,Italy,"Ongoing, recruiting",ITA
789,333,Spain,"Ongoing, recruiting",ESP
790,333,Poland,"Ongoing, recruiting",POL
791,333,France,"Ongoing, recruiting",FRA
792,334,France,Ended,FRA
793,335,France,"Ongoing, recruitment ended",FRA
794,336,Ireland,"Ongoing, recruitment ended",IRL
795,336,Portugal,"Ongoing, recruitment ended",PRT
796,336,Germany,"Ongoing, recruitment ended",DEU
797,336,Belgium,"Ongoing, recruitment ended",BEL
798,336,Hungary,"Ongoing, recruitment ended",HUN
799,336,Austria,"Ongoing, recruitment ended",AUT
800,336,Poland,"Ongoing, recruitment ended",POL
801,336,France,"Ongoing, recruitment ended",FRA
802,336,Spain,"Ongoing, recruitment ended",ESP
803,337,Poland,"Ongoing, recruiting",POL
804,337,Italy,"Ongoing, recruiting",ITA
805,337,Belgium,"Ongoing, recruiting",BEL
806,337,Germany,"Ongoing, recruiting",DEU
807,337,Ireland,"Ongoing, recruiting",IRL
808,338,Sweden,"Ongoing, recruiting",SWE
809,339,France,Ended,FRA
810,339,Spain,"Ongoing, recruitment ended",ESP
811,339,Netherlands,"Ongoing, recruitment ended",NLD
812,339,Belgium,"Ongoing, recruitment ended",BEL
813,340,Germany,"Ongoing, recruitment ended",DEU
814,341,France,"Ongoing, recruitment ended",FRA
815,342,Austria,"Ongoing, recruitment ended",AUT
816,342,Ireland,"Ongoing, recruitment ended",IRL
817,342,Belgium,"Ongoing, recruitment ended",BEL
818,342,Romania,"Ongoing, recruitment ended",ROU
819,342,Poland,"Ongoing, recruitment ended",POL
820,342,Germany,"Ongoing, recruitment ended",DEU
821,342,Spain,"Ongoing, recruitment ended",ESP
822,342,Czechia,"Ongoing, recruitment ended",CZE
823,342,Greece,"Ongoing, recruitment ended",GRC
824,342,Finland,"Ongoing, recruitment ended",FIN
825,342,France,"Ongoing, recruitment ended",FRA
826,342,Netherlands,"Ongoing, recruitment ended",NLD
827,342,Italy,"Ongoing, recruitment ended",ITA
828,343,Poland,"Ongoing, recruiting",POL
829,344,Poland,"Authorised, recruitment pending",POL
830,345,Spain,"Ongoing, recruiting",ESP
831,345,Belgium,"Ongoing, recruiting",BEL
832,345,Germany,"Ongoing, recruiting",DEU
833,345,Romania,"Ongoing, recruiting",ROU
834,346,Czechia,Ended,CZE
835,346,Poland,Ended,POL
836,346,Greece,Ended,GRC
837,346,Bulgaria,Ended,BGR
838,347,Spain,Ended,ESP
839,348,France,"Ongoing, recruiting",FRA
840,349,Czechia,"Ongoing, recruitment ended",CZE
841,349,Slovakia,"Ongoing, recruitment ended",SVK
842,349,Belgium,"Ongoing, recruitment ended",BEL
843,349,Italy,"Ongoing, recruitment ended",ITA
844,349,Finland,"Ongoing, recruitment ended",FIN
845,349,Germany,"Ongoing, recruitment ended",DEU
846,349,Norway,"Ongoing, recruitment ended",NOR
847,349,Bulgaria,"Ongoing, recruitment ended",BGR
848,349,France,"Ongoing, recruitment ended",FRA
849,349,Netherlands,"Ongoing, recruitment ended",NLD
850,349,Hungary,"Ongoing, recruitment ended",HUN
851,349,Spain,"Ongoing, recruitment ended",ESP
852,350,Spain,"Ongoing, recruitment ended",ESP
853,351,France,"Ongoing, recruiting",FRA
854,352,Hungary,"Ongoing, recruiting",HUN
855,352,Portugal,"Ongoing, recruiting",PRT
856,352,Belgium,"Ongoing, recruiting",BEL
857,352,France,"Ongoing, recruiting",FRA
858,352,Italy,"Ongoing, recruiting",ITA
859,352,Spain,"Ongoing, recruiting",ESP
860,352,Ireland,"Ongoing, recruiting",IRL
861,353,Belgium,"Ongoing, recruiting",BEL
862,353,France,"Ongoing, recruiting",FRA
863,354,Germany,"Ongoing, recruiting",DEU
864,354,Sweden,"Ongoing, recruiting",SWE
865,354,France,"Ongoing, recruiting",FRA
866,355,Netherlands,"Ongoing, recruiting",NLD
867,356,Italy,"Ongoing, recruitment ended",ITA
868,357,France,"Authorised, recruitment pending",FRA
869,358,Italy,"Ongoing, recruiting",ITA
870,358,Spain,"Ongoing, recruiting",ESP
871,358,France,"Ongoing, recruiting",FRA
872,358,Denmark,"Ongoing, recruiting",DNK
873,358,Greece,"Ongoing, recruiting",GRC
874,358,Finland,"Authorised, recruiting",FIN
875,358,Portugal,"Ongoing, recruiting",PRT
876,358,Czechia,"Ongoing, recruiting",CZE
877,358,Sweden,"Ongoing, recruiting",SWE
878,358,Austria,"Ongoing, recruiting",AUT
879,358,Belgium,"Ongoing, recruiting",BEL
880,358,Germany,"Ongoing, recruiting",DEU
881,358,Bulgaria,"Ongoing, recruiting",BGR
882,358,Netherlands,"Ongoing, recruiting",NLD
883,358,Poland,"Ongoing, recruiting",POL
884,358,Slovakia,"Ongoing, recruiting",SVK
885,358,Hungary,"Authorised, recruiting",HUN
886,358,Romania,"Ongoing, recruiting",ROU
887,359,Spain,"Ongoing, recruiting",ESP
888,359,Italy,"Ongoing, recruiting",ITA
889,359,France,"Ongoing, recruiting",FRA
890,359,Netherlands,"Ongoing, recruiting",NLD
891,359,Ireland,"Ongoing, recruiting",IRL
892,359,Belgium,"Authorised, recruitment pending",BEL
893,359,Germany,"Authorised, recruitment pending",DEU
894,360,Denmark,"Ongoing, recruiting",DNK
895,360,Spain,"Ongoing, recruiting",ESP
896,361,France,"Authorised, recruitment pending",FRA
897,362,Poland,"Ongoing, recruitment ended",POL
898,362,France,"Ongoing, recruitment ended",FRA
899,362,Czechia,"Ongoing, recruitment ended",CZE
900,362,Italy,"Ongoing, recruitment ended",ITA
901,362,Belgium,"Ongoing, recruitment ended",BEL
902,362,Spain,"Ongoing, recruitment ended",ESP
903,362,Germany,"Ongoing, recruitment ended",DEU
904,362,Hungary,"Ongoing, recruitment ended",HUN
905,363,Bulgaria,"Ongoing, recruitment ended",BGR
906,363,Austria,"Ongoing, recruitment ended",AUT
907,363,Czechia,"Ongoing, recruitment ended",CZE
908,363,Portugal,"Ongoing, recruitment ended",PRT
909,363,Hungary,"Ongoing, recruitment ended",HUN
910,363,Norway,"Ongoing, recruitment ended",NOR
911,363,Denmark,"Ongoing, recruitment ended",DNK
912,363,Sweden,"Ongoing, recruitment ended",SWE
913,363,Belgium,"Ongoing, recruitment ended",BEL
914,363,Finland,"Ongoing, recruitment ended",FIN
915,363,Spain,"Ongoing, recruitment ended",ESP
916,363,France,"Ongoing, recruitment ended",FRA
917,363,Italy,"Ongoing, recruitment ended",ITA
918,363,Slovakia,"Ongoing, recruitment ended",SVK
919,363,Germany,"Ongoing, recruitment ended",DEU
920,364,Germany,"Authorised, recruiting",DEU
921,365,Spain,"Ongoing, recruitment ended",ESP
922,366,Netherlands,Ended,NLD
923,367,France,"Ongoing, recruitment ended",FRA
924,368,France,Ended,FRA
925,369,Spain,"Ongoing, recruiting",ESP
926,369,Netherlands,"Ongoing, recruiting",NLD
927,369,Belgium,"Ongoing, recruiting",BEL
928,369,Poland,"Ongoing, recruiting",POL
929,369,France,"Ongoing, recruiting",FRA
930,369,Czechia,"Ongoing, recruiting",CZE
931,369,Italy,"Ongoing, recruiting",ITA
932,369,Bulgaria,Ended,BGR
933,369,Romania,"Ongoing, recruiting",ROU
934,369,Germany,"Ongoing, recruiting",DEU
935,369,Hungary,"Ongoing, recruiting",HUN
936,370,Germany,"Ongoing, recruiting",DEU
937,370,Poland,"Authorised, recruiting",POL
938,370,Austria,"Ongoing, recruiting",AUT
939,371,Italy,"Ongoing, recruiting",ITA
940,371,Spain,"Ongoing, recruiting",ESP
941,371,France,"Ongoing, recruiting",FRA
942,371,Belgium,"Authorised, recruitment pending",BEL
943,372,France,Ended,FRA
944,373,Spain,"Ongoing, recruiting",ESP
945,374,Denmark,Ended,DNK
946,375,Germany,Ended,DEU
947,375,Norway,Ended,NOR
948,375,France,Ended,FRA
949,375,Finland,Ended,FIN
950,375,Romania,Ended,ROU
951,375,Austria,Ended,AUT
952,375,Spain,Ended,ESP
953,375,Netherlands,Ended,NLD
954,375,Belgium,Ended,BEL
955,375,Italy,Ended,ITA
956,375,Greece,Ended,GRC
957,376,France,"Ongoing, recruitment ended",FRA
958,376,Germany,"Ongoing, recruitment ended",DEU
959,376,Italy,"Ongoing, recruitment ended",ITA
960,376,Netherlands,"Ongoing, recruitment ended",NLD
961,377,Spain,"Ongoing, recruiting",ESP
962,378,France,"Ongoing, recruitment ended",FRA
963,378,Spain,"Ongoing, recruitment ended",ESP
964,379,Austria,Not authorised,AUT
965,380,Hungary,"Ongoing, recruitment ended",HUN
966,381,France,Ended,FRA
967,381,Spain,Ended,ESP
968,381,Italy,Ended,ITA
969,381,Czechia,Ended,CZE
970,381,Austria,Ended,AUT
971,382,France,"Ongoing, recruitment ended",FRA
972,383,Spain,Ended,ESP
973,384,Denmark,"Ongoing, recruiting",DNK
974,385,Spain,"Ongoing, recruiting",ESP
975,385,Ireland,"Ongoing, recruiting",IRL
976,385,Portugal,"Ongoing, recruiting",PRT
977,386,France,"Ongoing, recruiting",FRA
978,387,Italy,"Ongoing, recruiting",ITA
979,387,Czechia,"Ongoing, recruiting",CZE
980,387,Germany,"Authorised, recruiting",DEU
981,387,France,"Ongoing, recruiting",FRA
982,387,Spain,"Ongoing, recruiting",ESP
983,387,Denmark,"Authorised, recruiting",DNK
984,388,Spain,"Ongoing, recruitment ended",ESP
985,389,Netherlands,"Authorised, recruitment pending",NLD
986,389,Germany,"Ongoing, recruiting",DEU
987,389,Norway,"Authorised, recruitment pending",NOR
988,389,Denmark,"Authorised, recruitment pending",DNK
989,389,France,"Ongoing, recruiting",FRA
990,389,Austria,"Ongoing, recruiting",AUT
991,389,Italy,"Authorised, recruitment pending",ITA
992,389,Spain,"Authorised, recruitment pending",ESP
993,389,Belgium,"Authorised, recruitment pending",BEL
994,389,Czechia,"Authorised, recruitment pending",CZE
995,389,Greece,"Authorised, recruitment pending",GRC
996,390,Spain,Ended,ESP
997,391,Finland,Ended,FIN
998,391,Italy,Ended,ITA
999,391,Spain,Ended,ESP
1000,391,France,Ended,FRA
1001,391,Belgium,Ended,BEL
1002,391,Germany,Ended,DEU
1003,391,Estonia,Ended,EST
1004,392,Sweden,"Authorised, recruiting",SWE
1005,392,Norway,"Ongoing, recruiting",NOR
1006,392,Greece,Ended,GRC
1007,392,Finland,"Ongoing, recruiting",FIN
1008,392,Austria,"Authorised, recruiting",AUT
1009,392,Poland,Ended,POL
1010,392,Hungary,Ended,HUN
1011,392,Denmark,"Ongoing, recruiting",DNK
1012,392,Netherlands,"Authorised, recruiting",NLD
1013,392,Czechia,"Ongoing, recruiting",CZE
1014,392,Germany,"Ongoing, recruiting",DEU
1015,392,Spain,"Ongoing, recruiting",ESP
1016,392,Slovakia,"Ongoing, recruiting",SVK
1017,392,France,"Ongoing, recruiting",FRA
1018,392,Belgium,"Ongoing, recruiting",BEL
1019,392,Italy,"Ongoing, recruiting",ITA
1020,393,Poland,Ended,POL
1021,393,Spain,Ended,ESP
1022,393,Czechia,Ended,CZE
1023,393,Greece,Ended,GRC
1024,393,Netherlands,Ended,NLD
1025,393,Germany,Ended,DEU
1026,393,Hungary,Ended,HUN
1027,394,France,"Authorised, recruitment pending",FRA
1028,395,Belgium,"Ongoing, recruiting",BEL
1029,395,Poland,"Ongoing, recruiting",POL
1030,395,Hungary,Ended,HUN
1031,395,Germany,"Ongoing, recruiting",DEU
1032,395,Italy,"Ongoing, recruiting",ITA
1033,395,Romania,"Ongoing, recruiting",ROU
1034,395,Greece,"Ongoing, recruiting",GRC
1035,395,Netherlands,"Ongoing, recruiting",NLD
1036,395,France,"Ongoing, recruiting",FRA
1037,395,Norway,Ended,NOR
1038,395,Spain,"Ongoing, recruiting",ESP
1039,396,Germany,"Ongoing, recruiting",DEU
1040,396,Italy,"Ongoing, recruiting",ITA
1041,397,Denmark,Ended,DNK
1042,397,Italy,Ended,ITA
1043,398,Italy,"Ongoing, recruiting",ITA
1044,398,Germany,"Ongoing, recruiting",DEU
1045,398,Portugal,"Ongoing, recruiting",PRT
1046,398,Czechia,"Ongoing, recruiting",CZE
1047,398,Spain,"Ongoing, recruiting",ESP
1048,398,Poland,"Ongoing, recruiting",POL
1049,398,Austria,"Ongoing, recruiting",AUT
1050,398,France,"Ongoing, recruiting",FRA
1051,398,Hungary,"Ongoing, recruiting",HUN
1052,398,Bulgaria,"Ongoing, recruiting",BGR
1053,399,Italy,Temporarily halted,ITA
1054,399,Spain,Temporarily halted,ESP
1055,399,Germany,"Authorised, recruitment pending",DEU
1056,400,Denmark,Ended,DNK
1057,400,Poland,Ended,POL
1058,400,Bulgaria,Ended,BGR
1059,400,Netherlands,Ended,NLD
1060,400,Slovakia,Ended,SVK
1061,400,Latvia,Ended,LVA
1062,400,Lithuania,Ended,LTU
1063,400,Germany,Ended,DEU
1064,400,Belgium,Ended,BEL
1065,400,Austria,Ended,AUT
1066,400,France,Ended,FRA
1067,400,Estonia,Ended,EST
1068,400,Italy,Ended,ITA
1069,400,Spain,Ended,ESP
1070,401,Italy,"Ongoing, recruiting",ITA
1071,401,Spain,"Ongoing, recruiting",ESP
1072,401,Germany,"Ongoing, recruiting",DEU
1073,401,France,Ended,FRA
1074,401,Poland,"Ongoing, recruiting",POL
1075,402,Italy,"Ongoing, recruiting",ITA
1076,402,Spain,"Ongoing, recruiting",ESP
1077,403,Italy,"Ongoing, recruiting",ITA
1078,404,Norway,"Ongoing, recruiting",NOR
1079,404,Sweden,"Ongoing, recruiting",SWE
1080,404,Austria,"Ongoing, recruiting",AUT
1081,404,Romania,"Ongoing, recruiting",ROU
1082,404,Italy,"Ongoing, recruiting",ITA
1083,405,Italy,"Ongoing, recruitment ended",ITA
1084,405,Romania,"Ongoing, recruitment ended",ROU
1085,405,Denmark,Ended,DNK
1086,405,Czechia,"Ongoing, recruitment ended",CZE
1087,405,Germany,"Ongoing, recruitment ended",DEU
1088,405,Poland,Ended,POL
1089,405,Belgium,"Ongoing, recruitment ended",BEL
1090,405,Sweden,"Ongoing, recruitment ended",SWE
1091,405,Spain,"Ongoing, recruitment ended",ESP
1092,405,Greece,"Ongoing, recruitment ended",GRC
1093,405,Ireland,"Ongoing, recruitment ended",IRL
1094,406,Spain,"Ongoing, recruiting",ESP
1095,406,France,"Ongoing, recruiting",FRA
1096,406,Italy,"Authorised, recruitment pending",ITA
1097,407,Germany,"Ongoing, recruiting",DEU
1098,407,France,"Ongoing, recruiting",FRA
1099,407,Italy,"Ongoing, recruiting",ITA
1100,407,Poland,"Ongoing, recruitment ended",POL
1101,407,Spain,"Ongoing, recruiting",ESP
1102,407,Austria,"Ongoing, recruiting",AUT
1103,408,Italy,"Ongoing, recruiting",ITA
1104,409,Poland,"Ongoing, recruitment ended",POL
1105,409,Belgium,"Ongoing, recruitment ended",BEL
1106,409,Czechia,"Ongoing, recruitment ended",CZE
1107,409,France,"Ongoing, recruitment ended",FRA
1108,409,Austria,"Ongoing, recruitment ended",AUT
1109,409,Germany,"Ongoing, recruitment ended",DEU
1110,409,Italy,"Ongoing, recruitment ended",ITA
1111,409,Greece,"Ongoing, recruitment ended",GRC
1112,409,Spain,"Ongoing, recruitment ended",ESP
1113,409,Portugal,"Ongoing, recruitment ended",PRT
1114,409,Finland,"Ongoing, recruitment ended",FIN
1115,409,Netherlands,"Ongoing, recruitment ended",NLD
1116,410,France,"Ongoing, recruitment ended",FRA
1117,411,Netherlands,"Ongoing, recruiting",NLD
1118,412,France,"Ongoing, recruitment ended",FRA
1119,412,Belgium,"Ongoing, recruitment ended",BEL
1120,412,Poland,"Ongoing, recruitment ended",POL
1121,412,Netherlands,"Ongoing, recruitment ended",NLD
1122,412,Czechia,"Ongoing, recruitment ended",CZE
1123,412,Germany,"Ongoing, recruiting",DEU
1124,412,Spain,"Ongoing, recruitment ended",ESP
1125,412,Italy,"Ongoing, recruitment ended",ITA
1126,412,Austria,"Ongoing, recruitment ended",AUT
1127,413,France,"Ongoing, recruiting",FRA
1128,413,Spain,"Authorised, recruiting",ESP
1129,413,Italy,"Authorised, recruitment pending",ITA
1130,414,Italy,"Ongoing, recruitment ended",ITA
1131,415,Italy,"Ongoing, recruitment ended",ITA
1132,415,Belgium,"Ongoing, recruitment ended",BEL
1133,415,Hungary,"Ongoing, recruitment ended",HUN
1134,415,Germany,"Ongoing, recruitment ended",DEU
1135,415,Spain,"Ongoing, recruitment ended",ESP
1136,415,Greece,"Ongoing, recruitment ended",GRC
1137,415,Poland,"Ongoing, recruitment ended",POL
1138,416,Germany,"Ongoing, recruiting",DEU
1139,416,Italy,"Ongoing, recruitment ended",ITA
1140,416,France,"Ongoing, recruiting",FRA
1141,416,Spain,"Ongoing, recruiting",ESP
1142,416,Netherlands,"Ongoing, recruiting",NLD
1143,416,Denmark,"Authorised, recruiting",DNK
1144,416,Finland,"Ongoing, recruiting",FIN
1145,416,Norway,"Authorised, recruiting",NOR
1146,416,Slovakia,"Authorised, recruitment pending",SVK
1147,417,Spain,"Authorised, recruitment pending",ESP
1148,417,France,"Ongoing, recruiting",FRA
1149,418,Italy,"Ongoing, recruitment ended",ITA
1150,418,Poland,"Ongoing, recruitment ended",POL
1151,418,Greece,"Ongoing, recruitment ended",GRC
1152,419,Germany,Ended,DEU
1153,419,Netherlands,Ended,NLD
1154,419,Spain,Ended,ESP
1155,419,Belgium,Ended,BEL
1156,419,France,Ended,FRA
1157,419,Italy,Ended,ITA
1158,420,Belgium,Ended,BEL
1159,420,Poland,Ended,POL
1160,420,Italy,"Ongoing, recruitment ended",ITA
1161,420,Spain,"Ongoing, recruitment ended",ESP
1162,421,Spain,"Authorised, recruiting",ESP
1163,421,Bulgaria,"Authorised, recruitment pending",BGR
1164,421,Czechia,"Ongoing, recruiting",CZE
1165,422,Netherlands,"Ongoing, recruiting",NLD
1166,423,Poland,"Authorised, recruitment pending",POL
1167,423,Denmark,"Authorised, recruitment pending",DNK
1168,423,Spain,"Authorised, recruitment pending",ESP
1169,424,Austria,Ended,AUT
1170,424,Portugal,"Ongoing, recruitment ended",PRT
1171,424,Poland,"Ongoing, recruitment ended",POL
1172,424,France,"Ongoing, recruitment ended",FRA
1173,424,Sweden,Ended,SWE
1174,424,Bulgaria,"Ongoing, recruitment ended",BGR
1175,424,Belgium,Ended,BEL
1176,424,Spain,"Ongoing, recruitment ended",ESP
1177,424,Italy,"Ongoing, recruitment ended",ITA
1178,424,Greece,"Ongoing, recruitment ended",GRC
1179,424,Germany,"Ongoing, recruitment ended",DEU
1180,424,Romania,"Ongoing, recruitment ended",ROU
1181,425,Netherlands,"Ongoing, recruiting",NLD
1182,425,Spain,"Ongoing, recruiting",ESP
1183,426,France,"Ongoing, recruitment ended",FRA
1184,427,Germany,"Ongoing, recruiting",DEU
1185,427,Spain,"Ongoing, recruiting",ESP
1186,427,France,"Ongoing, recruiting",FRA
1187,427,Poland,"Ongoing, recruiting",POL
1188,427,Italy,"Authorised, recruitment pending",ITA
1189,427,Belgium,"Ongoing, recruiting",BEL
1190,427,Netherlands,"Ongoing, recruiting",NLD
1191,427,Ireland,"Authorised, recruitment pending",IRL
1192,427,Sweden,"Authorised, recruiting",SWE
1193,428,Ireland,"Ongoing, recruitment ended",IRL
1194,428,Denmark,"Ongoing, recruitment ended",DNK
1195,429,Belgium,"Authorised, recruitment pending",BEL
1196,430,Netherlands,"Ongoing, recruitment ended",NLD
1197,431,Spain,"Ongoing, recruiting",ESP
1198,431,France,"Authorised, recruitment pending",FRA
1199,431,Greece,"Authorised, recruitment pending",GRC
1200,431,Romania,"Authorised, recruitment pending",ROU
1201,431,Poland,"Authorised, recruitment pending",POL
1202,432,Norway,"Ongoing, recruiting",NOR
1203,432,Czechia,"Ongoing, recruiting",CZE
1204,432,Portugal,"Ongoing, recruiting",PRT
1205,432,Greece,"Ongoing, recruiting",GRC
1206,432,Spain,"Ongoing, recruiting",ESP
1207,432,Germany,"Ongoing, recruiting",DEU
1208,432,France,"Ongoing, recruiting",FRA
1209,432,Belgium,"Ongoing, recruiting",BEL
1210,432,Hungary,"Ongoing, recruiting",HUN
1211,432,Poland,"Ongoing, recruiting",POL
1212,432,Sweden,"Ongoing, recruiting",SWE
1213,432,Italy,"Ongoing, recruiting",ITA
1214,432,Romania,"Ongoing, recruiting",ROU
1215,433,Hungary,Ended,HUN
1216,433,Italy,Ended,ITA
1217,433,Spain,Ended,ESP
1218,433,Poland,Ended,POL
1219,434,Austria,"Ongoing, recruiting",AUT
1220,434,Netherlands,"Ongoing, recruiting",NLD
1221,434,Portugal,"Ongoing, recruiting",PRT
1222,434,Spain,"Ongoing, recruiting",ESP
1223,434,Belgium,"Ongoing, recruiting",BEL
1224,434,Greece,"Ongoing, recruiting",GRC
1225,434,France,"Ongoing, recruiting",FRA
1226,434,Italy,"Ongoing, recruiting",ITA
1227,434,Germany,"Ongoing, recruiting",DEU
1228,435,Netherlands,"Ongoing, recruiting",NLD
1229,436,Italy,"Ongoing, recruitment ended",ITA
1230,437,Sweden,"Authorised, recruitment pending",SWE
1231,438,Czechia,"Authorised, recruitment pending",CZE
1232,438,Germany,"Authorised, recruitment pending",DEU
1233,438,Italy,"Authorised, recruitment pending",ITA
1234,438,Belgium,"Authorised, recruitment pending",BEL
1235,438,Spain,"Authorised, recruitment pending",ESP
1236,438,Poland,"Authorised, recruitment pending",POL
1237,438,Austria,"Authorised, recruitment pending",AUT
1238,438,France,"Authorised, recruitment pending",FRA
1239,439,France,"Ongoing, recruitment ended",FRA
1240,439,Netherlands,Ended,NLD
1241,439,Germany,"Ongoing, recruitment ended",DEU
1242,439,Greece,"Ongoing, recruitment ended",GRC
1243,439,Austria,"Ongoing, recruitment ended",AUT
1244,439,Belgium,"Ongoing, recruitment ended",BEL
1245,439,Spain,"Ongoing, recruitment ended",ESP
1246,439,Italy,"Ongoing, recruitment ended",ITA
1247,440,Netherlands,"Authorised, recruiting",NLD
1248,441,Hungary,Ended,HUN
1249,441,Spain,"Ongoing, recruitment ended",ESP
1250,441,Austria,Ended,AUT
1251,441,Germany,Ended,DEU
1252,441,France,"Ongoing, recruitment ended",FRA
1253,441,Czechia,"Ongoing, recruitment ended",CZE
1254,441,Slovakia,"Ongoing, recruitment ended",SVK
1255,441,Norway,Ended,NOR
1256,441,Belgium,"Ongoing, recruitment ended",BEL
1257,441,Bulgaria,"Ongoing, recruitment ended",BGR
1258,441,Finland,Ended,FIN
1259,441,Poland,"Ongoing, recruitment ended",POL
1260,441,Italy,"Ongoing, recruitment ended",ITA
1261,441,Sweden,Ended,SWE
1262,441,Greece,"Ongoing, recruitment ended",GRC
1263,442,France,"Ongoing, recruiting",FRA
1264,443,Germany,"Ongoing, recruiting",DEU
1265,443,Italy,"Ongoing, recruiting",ITA
1266,443,France,"Ongoing, recruiting",FRA
1267,443,Poland,"Ongoing, recruiting",POL
1268,443,Spain,"Ongoing, recruiting",ESP
1269,444,Netherlands,"Ongoing, recruiting",NLD
1270,444,Belgium,"Ongoing, recruiting",BEL
1271,444,Denmark,"Ongoing, recruiting",DNK
1272,444,Estonia,"Ongoing, recruiting",EST
1273,444,Iceland,"Ongoing, recruiting",ISL
1274,444,Latvia,"Ongoing, recruiting",LVA
1275,444,Lithuania,"Ongoing, recruiting",LTU
1276,444,Portugal,"Ongoing, recruiting",PRT
1277,444,Spain,"Ongoing, recruiting",ESP
1278,444,Sweden,"Ongoing, recruiting",SWE
1279,444,Norway,"Ongoing, recruiting",NOR
1280,444,Finland,"Ongoing, recruiting",FIN
1281,445,Spain,"Authorised, recruitment pending",ESP
1282,446,Czechia,"Authorised, recruitment pending",CZE
1283,446,Bulgaria,"Authorised, recruitment pending",BGR
1284,446,Hungary,"Authorised, recruitment pending",HUN
1285,446,Netherlands,"Authorised, recruitment pending",NLD
1286,446,Poland,"Authorised, recruitment pending",POL
1287,446,Spain,"Authorised, recruitment pending",ESP
1288,447,Denmark,"Ongoing, recruitment ended",DNK
1289,447,Spain,"Ongoing, recruitment ended",ESP
1290,447,Germany,"Ongoing, recruitment ended",DEU
1291,447,France,"Ongoing, recruitment ended",FRA
1292,447,Italy,"Ongoing, recruitment ended",ITA
1293,447,Poland,"Ongoing, recruitment ended",POL
1294,448,Belgium,Ended,BEL
1295,448,Poland,Ended,POL
1296,448,Italy,Ended,ITA
1297,449,Netherlands,"Ongoing, recruiting",NLD
1298,449,France,"Ongoing, recruiting",FRA
1299,450,Spain,"Ongoing, recruiting",ESP
1300,450,Austria,"Authorised, recruitment pending",AUT
1301,450,Belgium,"Ongoing, recruiting",BEL
1302,450,Czechia,"Ongoing, recruiting",CZE
1303,450,Denmark,"Ongoing, recruiting",DNK
1304,450,Finland,"Ongoing, recruiting",FIN
1305,450,France,"Ongoing, recruiting",FRA
1306,450,Greece,"Authorised, recruiting",GRC
1307,450,Hungary,"Authorised, recruiting",HUN
1308,450,Ireland,"Authorised, recruiting",IRL
1309,450,Italy,"Ongoing, recruiting",ITA
1310,450,Poland,"Ongoing, recruiting",POL
1311,450,Portugal,"Authorised, recruiting",PRT
1312,450,Romania,"Ongoing, recruiting",ROU
1313,451,Romania,"Ongoing, recruiting",ROU
1314,451,Ireland,"Ongoing, recruiting",IRL
1315,451,Germany,"Ongoing, recruiting",DEU
1316,451,Spain,"Ongoing, recruiting",ESP
1317,451,Belgium,"Ongoing, recruiting",BEL
1318,451,Austria,Ended,AUT
1319,451,Hungary,"Ongoing, recruiting",HUN
1320,451,Czechia,"Ongoing, recruiting",CZE
1321,451,France,"Ongoing, recruiting",FRA
1322,452,Italy,"Authorised, recruitment pending",ITA
1323,452,Belgium,"Ongoing, recruiting",BEL
1324,452,France,"Ongoing, recruiting",FRA
1325,452,Spain,"Authorised, recruitment pending",ESP
1326,452,Denmark,Ended,DNK
1327,452,Poland,"Authorised, recruiting",POL
1328,452,Czechia,"Ongoing, recruiting",CZE
1329,452,Bulgaria,"Authorised, recruitment pending",BGR
1330,453,Denmark,"Ongoing, recruiting",DNK
1331,453,Spain,"Ongoing, recruiting",ESP
1332,453,Germany,"Ongoing, recruiting",DEU
1333,453,France,"Ongoing, recruiting",FRA
1334,453,Italy,"Ongoing, recruiting",ITA
1335,453,Greece,"Ongoing, recruiting",GRC
1336,453,Poland,"Ongoing, recruiting",POL
1337,453,Belgium,"Ongoing, recruiting",BEL
1338,453,Netherlands,"Authorised, recruitment pending",NLD
1339,454,Slovakia,"Ongoing, recruitment ended",SVK
1340,454,France,"Ongoing, recruitment ended",FRA
1341,454,Bulgaria,"Ongoing, recruitment ended",BGR
1342,454,Poland,"Ongoing, recruitment ended",POL
1343,454,Italy,"Ongoing, recruitment ended",ITA
1344,454,Norway,Ended,NOR
1345,454,Germany,"Ongoing, recruitment ended",DEU
1346,454,Hungary,"Ongoing, recruitment ended",HUN
1347,454,Belgium,"Ongoing, recruitment ended",BEL
1348,454,Spain,"Ongoing, recruitment ended",ESP
1349,454,Austria,"Ongoing, recruitment ended",AUT
1350,454,Portugal,"Ongoing, recruitment ended",PRT
1351,455,Italy,"Ongoing, recruitment ended",ITA
1352,456,Finland,"Authorised, recruitment pending",FIN
1353,456,Denmark,"Authorised, recruitment pending",DNK
1354,456,Spain,"Authorised, recruitment pending",ESP
1355,456,France,"Authorised, recruitment pending",FRA
1356,457,Netherlands,"Ongoing, recruitment ended",NLD
1357,457,Denmark,"Ongoing, recruitment ended",DNK
1358,458,Czechia,"Authorised, recruiting",CZE
1359,458,Germany,"Authorised, recruitment pending",DEU
1360,458,France,"Authorised, recruitment pending",FRA
1361,458,Norway,"Authorised, recruiting",NOR
1362,459,France,Ended,FRA
1363,460,Sweden,"Ongoing, recruiting",SWE
1364,460,Norway,"Ongoing, recruiting",NOR
1365,460,Finland,"Ongoing, recruiting",FIN
1366,460,Denmark,"Ongoing, recruiting",DNK
1367,461,Italy,"Ongoing, recruitment ended",ITA
1368,462,France,"Ongoing, recruitment ended",FRA
1369,463,Belgium,"Ongoing, recruiting",BEL
1370,463,France,"Ongoing, recruiting",FRA
1371,463,Spain,"Ongoing, recruiting",ESP
1372,463,Germany,"Ongoing, recruiting",DEU
1373,463,Hungary,"Ongoing, recruiting",HUN
1374,463,Italy,"Ongoing, recruiting",ITA
1375,463,Netherlands,"Ongoing, recruiting",NLD
1376,463,Norway,"Ongoing, recruiting",NOR
1377,464,Czechia,Ended,CZE
1378,464,Belgium,Ended,BEL
1379,464,Spain,"Ongoing, recruitment ended",ESP
1380,464,Germany,Ended,DEU
1381,464,Italy,Ended,ITA
1382,464,Austria,Ended,AUT
1383,464,Poland,Ended,POL
1384,464,Netherlands,Ended,NLD
1385,464,Hungary,"Authorised, recruitment pending",HUN
1386,464,Romania,"Ongoing, recruitment ended",ROU
1387,465,Italy,"Ongoing, recruiting",ITA
1388,465,Belgium,"Ongoing, recruiting",BEL
1389,465,Germany,"Ongoing, recruiting",DEU
1390,465,Spain,"Ongoing, recruiting",ESP
1391,465,France,"Ongoing, recruiting",FRA
1392,465,Netherlands,"Ongoing, recruiting",NLD
1393,466,Poland,"Ongoing, recruitment ended",POL
1394,466,Czechia,"Ongoing, recruitment ended",CZE
1395,466,Romania,"Ongoing, recruitment ended",ROU
1396,466,Austria,"Ongoing, recruitment ended",AUT
1397,466,Belgium,"Ongoing, recruitment ended",BEL
1398,466,France,"Ongoing, recruitment ended",FRA
1399,466,Italy,"Ongoing, recruitment ended",ITA
1400,466,Bulgaria,"Ongoing, recruitment ended",BGR
1401,466,Hungary,"Ongoing, recruitment ended",HUN
1402,466,Germany,"Ongoing, recruitment ended",DEU
1403,466,Greece,"Ongoing, recruitment ended",GRC
1404,466,Spain,"Ongoing, recruitment ended",ESP
1405,467,Ireland,"Ongoing, recruiting",IRL
1406,467,Greece,"Ongoing, recruiting",GRC
1407,467,Hungary,"Ongoing, recruiting",HUN
1408,467,Netherlands,"Ongoing, recruiting",NLD
1409,467,France,"Ongoing, recruiting",FRA
1410,467,Denmark,"Ongoing, recruiting",DNK
1411,467,Germany,"Ongoing, recruiting",DEU
1412,467,Poland,"Ongoing, recruiting",POL
1413,467,Italy,"Ongoing, recruiting",ITA
1414,467,Portugal,"Ongoing, recruiting",PRT
1415,467,Spain,"Ongoing, recruiting",ESP
1416,467,Belgium,"Ongoing, recruiting",BEL
1417,468,Italy,"Authorised, recruiting",ITA
1418,469,Sweden,"Ongoing, recruiting",SWE
1419,470,Netherlands,"Ongoing, recruiting",NLD
1420,471,Estonia,"Ongoing, recruitment ended",EST
1421,471,Norway,"Ongoing, recruitment ended",NOR
1422,471,Finland,"Ongoing, recruitment ended",FIN
1423,471,Lithuania,"Ongoing, recruitment ended",LTU
1424,472,Finland,"Ongoing, recruitment ended",FIN
1425,472,Norway,"Ongoing, recruitment ended",NOR
1426,472,Denmark,"Ongoing, recruitment ended",DNK
1427,472,Sweden,"Ongoing, recruitment ended",SWE
1428,473,France,"Ongoing, recruiting",FRA
1429,473,Greece,"Ongoing, recruiting",GRC
1430,473,Portugal,"Ongoing, recruiting",PRT
1431,473,Poland,"Ongoing, recruiting",POL
1432,473,Belgium,"Ongoing, recruiting",BEL
1433,473,Denmark,"Ongoing, recruiting",DNK
1434,473,Hungary,"Authorised, recruitment pending",HUN
1435,473,Italy,"Ongoing, recruiting",ITA
1436,473,Czechia,"Ongoing, recruiting",CZE
1437,473,Spain,"Ongoing, recruiting",ESP
1438,473,Austria,"Ongoing, recruiting",AUT
1439,473,Germany,"Ongoing, recruiting",DEU
1440,474,Hungary,Ended,HUN
1441,474,Lithuania,Ended,LTU
1442,474,Italy,Ended,ITA
1443,474,Portugal,Ended,PRT
1444,474,Romania,"Ongoing, recruitment ended",ROU
1445,474,Spain,"Ongoing, recruitment ended",ESP
1446,474,Poland,Ended,POL
1447,474,France,Ended,FRA
1448,474,Greece,Ended,GRC
1449,475,Germany,Ended,DEU
1450,475,Austria,Ended,AUT
1451,475,Belgium,Ended,BEL
1452,475,Italy,Ended,ITA
1453,475,Poland,Ended,POL
1454,475,Spain,Ended,ESP
1455,475,Romania,Ended,ROU
1456,475,Slovakia,Ended,SVK
1457,475,France,Ended,FRA
1458,475,Ireland,Ended,IRL
1459,475,Hungary,Ended,HUN
1460,475,Greece,Ended,GRC
1461,476,Italy,Ended,ITA
1462,476,France,Ended,FRA
1463,476,Sweden,Ended,SWE
1464,476,Belgium,Ended,BEL
1465,476,Greece,Ended,GRC
1466,476,Ireland,Ended,IRL
1467,476,Germany,Ended,DEU
1468,476,Spain,Ended,ESP
1469,477,Germany,Ended,DEU
1470,477,Italy,Ended,ITA
1471,477,Hungary,Ended,HUN
1472,477,Spain,Ended,ESP
1473,477,Belgium,Ended,BEL
1474,477,Poland,Ended,POL
1475,477,France,Ended,FRA
1476,478,Spain,"Ongoing, recruitment ended",ESP
1477,478,France,"Ongoing, recruitment ended",FRA
1478,478,Netherlands,"Ongoing, recruitment ended",NLD
1479,478,Poland,"Ongoing, recruitment ended",POL
1480,479,Netherlands,Ended,NLD
1481,480,Italy,"Ongoing, recruitment ended",ITA
1482,481,Netherlands,Ended,NLD
1483,482,Italy,"Ongoing, recruiting",ITA
1484,482,France,"Ongoing, recruiting",FRA
1485,482,Germany,"Ongoing, recruiting",DEU
1486,482,Spain,"Ongoing, recruiting",ESP
1487,483,Spain,"Ongoing, recruitment ended",ESP
1488,483,France,"Ongoing, recruitment ended",FRA
1489,483,Italy,"Ongoing, recruitment ended",ITA
1490,484,Portugal,Ended,PRT
1491,484,Belgium,"Ongoing, recruitment ended",BEL
1492,484,France,Ended,FRA
1493,484,Spain,Ended,ESP
1494,485,Spain,Ended,ESP
1495,485,Germany,Ended,DEU
1496,486,Spain,"Authorised, recruitment pending",ESP
1497,486,France,"Authorised, recruitment pending",FRA
1498,487,Hungary,Ended,HUN
1499,487,Poland,"Ongoing, recruitment ended",POL
1500,487,Belgium,Ended,BEL
1501,487,Italy,Ended,ITA
1502,487,Denmark,Ended,DNK
1503,487,Portugal,"Ongoing, recruitment ended",PRT
1504,487,Germany,Ended,DEU
1505,487,Greece,Ended,GRC
1506,487,France,"Ongoing, recruitment ended",FRA
1507,487,Spain,"Ongoing, recruitment ended",ESP
1508,488,Italy,"Ongoing, recruiting",ITA
1509,488,Spain,"Ongoing, recruiting",ESP
1510,488,Germany,"Ongoing, recruiting",DEU
1511,488,France,"Ongoing, recruiting",FRA
1512,489,Germany,"Ongoing, recruitment ended",DEU
1513,489,France,"Ongoing, recruitment ended",FRA
1514,489,Belgium,"Ongoing, recruitment ended",BEL
1515,489,Poland,"Ongoing, recruitment ended",POL
1516,489,Ireland,"Ongoing, recruitment ended",IRL
1517,489,Spain,"Ongoing, recruitment ended",ESP
1518,490,Italy,"Ongoing, recruiting",ITA
1519,491,Norway,"Ongoing, recruiting",NOR
1520,492,Poland,"Authorised, recruitment pending",POL
1521,492,France,"Authorised, recruitment pending",FRA
1522,492,Denmark,"Authorised, recruitment pending",DNK
1523,492,Norway,"Authorised, recruitment pending",NOR
1524,492,Spain,"Authorised, recruitment pending",ESP
1525,492,Germany,"Authorised, recruitment pending",DEU
1526,492,Belgium,"Authorised, recruitment pending",BEL
1527,492,Netherlands,"Authorised, recruitment pending",NLD
1528,492,Austria,"Authorised, recruitment pending",AUT
1529,492,Italy,"Authorised, recruitment pending",ITA
1530,493,Germany,Ended,DEU
1531,493,Ireland,"Ongoing, recruitment ended",IRL
1532,493,Belgium,"Ongoing, recruitment ended",BEL
1533,493,Spain,"Ongoing, recruitment ended",ESP
1534,493,Italy,"Ongoing, recruitment ended",ITA
1535,493,France,"Ongoing, recruitment ended",FRA
1536,493,Netherlands,"Ongoing, recruitment ended",NLD
1537,494,Belgium,"Ongoing, recruiting",BEL
1538,494,Netherlands,"Ongoing, recruiting",NLD
1539,494,Denmark,"Ongoing, recruiting",DNK
1540,495,France,Ended,FRA
1541,495,Romania,Ended,ROU
1542,495,Spain,Ended,ESP
1543,496,Spain,"Ongoing, recruiting",ESP
1544,497,Denmark,"Ongoing, recruiting",DNK
1545,497,France,"Ongoing, recruiting",FRA
1546,497,Spain,"Ongoing, recruiting",ESP
1547,497,Germany,"Ongoing, recruiting",DEU
1548,497,Czechia,"Ongoing, recruiting",CZE
1549,498,Czechia,"Ongoing, recruiting",CZE
1550,498,Italy,"Ongoing, recruiting",ITA
1551,498,Poland,"Ongoing, recruiting",POL
1552,498,Germany,"Ongoing, recruiting",DEU
1553,498,Netherlands,"Ongoing, recruiting",NLD
1554,499,Spain,"Ongoing, recruiting",ESP
1555,500,Netherlands,Temporarily halted,NLD
1556,500,Belgium,Temporarily halted,BEL
1557,500,Spain,"Authorised, recruitment pending",ESP
1558,501,Netherlands,Ended,NLD
1559,501,Belgium,Ended,BEL
1560,501,Finland,Ended,FIN
1561,502,Netherlands,"Ongoing, recruiting",NLD
1562,503,Spain,"Ongoing, recruiting",ESP
1563,503,France,"Ongoing, recruiting",FRA
1564,503,Portugal,"Ongoing, recruiting",PRT
1565,504,Denmark,"Ongoing, recruiting",DNK
1566,504,France,Not authorised,FRA
1567,504,Spain,"Authorised, recruitment pending",ESP
1568,504,Netherlands,Ended,NLD
1569,505,Italy,"Ongoing, recruiting",ITA
1570,506,Spain,"Ongoing, recruiting",ESP
1571,507,Portugal,"Ongoing, recruitment ended",PRT
1572,507,Belgium,"Ongoing, recruitment ended",BEL
1573,507,Czechia,"Ongoing, recruitment ended",CZE
1574,507,Austria,"Ongoing, recruitment ended",AUT
1575,507,Denmark,"Ongoing, recruitment ended",DNK
1576,507,Spain,"Ongoing, recruitment ended",ESP
1577,507,France,"Ongoing, recruitment ended",FRA
1578,507,Germany,"Ongoing, recruitment ended",DEU
1579,507,Netherlands,"Ongoing, recruitment ended",NLD
1580,507,Poland,"Ongoing, recruitment ended",POL
1581,507,Italy,"Ongoing, recruitment ended",ITA
1582,508,Germany,"Ongoing, recruiting",DEU
1583,509,Ireland,"Ongoing, recruitment ended",IRL
1584,510,Poland,Ended,POL
1585,510,Hungary,Ended,HUN
1586,510,Germany,Ended,DEU
1587,510,France,"Ongoing, recruitment ended",FRA
1588,510,Czechia,Ended,CZE
1589,510,Spain,"Ongoing, recruitment ended",ESP
1590,510,Italy,"Ongoing, recruitment ended",ITA
1591,510,Belgium,"Ongoing, recruitment ended",BEL
1592,511,Sweden,"Authorised, recruitment pending",SWE
1593,512,Poland,Ended,POL
1594,512,Spain,"Ongoing, recruitment ended",ESP
1595,512,Germany,"Ongoing, recruitment ended",DEU
1596,512,Hungary,Ended,HUN
1597,512,Belgium,"Ongoing, recruitment ended",BEL
1598,512,Italy,"Ongoing, recruitment ended",ITA
1599,512,France,"Ongoing, recruitment ended",FRA
1600,513,Germany,"Authorised, recruitment pending",DEU
1601,513,Denmark,"Authorised, recruitment pending",DNK
1602,513,Finland,"Authorised, recruitment pending",FIN
1603,513,Norway,"Authorised, recruitment pending",NOR
1604,513,Austria,"Authorised, recruitment pending",AUT
1605,513,Italy,"Ongoing, recruiting",ITA
1606,513,Poland,"Authorised, recruitment pending",POL
1607,513,France,"Authorised, recruitment pending",FRA
1608,513,Czechia,"Authorised, recruitment pending",CZE
1609,514,Spain,"Ongoing, recruiting",ESP
1610,515,Germany,"Ongoing, recruitment ended",DEU
1611,515,Poland,"Ongoing, recruitment ended",POL
1612,515,France,"Ongoing, recruitment ended",FRA
1613,515,Italy,"Ongoing, recruitment ended",ITA
1614,515,Spain,"Ongoing, recruitment ended",ESP
1615,516,Belgium,"Ongoing, recruitment ended",BEL
1616,516,Italy,"Ongoing, recruitment ended",ITA
1617,516,Czechia,"Ongoing, recruitment ended",CZE
1618,516,Denmark,"Ongoing, recruitment ended",DNK
1619,516,France,"Ongoing, recruitment ended",FRA
1620,516,Poland,"Ongoing, recruitment ended",POL
1621,516,Finland,"Ongoing, recruitment ended",FIN
1622,516,Spain,"Ongoing, recruitment ended",ESP
1623,517,Italy,"Ongoing, recruiting",ITA
1624,518,Italy,"Ongoing, recruiting",ITA
1625,518,Spain,"Ongoing, recruiting",ESP
1626,518,Germany,"Ongoing, recruiting",DEU
1627,518,France,"Ongoing, recruiting",FRA
1628,519,Germany,"Ongoing, recruitment ended",DEU
1629,520,Spain,"Authorised, recruitment pending",ESP
1630,520,Italy,"Authorised, recruitment pending",ITA
1631,520,France,"Authorised, recruitment pending",FRA
1632,521,Romania,"Ongoing, recruitment ended",ROU
1633,521,Bulgaria,"Ongoing, recruitment ended",BGR
1634,522,Italy,"Authorised, recruitment pending",ITA
1635,523,France,"Ongoing, recruitment ended",FRA
1636,524,France,"Ongoing, recruiting",FRA
1637,524,Spain,"Ongoing, recruiting",ESP
1638,524,Ireland,"Ongoing, recruiting",IRL
1639,524,Belgium,"Ongoing, recruiting",BEL
1640,524,Italy,"Ongoing, recruiting",ITA
1641,524,Romania,"Ongoing, recruiting",ROU
1642,524,Sweden,"Authorised, recruiting",SWE
1643,524,Netherlands,"Ongoing, recruiting",NLD
1644,524,Slovakia,"Authorised, recruiting",SVK
1645,524,Germany,Ended,DEU
1646,525,Netherlands,"Ongoing, recruiting",NLD
1647,525,Belgium,"Ongoing, recruiting",BEL
1648,525,Germany,"Ongoing, recruiting",DEU
1649,525,Italy,"Ongoing, recruiting",ITA
1650,525,Spain,"Ongoing, recruiting",ESP
1651,525,France,"Ongoing, recruiting",FRA
1652,526,France,"Ongoing, recruitment ended",FRA
1653,527,Spain,"Ongoing, recruiting",ESP
1654,527,Italy,"Authorised, recruiting",ITA
1655,527,Bulgaria,"Ongoing, recruiting",BGR
1656,527,Romania,"Ongoing, recruiting",ROU
1657,527,France,"Ongoing, recruiting",FRA
1658,528,Spain,"Ongoing, recruiting",ESP
1659,528,France,"Ongoing, recruiting",FRA
1660,529,Czechia,Ended,CZE
1661,529,Spain,Ended,ESP
1662,529,Poland,Ended,POL
1663,530,Netherlands,"Authorised, recruitment pending",NLD
1664,531,Denmark,"Ongoing, recruiting",DNK
1665,531,Spain,"Ongoing, recruiting",ESP
1666,531,Germany,"Ongoing, recruiting",DEU
1667,531,Netherlands,"Ongoing, recruiting",NLD
1668,531,Italy,"Authorised, recruiting",ITA
1669,532,Belgium,Ended,BEL
1670,533,France,Ended,FRA
1671,534,France,"Ongoing, recruitment ended",FRA
1672,534,Poland,"Ongoing, recruitment ended",POL
1673,534,Italy,"Ongoing, recruitment ended",ITA
1674,534,Netherlands,"Ongoing, recruitment ended",NLD
1675,534,Romania,"Ongoing, recruitment ended",ROU
1676,534,Czechia,"Ongoing, recruitment ended",CZE
1677,534,Germany,"Ongoing, recruitment ended",DEU
1678,534,Spain,"Ongoing, recruitment ended",ESP
1679,535,France,"Ongoing, recruiting",FRA
1680,536,Spain,"Ongoing, recruiting",ESP
1681,537,France,"Ongoing, recruiting",FRA
1682,538,Germany,Ended,DEU
1683,539,Netherlands,"Ongoing, recruiting",NLD
1684,539,Belgium,"Authorised, recruiting",BEL
1685,539,Czechia,"Authorised, recruiting",CZE
1686,539,Spain,"Authorised, recruitment pending",ESP
1687,540,Spain,"Ongoing, recruitment ended",ESP
1688,540,France,"Ongoing, recruitment ended",FRA
1689,540,Netherlands,"Ongoing, recruitment ended",NLD
1690,541,Italy,"Authorised, recruitment pending",ITA
1691,542,Czechia,"Ongoing, recruitment ended",CZE
1692,542,Ireland,"Ongoing, recruitment ended",IRL
1693,542,Hungary,"Ongoing, recruitment ended",HUN
1694,542,Finland,"Ongoing, recruitment ended",FIN
1695,542,Denmark,"Ongoing, recruitment ended",DNK
1696,542,Norway,Ended,NOR
1697,542,Romania,"Ongoing, recruitment ended",ROU
1698,542,Croatia,Ended,HRV
1699,542,Poland,"Ongoing, recruitment ended",POL
1700,542,Bulgaria,"Ongoing, recruitment ended",BGR
1701,543,Poland,Ended,POL
1702,543,France,Ended,FRA
1703,543,Netherlands,Ended,NLD
1704,543,Sweden,Ended,SWE
1705,543,Italy,Ended,ITA
1706,543,Spain,Ended,ESP
1707,543,Denmark,Ended,DNK
1708,543,Ireland,Ended,IRL
1709,543,Belgium,Ended,BEL
1710,543,Germany,Ended,DEU
1711,543,Austria,Ended,AUT
1712,544,Germany,"Authorised, recruitment pending",DEU
1713,544,France,"Authorised, recruitment pending",FRA
1714,544,Italy,"Ongoing, recruiting",ITA
1715,544,Spain,"Authorised, recruiting",ESP
1716,545,Spain,Ended,ESP
1717,545,France,Ended,FRA
1718,545,Belgium,Ended,BEL
1719,545,Hungary,Ended,HUN
1720,545,Romania,Ended,ROU
1721,545,Portugal,Ended,PRT
1722,545,Austria,Ended,AUT
1723,545,Greece,Ended,GRC
1724,546,Belgium,"Authorised, recruitment pending",BEL
1725,546,Spain,"Ongoing, recruiting",ESP
1726,546,Italy,"Authorised, recruiting",ITA
1727,546,Czechia,"Authorised, recruiting",CZE
1728,546,Hungary,"Authorised, recruitment pending",HUN
1729,546,Poland,"Authorised, recruiting",POL
1730,546,France,"Ongoing, recruiting",FRA
1731,546,Portugal,"Authorised, recruiting",PRT
1732,546,Germany,"Authorised, recruiting",DEU
1733,546,Greece,"Authorised, recruiting",GRC
1734,547,Czechia,"Ongoing, recruitment ended",CZE
1735,547,Germany,"Ongoing, recruitment ended",DEU
1736,547,Netherlands,"Ongoing, recruitment ended",NLD
1737,547,France,"Ongoing, recruitment ended",FRA
1738,547,Slovakia,"Ongoing, recruitment ended",SVK
1739,547,Spain,"Ongoing, recruitment ended",ESP
1740,547,Poland,"Ongoing, recruitment ended",POL
1741,547,Italy,"Ongoing, recruitment ended",ITA
1742,547,Hungary,"Ongoing, recruitment ended",HUN
1743,547,Sweden,"Ongoing, recruitment ended",SWE
1744,547,Greece,"Ongoing, recruitment ended",GRC
1745,548,Spain,Ended,ESP
1746,548,Italy,"Ongoing, recruitment ended",ITA
1747,548,Belgium,Ended,BEL
1748,548,Germany,Ended,DEU
1749,548,France,Ended,FRA
1750,549,Hungary,"Ongoing, recruitment ended",HUN
1751,549,Finland,"Ongoing, recruitment ended",FIN
1752,549,Sweden,"Ongoing, recruitment ended",SWE
1753,549,Netherlands,"Ongoing, recruitment ended",NLD
1754,549,Ireland,"Ongoing, recruitment ended",IRL
1755,549,Spain,"Ongoing, recruitment ended",ESP
1756,549,France,"Ongoing, recruitment ended",FRA
1757,549,Romania,"Ongoing, recruitment ended",ROU
1758,549,Bulgaria,"Ongoing, recruitment ended",BGR
1759,549,Germany,"Ongoing, recruitment ended",DEU
1760,549,Czechia,"Ongoing, recruitment ended",CZE
1761,549,Italy,"Ongoing, recruitment ended",ITA
1762,549,Greece,"Ongoing, recruitment ended",GRC
1763,549,Poland,"Ongoing, recruitment ended",POL
1764,550,Germany,"Ongoing, recruiting",DEU
1765,550,Greece,"Authorised, recruiting",GRC
1766,550,France,"Ongoing, recruiting",FRA
1767,550,Poland,"Ongoing, recruiting",POL
1768,550,Spain,"Ongoing, recruiting",ESP
1769,551,Poland,"Authorised, recruiting",POL
1770,551,Denmark,"Authorised, recruiting",DNK
1771,551,Finland,"Authorised, recruiting",FIN
1772,551,Lithuania,"Authorised, recruiting",LTU
1773,551,France,"Authorised, recruiting",FRA
1774,551,Germany,"Authorised, recruiting",DEU
1775,551,Spain,"Authorised, recruiting",ESP
1776,551,Belgium,"Authorised, recruiting",BEL
1777,551,Greece,"Authorised, recruiting",GRC
1778,551,Norway,"Authorised, recruiting",NOR
1779,551,Italy,"Authorised, recruiting",ITA
1780,552,Hungary,"Ongoing, recruiting",HUN
1781,553,Belgium,"Authorised, recruitment pending",BEL
1782,554,Spain,"Ongoing, recruiting",ESP
1783,554,Germany,"Ongoing, recruiting",DEU
1784,554,France,"Ongoing, recruiting",FRA
1785,555,Germany,"Ongoing, recruiting",DEU
1786,555,Spain,"Authorised, recruitment pending",ESP
1787,556,Sweden,Ended,SWE
1788,556,Spain,Ended,ESP
1789,557,Romania,"Ongoing, recruiting",ROU
1790,557,Bulgaria,"Authorised, recruiting",BGR
1791,557,Ireland,"Ongoing, recruiting",IRL
1792,557,Portugal,"Ongoing, recruiting",PRT
1793,557,Greece,"Ongoing, recruiting",GRC
1794,557,Germany,"Ongoing, recruiting",DEU
1795,557,Belgium,"Ongoing, recruiting",BEL
1796,557,France,"Ongoing, recruiting",FRA
1797,557,Italy,"Ongoing, recruiting",ITA
1798,557,Spain,"Ongoing, recruiting",ESP
1799,558,Netherlands,"Authorised, recruitment pending",NLD
1800,558,Spain,"Authorised, recruiting",ESP
1801,559,Greece,Temporarily halted,GRC
1802,559,Spain,Temporarily halted,ESP
1803,559,Poland,Temporarily halted,POL
1804,559,France,Temporarily halted,FRA
1805,560,France,"Authorised, recruitment pending",FRA
1806,560,Estonia,"Authorised, recruiting",EST
1807,560,Spain,"Ongoing, recruiting",ESP
1808,560,Austria,"Authorised, recruitment pending",AUT
1809,560,Italy,"Ongoing, recruiting",ITA
1810,560,Germany,"Authorised, recruitment pending",DEU
1811,560,Ireland,"Ongoing, recruiting",IRL
1812,561,Poland,"Ongoing, recruitment ended",POL
1813,561,Italy,"Ongoing, recruitment ended",ITA
1814,562,Czechia,"Ongoing, recruiting",CZE
1815,562,Italy,"Ongoing, recruiting",ITA
1816,562,Belgium,"Ongoing, recruiting",BEL
1817,562,Austria,"Ongoing, recruiting",AUT
1818,562,Spain,"Ongoing, recruiting",ESP
1819,562,Hungary,"Ongoing, recruiting",HUN
1820,562,Poland,"Ongoing, recruiting",POL
1821,562,Slovakia,"Ongoing, recruiting",SVK
1822,562,Portugal,"Ongoing, recruiting",PRT
1823,562,Croatia,"Ongoing, recruiting",HRV
1824,562,Germany,"Ongoing, recruiting",DEU
1825,562,Bulgaria,"Authorised, recruiting",BGR
1826,562,France,"Ongoing, recruiting",FRA
1827,562,Romania,"Authorised, recruitment pending",ROU
1828,563,Romania,"Ongoing, recruitment ended",ROU
1829,563,Austria,"Ongoing, recruitment ended",AUT
1830,563,France,"Ongoing, recruitment ended",FRA
1831,563,Spain,"Ongoing, recruitment ended",ESP
1832,563,Italy,"Ongoing, recruitment ended",ITA
1833,563,Germany,"Ongoing, recruitment ended",DEU
1834,564,Bulgaria,Ended,BGR
1835,565,Denmark,"Authorised, recruiting",DNK
1836,566,Netherlands,Ended,NLD
1837,566,France,Ended,FRA
1838,566,Belgium,Ended,BEL
1839,566,Spain,Ended,ESP
1840,567,Slovakia,Ended,SVK
1841,567,Spain,Ended,ESP
1842,567,Poland,Ended,POL
1843,567,Czechia,Ended,CZE
1844,567,Netherlands,Ended,NLD
1845,567,Bulgaria,Ended,BGR
1846,568,Spain,"Ongoing, recruitment ended",ESP
1847,568,Belgium,"Ongoing, recruitment ended",BEL
1848,568,Ireland,Ended,IRL
1849,569,Germany,"Ongoing, recruiting",DEU
1850,570,Germany,Ended,DEU
1851,571,Netherlands,"Ongoing, recruiting",NLD
1852,571,Spain,"Ongoing, recruiting",ESP
1853,571,Denmark,"Ongoing, recruiting",DNK
1854,571,Norway,"Ongoing, recruiting",NOR
1855,571,Germany,"Ongoing, recruiting",DEU
1856,571,Czechia,"Ongoing, recruiting",CZE
1857,571,France,"Ongoing, recruiting",FRA
1858,571,Belgium,"Ongoing, recruiting",BEL
1859,571,Slovenia,"Ongoing, recruiting",SVN
1860,571,Greece,"Ongoing, recruiting",GRC
1861,571,Italy,"Ongoing, recruiting",ITA
1862,571,Austria,"Ongoing, recruiting",AUT
1863,571,Slovakia,"Authorised, recruiting",SVK
1864,572,France,"Authorised, recruiting",FRA
1865,572,Italy,"Authorised, recruitment pending",ITA
1866,572,Spain,"Authorised, recruiting",ESP
1867,573,Germany,"Ongoing, recruitment ended",DEU
1868,573,Spain,"Ongoing, recruitment ended",ESP
1869,574,Germany,"Ongoing, recruiting",DEU
1870,575,France,"Ongoing, recruiting",FRA
1871,576,Norway,"Ongoing, recruitment ended",NOR
1872,576,Italy,"Ongoing, recruitment ended",ITA
1873,576,Poland,"Ongoing, recruitment ended",POL
1874,576,Spain,"Ongoing, recruitment ended",ESP
1875,576,Belgium,"Ongoing, recruitment ended",BEL
1876,576,Denmark,"Ongoing, recruitment ended",DNK
1877,576,France,"Ongoing, recruitment ended",FRA
1878,576,Germany,"Ongoing, recruitment ended",DEU
1879,577,Spain,"Authorised, recruitment pending",ESP
1880,577,France,"Authorised, recruitment pending",FRA
1881,578,Sweden,"Ongoing, recruiting",SWE
1882,578,Hungary,"Ongoing, recruiting",HUN
1883,578,Bulgaria,"Ongoing, recruiting",BGR
1884,578,Portugal,"Ongoing, recruiting",PRT
1885,578,Spain,"Ongoing, recruiting",ESP
1886,578,Belgium,"Ongoing, recruiting",BEL
1887,578,Czechia,"Ongoing, recruiting",CZE
1888,578,Germany,"Ongoing, recruiting",DEU
1889,578,Slovenia,"Ongoing, recruiting",SVN
1890,578,France,"Ongoing, recruiting",FRA
1891,578,Italy,"Ongoing, recruiting",ITA
1892,578,Poland,"Ongoing, recruiting",POL
1893,579,Czechia,"Ongoing, recruitment ended",CZE
1894,579,Germany,"Ongoing, recruitment ended",DEU
1895,579,France,"Ongoing, recruitment ended",FRA
1896,579,Denmark,"Ongoing, recruitment ended",DNK
1897,579,Sweden,Ended,SWE
1898,579,Poland,"Ongoing, recruitment ended",POL
1899,579,Belgium,"Ongoing, recruitment ended",BEL
1900,579,Norway,"Ongoing, recruitment ended",NOR
1901,579,Netherlands,"Ongoing, recruitment ended",NLD
1902,579,Spain,"Ongoing, recruitment ended",ESP
1903,579,Slovakia,"Ongoing, recruitment ended",SVK
1904,579,Italy,"Ongoing, recruitment ended",ITA
1905,580,Spain,Ended,ESP
1906,580,France,Ended,FRA
1907,581,France,"Authorised, recruitment pending",FRA
1908,582,Germany,"Authorised, recruitment pending",DEU
1909,582,Austria,"Authorised, recruitment pending",AUT
1910,583,Italy,"Authorised, recruiting",ITA
1911,583,Finland,"Authorised, recruiting",FIN
1912,583,Bulgaria,"Authorised, recruiting",BGR
1913,583,Greece,"Authorised, recruiting",GRC
1914,583,Belgium,"Authorised, recruiting",BEL
1915,583,Estonia,"Authorised, recruiting",EST
1916,583,Portugal,"Authorised, recruiting",PRT
1917,583,Spain,"Authorised, recruiting",ESP
1918,583,Germany,"Authorised, recruiting",DEU
1919,583,France,"Authorised, recruiting",FRA
1920,583,Czechia,"Authorised, recruiting",CZE
1921,583,Slovakia,"Authorised, recruiting",SVK
1922,583,Romania,"Authorised, recruiting",ROU
1923,583,Croatia,"Authorised, recruiting",HRV
1924,583,Poland,"Authorised, recruiting",POL
1925,583,Austria,"Authorised, recruiting",AUT
1926,583,Netherlands,"Authorised, recruiting",NLD
1927,583,Denmark,"Authorised, recruiting",DNK
1928,583,Sweden,"Authorised, recruiting",SWE
1929,583,Hungary,Not authorised,HUN
1930,584,Czechia,"Ongoing, recruitment ended",CZE
1931,584,Belgium,"Ongoing, recruitment ended",BEL
1932,584,France,"Ongoing, recruitment ended",FRA
1933,584,Romania,"Ongoing, recruitment ended",ROU
1934,584,Ireland,"Ongoing, recruitment ended",IRL
1935,584,Italy,"Ongoing, recruitment ended",ITA
1936,584,Spain,"Ongoing, recruitment ended",ESP
1937,584,Greece,"Ongoing, recruitment ended",GRC
1938,584,Germany,"Ongoing, recruiting",DEU
1939,584,Poland,"Ongoing, recruiting",POL
1940,585,Poland,"Ongoing, recruitment ended",POL
1941,585,Bulgaria,"Ongoing, recruitment ended",BGR
1942,585,Czechia,"Ongoing, recruitment ended",CZE
1943,585,Italy,"Ongoing, recruitment ended",ITA
1944,585,Spain,"Ongoing, recruitment ended",ESP
1945,585,Hungary,"Ongoing, recruitment ended",HUN
1946,586,Italy,Ended,ITA
1947,587,France,Ended,FRA
1948,587,Spain,"Ongoing, recruitment ended",ESP
1949,587,Germany,Ended,DEU
1950,588,Belgium,Ended,BEL
1951,588,Spain,Ended,ESP
1952,588,France,Ended,FRA
1953,588,Czechia,Ended,CZE
1954,588,Sweden,Ended,SWE
1955,588,Netherlands,Ended,NLD
1956,588,Italy,Ended,ITA
1957,588,Germany,Ended,DEU
1958,588,Austria,Ended,AUT
1959,588,Poland,Ended,POL
1960,589,Italy,"Ongoing, recruiting",ITA
1961,589,Germany,"Authorised, recruitment pending",DEU
1962,589,France,"Authorised, recruitment pending",FRA
1963,589,Netherlands,"Ongoing, recruiting",NLD
1964,589,Denmark,"Authorised, recruitment pending",DNK
1965,590,Italy,Ended,ITA
1966,590,Poland,Ended,POL
1967,591,Greece,"Authorised, recruitment pending",GRC
1968,591,Italy,"Authorised, recruiting",ITA
1969,591,Germany,"Ongoing, recruiting",DEU
1970,591,Spain,"Ongoing, recruiting",ESP
1971,592,Belgium,"Ongoing, recruitment ended",BEL
1972,592,Denmark,Ended,DNK
1973,592,Italy,"Ongoing, recruitment ended",ITA
1974,592,Austria,"Ongoing, recruitment ended",AUT
1975,592,Greece,"Ongoing, recruitment ended",GRC
1976,592,Spain,"Ongoing, recruitment ended",ESP
1977,592,Poland,"Ongoing, recruitment ended",POL
1978,592,France,"Ongoing, recruitment ended",FRA
1979,592,Germany,"Ongoing, recruitment ended",DEU
1980,593,Germany,"Ongoing, recruitment ended",DEU
1981,594,France,"Ongoing, recruitment ended",FRA
1982,595,Germany,"Ongoing, recruiting",DEU
1983,596,Germany,"Authorised, recruitment pending",DEU
1984,596,Poland,"Authorised, recruitment pending",POL
1985,596,Spain,"Authorised, recruitment pending",ESP
1986,596,Romania,"Authorised, recruitment pending",ROU
1987,596,Italy,"Authorised, recruitment pending",ITA
1988,596,France,"Authorised, recruitment pending",FRA
1989,597,Netherlands,"Authorised, recruitment pending",NLD
1990,597,Spain,"Authorised, recruitment pending",ESP
1991,598,Italy,"Ongoing, recruitment ended",ITA
1992,598,France,"Ongoing, recruitment ended",FRA
1993,598,Spain,"Ongoing, recruitment ended",ESP
1994,598,Belgium,"Ongoing, recruitment ended",BEL
1995,598,Austria,"Ongoing, recruitment ended",AUT
1996,598,Germany,"Ongoing, recruitment ended",DEU
1997,598,Portugal,"Ongoing, recruitment ended",PRT
1998,598,Netherlands,"Ongoing, recruitment ended",NLD
1999,598,Poland,"Ongoing, recruitment ended",POL
2000,599,Portugal,"Ongoing, recruiting",PRT
2001,599,France,"Ongoing, recruiting",FRA
2002,599,Italy,"Ongoing, recruiting",ITA
2003,599,Germany,"Ongoing, recruiting",DEU
2004,599,Spain,"Ongoing, recruiting",ESP
2005,599,Netherlands,"Ongoing, recruiting",NLD
2006,599,Czechia,"Ongoing, recruiting",CZE
2007,599,Denmark,"Ongoing, recruiting",DNK
2008,599,Poland,"Ongoing, recruiting",POL
2009,600,Spain,"Ongoing, recruitment ended",ESP
2010,600,Portugal,"Ongoing, recruitment ended",PRT
2011,600,Italy,Ended,ITA
2012,600,France,"Ongoing, recruitment ended",FRA
2013,600,Austria,Ended,AUT
2014,600,Germany,Ended,DEU
2015,600,Netherlands,"Ongoing, recruitment ended",NLD
2016,600,Belgium,Ended,BEL
2017,601,Spain,Ended,ESP
2018,601,Czechia,Ended,CZE
2019,602,Romania,Ended,ROU
2020,602,Hungary,Ended,HUN
2021,602,Spain,Ended,ESP
2022,602,Poland,Ended,POL
2023,603,Hungary,"Ongoing, recruitment ended",HUN
2024,603,Germany,"Ongoing, recruitment ended",DEU
2025,603,Spain,"Ongoing, recruitment ended",ESP
2026,603,France,"Ongoing, recruitment ended",FRA
2027,603,Greece,"Ongoing, recruitment ended",GRC
2028,603,Czechia,"Ongoing, recruitment ended",CZE
2029,603,Poland,"Ongoing, recruitment ended",POL
2030,603,Portugal,"Ongoing, recruitment ended",PRT
2031,603,Austria,"Ongoing, recruitment ended",AUT
2032,603,Denmark,"Ongoing, recruitment ended",DNK
2033,603,Italy,"Ongoing, recruitment ended",ITA
2034,603,Belgium,"Ongoing, recruitment ended",BEL
2035,603,Sweden,"Ongoing, recruitment ended",SWE
2036,604,Poland,"Ongoing, recruitment ended",POL
2037,604,Greece,"Ongoing, recruitment ended",GRC
2038,604,Bulgaria,"Ongoing, recruitment ended",BGR
2039,605,France,"Ongoing, recruiting",FRA
2040,605,Spain,"Ongoing, recruiting",ESP
2041,605,Denmark,"Ongoing, recruiting",DNK
2042,605,Italy,"Authorised, recruitment pending",ITA
2043,606,France,"Ongoing, recruitment ended",FRA
2044,607,Netherlands,"Ongoing, recruiting",NLD
2045,607,Hungary,"Ongoing, recruiting",HUN
2046,607,Spain,"Ongoing, recruiting",ESP
2047,607,Germany,"Ongoing, recruiting",DEU
2048,607,France,"Ongoing, recruiting",FRA
2049,607,Austria,"Ongoing, recruiting",AUT
2050,607,Poland,"Ongoing, recruiting",POL
2051,607,Italy,"Ongoing, recruiting",ITA
2052,607,Belgium,"Ongoing, recruiting",BEL
2053,608,Portugal,"Authorised, recruitment pending",PRT
2054,608,Norway,"Authorised, recruitment pending",NOR
2055,608,Sweden,Not authorised,SWE
2056,608,Bulgaria,"Authorised, recruitment pending",BGR
2057,608,France,"Ongoing, recruiting",FRA
2058,608,Belgium,"Authorised, recruitment pending",BEL
2059,608,Austria,"Authorised, recruiting",AUT
2060,608,Germany,"Authorised, recruiting",DEU
2061,608,Finland,"Authorised, recruitment pending",FIN
2062,608,Poland,"Authorised, recruitment pending",POL
2063,608,Romania,"Authorised, recruitment pending",ROU
2064,608,Netherlands,"Authorised, recruiting",NLD
2065,608,Spain,"Authorised, recruitment pending",ESP
2066,608,Italy,"Authorised, recruitment pending",ITA
2067,608,Hungary,"Authorised, recruitment pending",HUN
2068,608,Czechia,"Authorised, recruitment pending",CZE
2069,609,Poland,"Ongoing, recruitment ended",POL
2070,609,Ireland,"Ongoing, recruitment ended",IRL
2071,609,Spain,"Ongoing, recruitment ended",ESP
2072,609,Germany,"Ongoing, recruitment ended",DEU
2073,609,Romania,"Ongoing, recruitment ended",ROU
2074,609,France,"Ongoing, recruitment ended",FRA
2075,609,Netherlands,"Ongoing, recruitment ended",NLD
2076,609,Belgium,"Ongoing, recruitment ended",BEL
2077,609,Italy,Ended,ITA
2078,610,Poland,"Ongoing, recruitment ended",POL
2079,610,Spain,"Ongoing, recruitment ended",ESP
2080,610,France,Ended,FRA
2081,610,Belgium,Ended,BEL
2082,611,Italy,Ended,ITA
2083,611,Germany,Ended,DEU
2084,611,Spain,Ended,ESP
2085,611,Belgium,Ended,BEL
2086,611,France,Ended,FRA
2087,612,France,Temporarily halted,FRA
2088,612,Spain,Temporarily halted,ESP
2089,612,Italy,Ended,ITA
2090,612,Netherlands,Temporarily halted,NLD
2091,613,Czechia,"Ongoing, recruiting",CZE
2092,613,France,"Ongoing, recruiting",FRA
2093,613,Spain,"Ongoing, recruiting",ESP
2094,613,Germany,"Ongoing, recruiting",DEU
2095,613,Poland,"Ongoing, recruiting",POL
2096,613,Netherlands,"Ongoing, recruiting",NLD
2097,613,Italy,"Ongoing, recruiting",ITA
2098,613,Belgium,"Ongoing, recruiting",BEL
2099,613,Denmark,"Ongoing, recruiting",DNK
2100,614,Belgium,"Ongoing, recruiting",BEL
2101,614,France,"Ongoing, recruiting",FRA
2102,614,Spain,"Authorised, recruiting",ESP
2103,615,Germany,"Authorised, recruitment pending",DEU
2104,615,Denmark,"Authorised, recruitment pending",DNK
2105,615,Norway,"Authorised, recruitment pending",NOR
2106,615,Sweden,"Authorised, recruitment pending",SWE
2107,616,Netherlands,"Ongoing, recruiting",NLD
2108,617,Netherlands,"Ongoing, recruiting",NLD
2109,618,Denmark,Not authorised,DNK
2110,618,Netherlands,Not authorised,NLD
2111,619,Denmark,Not authorised,DNK
2112,619,Spain,Not authorised,ESP
2113,619,Germany,Not authorised,DEU
2114,619,France,Not authorised,FRA
2115,620,Netherlands,"Authorised, recruitment pending",NLD
2116,621,Netherlands,"Authorised, recruitment pending",NLD
2117,622,France,Ended,FRA
2118,622,Spain,Ended,ESP
2119,622,Poland,Ended,POL
2120,622,Romania,Ended,ROU
2121,623,France,"Ongoing, recruitment ended",FRA
2122,624,Germany,"Ongoing, recruiting",DEU
2123,625,Finland,Not authorised,FIN
2124,626,France,Not authorised,FRA
2125,626,Spain,Not authorised,ESP
2126,626,Italy,Not authorised,ITA
2127,627,France,Ended,FRA
2128,628,Denmark,"Ongoing, recruitment ended",DNK
2129,629,Spain,Not authorised,ESP
2130,630,Spain,"Ongoing, recruiting",ESP
2131,631,Spain,"Ongoing, recruitment ended",ESP
2132,632,Spain,Ended,ESP
2133,632,Italy,Ended,ITA
2134,633,Italy,"Ongoing, recruiting",ITA
2135,634,Italy,"Ongoing, recruiting",ITA
2136,635,Belgium,"Ongoing, recruitment ended",BEL
2137,635,France,"Ongoing, recruitment ended",FRA
2138,635,Spain,"Ongoing, recruitment ended",ESP
2139,636,France,Ended,FRA
2140,637,Hungary,Ended,HUN
2141,638,Netherlands,"Ongoing, recruitment ended",NLD
2142,639,Spain,"Authorised, recruitment pending",ESP
2143,640,France,"Authorised, recruitment pending",FRA
2144,641,Spain,Ended,ESP
2145,642,Spain,Ended,ESP
2146,643,Spain,Ended,ESP
2147,644,France,"Ongoing, recruitment ended",FRA
2148,645,Finland,"Ongoing, recruiting",FIN
2149,646,Denmark,"Ongoing, recruiting",DNK
2150,647,Spain,"Authorised, recruitment pending",ESP
2151,648,Austria,"Authorised, recruiting",AUT
2152,649,Germany,"Ongoing, recruiting",DEU
2153,650,France,"Ongoing, recruitment ended",FRA
2154,651,Austria,"Ongoing, recruiting",AUT
2155,652,France,"Ongoing, recruitment ended",FRA
2156,653,France,"Ongoing, recruiting",FRA
2157,654,France,Ended,FRA
2158,655,Spain,Ended,ESP
2159,655,France,Ended,FRA
2160,656,Austria,"Authorised, recruitment pending",AUT
2161,656,Czechia,"Authorised, recruitment pending",CZE
2162,656,Italy,"Ongoing, recruiting",ITA
2163,656,Greece,"Authorised, recruitment pending",GRC
2164,656,Spain,"Ongoing, recruiting",ESP
2165,656,France,"Authorised, recruitment pending",FRA
2166,656,Germany,"Authorised, recruitment pending",DEU
2167,657,Spain,Ended,ESP
2168,658,Poland,Ended,POL
2169,658,Romania,Ended,ROU
2170,659,Romania,"Authorised, recruitment pending",ROU
2171,659,Croatia,"Authorised, recruitment pending",HRV
2172,659,Spain,"Ongoing, recruiting",ESP
2173,659,Greece,"Authorised, recruitment pending",GRC
2174,659,Poland,"Authorised, recruitment pending",POL
2175,659,Lithuania,"Authorised, recruitment pending",LTU
2176,660,Belgium,"Ongoing, recruiting",BEL
2177,661,Belgium,"Ongoing, recruiting",BEL
2178,662,Netherlands,"Ongoing, recruiting",NLD
2179,663,Italy,"Ongoing, recruiting",ITA
2180,664,Spain,"Ongoing, recruiting",ESP
2181,665,Denmark,"Ongoing, recruiting",DNK
2182,666,Poland,Ended,POL
2183,667,Poland,Temporarily halted,POL
2184,668,Germany,Not authorised,DEU
2185,669,France,Ended,FRA
2186,670,Netherlands,"Ongoing, recruiting",NLD
2187,671,Netherlands,"Ongoing, recruiting",NLD
2188,672,Denmark,"Ongoing, recruiting",DNK
2189,673,Sweden,"Ongoing, recruiting",SWE
2190,674,Netherlands,"Ongoing, recruiting",NLD
2191,675,France,"Ongoing, recruiting",FRA
2192,676,Spain,Not authorised,ESP
2193,676,Denmark,Not authorised,DNK
2194,677,Norway,"Ongoing, recruiting",NOR
2195,678,Estonia,"Authorised, recruitment pending",EST
2196,679,France,"Authorised, recruitment pending",FRA
2197,680,Spain,Ended,ESP
2198,681,Sweden,"Ongoing, recruiting",SWE
2199,682,Spain,Ended,ESP
2200,682,Romania,Ended,ROU
2201,682,Italy,Ended,ITA
2202,682,Poland,Ended,POL
2203,682,France,Ended,FRA
2204,683,France,Ended,FRA
2205,684,France,"Ongoing, recruiting",FRA
2206,685,Romania,Ended,ROU
2207,686,Netherlands,Ended,NLD
2208,687,France,"Authorised, recruitment pending",FRA
2209,688,Netherlands,"Authorised, recruitment pending",NLD
2210,689,Italy,"Ongoing, recruiting",ITA
2211,690,Spain,Ended,ESP
2212,690,Italy,Ended,ITA
2213,690,France,Ended,FRA
2214,690,Czechia,Ended,CZE
2215,691,France,"Authorised, recruitment pending",FRA
2216,691,Germany,"Authorised, recruitment pending",DEU
2217,691,Poland,"Authorised, recruitment pending",POL
2218,691,Sweden,"Authorised, recruitment pending",SWE
2219,691,Spain,"Authorised, recruitment pending",ESP
2220,691,Italy,"Authorised, recruitment pending",ITA
2221,692,Spain,Ended,ESP
2222,692,France,Ended,FRA
2223,693,Denmark,Ended,DNK
2224,694,Poland,"Ongoing, recruiting",POL
2225,695,Italy,Ended,ITA
2226,695,Germany,"Ongoing, recruitment ended",DEU
2227,695,Hungary,Ended,HUN
2228,695,France,"Ongoing, recruitment ended",FRA
2229,696,Netherlands,"Ongoing, recruitment ended",NLD
2230,697,Austria,"Ongoing, recruitment ended",AUT
2231,697,Slovakia,"Ongoing, recruitment ended",SVK
2232,697,Czechia,"Ongoing, recruitment ended",CZE
2233,697,Italy,"Ongoing, recruitment ended",ITA
2234,697,Germany,"Ongoing, recruitment ended",DEU
2235,698,Netherlands,"Ongoing, recruitment ended",NLD
2236,698,Belgium,"Ongoing, recruitment ended",BEL
2237,698,Denmark,"Ongoing, recruitment ended",DNK
2238,698,Norway,"Ongoing, recruitment ended",NOR
2239,699,Belgium,"Authorised, recruitment pending",BEL
2240,700,Italy,"Ongoing, recruitment ended",ITA
2241,701,Spain,Ended,ESP
2242,701,Italy,Ended,ITA
2243,701,Germany,Ended,DEU
2244,701,Poland,Ended,POL
2245,701,France,Ended,FRA
2246,701,Netherlands,Ended,NLD
2247,702,France,"Ongoing, recruiting",FRA
2248,703,Sweden,"Ongoing, recruitment ended",SWE
2249,703,Denmark,"Ongoing, recruitment ended",DNK
2250,704,France,"Ongoing, recruiting",FRA
2251,704,Belgium,"Ongoing, recruiting",BEL
2252,705,Spain,"Ongoing, recruitment ended",ESP
2253,706,Belgium,"Ongoing, recruitment ended",BEL
2254,707,Netherlands,"Authorised, recruiting",NLD
2255,708,Germany,"Ongoing, recruitment ended",DEU
2256,709,Sweden,Ended,SWE
2257,709,Slovakia,"Ongoing, recruitment ended",SVK
2258,709,Poland,"Ongoing, recruitment ended",POL
2259,709,Denmark,Ended,DNK
2260,710,Netherlands,"Authorised, recruitment pending",NLD
2261,711,Spain,Ended,ESP
2262,711,France,Ended,FRA
2263,711,Belgium,Ended,BEL
2264,711,Germany,Ended,DEU
2265,711,Austria,Ended,AUT
2266,712,Italy,Ended,ITA
2267,712,Spain,Ended,ESP
2268,712,Poland,Ended,POL
2269,712,Belgium,Ended,BEL
2270,713,Netherlands,Temporarily halted,NLD
2271,714,France,Ended,FRA
2272,715,France,"Ongoing, recruitment ended",FRA
2273,716,Netherlands,Ended,NLD
2274,717,Netherlands,"Ongoing, recruitment ended",NLD
2275,717,Norway,"Ongoing, recruitment ended",NOR
2276,717,Sweden,"Ongoing, recruitment ended",SWE
2277,718,Italy,"Ongoing, recruiting",ITA
2278,719,Spain,Ended,ESP
2279,720,Finland,Ended,FIN
2280,720,Germany,Ended,DEU
2281,720,France,Ended,FRA
2282,721,Spain,Ended,ESP
2283,721,France,Ended,FRA
2284,721,Netherlands,Ended,NLD
2285,721,Germany,Ended,DEU
2286,722,Netherlands,Ended,NLD
2287,723,France,Ended,FRA
2288,723,Germany,Ended,DEU
2289,724,Poland,"Ongoing, recruitment ended",POL
2290,724,Italy,"Ongoing, recruitment ended",ITA
2291,725,Netherlands,Ended,NLD
2292,725,Belgium,Ended,BEL
2293,725,France,Ended,FRA
2294,726,Italy,Temporarily halted,ITA
2295,727,Portugal,Ended,PRT
2296,727,Germany,Ended,DEU
2297,727,Poland,Ended,POL
2298,727,France,Ended,FRA
2299,727,Spain,Ended,ESP
2300,727,Ireland,Ended,IRL
2301,727,Sweden,Ended,SWE
2302,727,Italy,Ended,ITA
2303,728,France,"Authorised, recruitment pending",FRA
2304,729,Italy,"Ongoing, recruiting",ITA
2305,730,France,"Ongoing, recruiting",FRA
2306,731,France,"Ongoing, recruiting",FRA
2307,732,Spain,"Ongoing, recruiting",ESP
2308,733,Italy,Ended,ITA
2309,734,Spain,"Ongoing, recruitment ended",ESP
2310,735,Netherlands,"Ongoing, recruiting",NLD
2311,736,France,"Ongoing, recruitment ended",FRA
2312,737,Germany,Temporarily halted,DEU
2313,738,France,"Authorised, recruitment pending",FRA
2314,739,Germany,Ended,DEU
2315,740,France,Ended,FRA
2316,740,Spain,Ended,ESP
2317,740,Italy,Ended,ITA
2318,740,Germany,Ended,DEU
2319,741,Denmark,"Ongoing, recruiting",DNK
2320,742,France,Ended,FRA
2321,743,Italy,"Ongoing, recruitment ended",ITA
2322,744,Poland,"Ongoing, recruiting",POL
2323,745,Sweden,"Ongoing, recruiting",SWE
2324,746,France,"Ongoing, recruitment ended",FRA
2325,746,Ireland,"Ongoing, recruitment ended",IRL
2326,746,Netherlands,"Ongoing, recruitment ended",NLD
2327,746,Italy,"Ongoing, recruitment ended",ITA
2328,746,Denmark,"Ongoing, recruitment ended",DNK
2329,746,Sweden,"Ongoing, recruitment ended",SWE
2330,746,Germany,"Ongoing, recruitment ended",DEU
2331,747,Italy,"Ongoing, recruitment ended",ITA
2332,747,Spain,"Ongoing, recruitment ended",ESP
2333,748,Romania,Ended,ROU
2334,748,Poland,Ended,POL
2335,748,Spain,Ended,ESP
2336,748,Czechia,Ended,CZE
2337,748,France,Ended,FRA
2338,749,France,"Ongoing, recruiting",FRA
2339,750,Spain,Ended,ESP
2340,751,Spain,"Ongoing, recruitment ended",ESP
2341,752,Italy,Ended,ITA
2342,752,Germany,Ended,DEU
2343,752,Spain,Ended,ESP
2344,752,France,Ended,FRA
2345,752,Greece,Ended,GRC
2346,753,Poland,Ended,POL
2347,754,Spain,Ended,ESP
2348,754,Czechia,Ended,CZE
2349,754,France,Ended,FRA
2350,754,Belgium,Ended,BEL
2351,754,Germany,Ended,DEU
2352,754,Italy,Ended,ITA
2353,755,France,Ended,FRA
2354,756,Germany,"Ongoing, recruitment ended",DEU
2355,757,Austria,Ended,AUT
2356,757,Spain,Ended,ESP
2357,757,Germany,Ended,DEU
2358,757,France,Ended,FRA
2359,758,Spain,"Ongoing, recruiting",ESP
2360,759,Denmark,Ended,DNK
2361,760,Italy,"Ongoing, recruiting",ITA
2362,761,Sweden,"Ongoing, recruitment ended",SWE
2363,762,France,"Ongoing, recruiting",FRA
2364,763,Poland,Ended,POL
2365,764,Germany,"Ongoing, recruitment ended",DEU
2366,764,France,"Ongoing, recruitment ended",FRA
2367,764,Italy,"Ongoing, recruitment ended",ITA
2368,764,Greece,"Ongoing, recruitment ended",GRC
2369,765,Poland,"Ongoing, recruiting",POL
2370,766,Lithuania,"Ongoing, recruitment ended",LTU
2371,766,Germany,"Ongoing, recruitment ended",DEU
2372,766,Spain,"Ongoing, recruitment ended",ESP
2373,767,Spain,"Ongoing, recruiting",ESP
2374,768,Denmark,Ended,DNK
2375,768,Poland,Ended,POL
2376,768,Spain,Ended,ESP
2377,768,Sweden,Ended,SWE
2378,768,Germany,Ended,DEU
2379,769,Denmark,Ended,DNK
2380,770,Spain,Ended,ESP
2381,770,Netherlands,Ended,NLD
2382,771,Poland,"Ongoing, recruitment ended",POL
2383,771,Spain,"Ongoing, recruitment ended",ESP
2384,771,Italy,"Ongoing, recruitment ended",ITA
2385,771,Hungary,Ended,HUN
2386,771,Norway,"Ongoing, recruitment ended",NOR
2387,771,Netherlands,"Ongoing, recruitment ended",NLD
2388,771,Belgium,"Ongoing, recruitment ended",BEL
2389,772,Denmark,"Ongoing, recruiting",DNK
2390,773,Italy,"Ongoing, recruiting",ITA
2391,773,Spain,"Ongoing, recruiting",ESP
2392,774,Spain,Ended,ESP
2393,774,Hungary,Ended,HUN
2394,774,France,"Ongoing, recruitment ended",FRA
2395,774,Belgium,Ended,BEL
2396,774,Romania,"Ongoing, recruitment ended",ROU
2397,775,Germany,Ended,DEU
2398,775,Belgium,Ended,BEL
2399,775,Spain,Ended,ESP
2400,775,France,Ended,FRA
2401,776,Spain,Ended,ESP
2402,777,Germany,"Ongoing, recruitment ended",DEU
2403,778,Germany,"Ongoing, recruiting",DEU
2404,779,Netherlands,Ended,NLD
2405,780,Italy,"Ongoing, recruitment ended",ITA
2406,781,Spain,"Ongoing, recruiting",ESP
2407,782,Germany,Ended,DEU
2408,782,Denmark,Ended,DNK
2409,782,Italy,Ended,ITA
2410,782,Netherlands,Ended,NLD
2411,782,France,Ended,FRA
2412,783,France,"Ongoing, recruiting",FRA
2413,784,Italy,Ended,ITA
2414,785,Netherlands,Ended,NLD
2415,785,Spain,Ended,ESP
2416,785,Sweden,Ended,SWE
2417,785,Germany,Ended,DEU
2418,785,Austria,Ended,AUT
2419,785,Italy,Ended,ITA
2420,785,France,Ended,FRA
2421,786,France,Ended,FRA
2422,787,Poland,Ended,POL
2423,787,Belgium,Ended,BEL
2424,788,Portugal,Ended,PRT
2425,789,France,"Ongoing, recruitment ended",FRA
2426,790,Hungary,Ended,HUN
2427,791,Belgium,"Ongoing, recruiting",BEL
2428,791,Spain,"Ongoing, recruiting",ESP
2429,791,Italy,"Ongoing, recruiting",ITA
2430,792,France,"Ongoing, recruiting",FRA
2431,793,Netherlands,"Authorised, recruitment pending",NLD
2432,794,France,Ended,FRA
2433,795,France,"Ongoing, recruiting",FRA
2434,796,Spain,Ended,ESP
2435,796,France,Ended,FRA
2436,797,Netherlands,Ended,NLD
2437,798,France,Ended,FRA
2438,799,Ireland,Ended,IRL
2439,799,Austria,Ended,AUT
2440,799,Italy,Ended,ITA
2441,799,Spain,Ended,ESP
2442,799,Belgium,Ended,BEL
2443,799,Germany,Ended,DEU
2444,799,Poland,Ended,POL
2445,800,Belgium,Ended,BEL
2446,801,Germany,"Ongoing, recruiting",DEU
2447,802,Netherlands,"Ongoing, recruiting",NLD
2448,803,Sweden,"Authorised, recruitment pending",SWE
2449,804,France,"Ongoing, recruiting",FRA
2450,804,Spain,"Authorised, recruiting",ESP
2451,805,Poland,"Ongoing, recruitment ended",POL
2452,806,Netherlands,Ended,NLD
2453,806,Belgium,Ended,BEL
2454,806,Czechia,Ended,CZE
2455,806,Portugal,Ended,PRT
2456,806,Spain,Ended,ESP
2457,806,Norway,Ended,NOR
2458,806,Sweden,Ended,SWE
2459,806,France,Ended,FRA
2460,806,Greece,Ended,GRC
2461,806,Italy,Ended,ITA
2462,806,Finland,Ended,FIN
2463,806,Germany,Ended,DEU
2464,807,Portugal,"Ongoing, recruiting",PRT
2465,807,Spain,"Ongoing, recruiting",ESP
2466,807,Italy,"Ongoing, recruiting",ITA
2467,807,Austria,"Ongoing, recruiting",AUT
2468,807,Germany,"Ongoing, recruiting",DEU
2469,807,France,"Ongoing, recruiting",FRA
2470,807,Poland,"Ongoing, recruiting",POL
2471,807,Belgium,"Ongoing, recruiting",BEL
2472,808,Italy,"Ongoing, recruitment ended",ITA
2473,808,Poland,"Ongoing, recruitment ended",POL
2474,808,Germany,"Ongoing, recruitment ended",DEU
2475,808,France,"Ongoing, recruitment ended",FRA
2476,808,Belgium,"Ongoing, recruitment ended",BEL
2477,808,Spain,"Ongoing, recruitment ended",ESP
2478,809,Germany,Not authorised,DEU
2479,809,Sweden,"Ongoing, recruiting",SWE
2480,810,Italy,"Authorised, recruitment pending",ITA
2481,811,Italy,Ended,ITA
2482,812,Spain,Ended,ESP
2483,812,Ireland,Ended,IRL
2484,813,Norway,Ended,NOR
2485,814,Germany,"Ongoing, recruiting",DEU
2486,815,Germany,Ended,DEU
2487,815,Belgium,Ended,BEL
2488,815,Spain,"Ongoing, recruitment ended",ESP
2489,816,Germany,"Ongoing, recruiting",DEU
2490,817,France,Ended,FRA
2491,817,Spain,Ended,ESP
2492,817,Belgium,Ended,BEL
2493,818,Netherlands,Ended,NLD
2494,819,Hungary,"Ongoing, recruiting",HUN
2495,819,Belgium,Ended,BEL
2496,819,Poland,"Ongoing, recruiting",POL
2497,819,France,"Ongoing, recruiting",FRA
2498,819,Germany,"Ongoing, recruiting",DEU
2499,819,Italy,"Ongoing, recruiting",ITA
2500,819,Spain,"Ongoing, recruiting",ESP
2501,820,France,Not authorised,FRA
2502,821,France,Ended,FRA
2503,821,Spain,"Ongoing, recruitment ended",ESP
2504,822,Netherlands,"Ongoing, recruitment ended",NLD
2505,822,Spain,"Ongoing, recruitment ended",ESP
2506,822,Romania,"Ongoing, recruitment ended",ROU
2507,822,Poland,"Ongoing, recruitment ended",POL
2508,822,Latvia,"Ongoing, recruitment ended",LVA
2509,822,Czechia,"Ongoing, recruitment ended",CZE
2510,822,France,"Ongoing, recruitment ended",FRA
2511,822,Portugal,"Ongoing, recruitment ended",PRT
2512,822,Italy,"Ongoing, recruitment ended",ITA
2513,822,Hungary,"Ongoing, recruitment ended",HUN
2514,822,Estonia,"Ongoing, recruitment ended",EST
2515,823,Spain,Ended,ESP
2516,824,Germany,Ended,DEU
2517,824,Spain,Ended,ESP
2518,825,Belgium,"Ongoing, recruiting",BEL
2519,825,Spain,"Ongoing, recruiting",ESP
2520,825,Italy,"Ongoing, recruiting",ITA
2521,825,Germany,"Ongoing, recruiting",DEU
2522,826,Netherlands,"Ongoing, recruiting",NLD
2523,827,France,Ended,FRA
2524,828,Netherlands,"Ongoing, recruiting",NLD
2525,829,Germany,"Ongoing, recruitment ended",DEU
2526,829,Netherlands,"Ongoing, recruitment ended",NLD
2527,829,Spain,"Ongoing, recruitment ended",ESP
2528,830,Spain,Ended,ESP
2529,831,Greece,"Ongoing, recruitment ended",GRC
2530,831,France,Ended,FRA
2531,831,Spain,Ended,ESP
2532,832,France,"Ongoing, recruitment ended",FRA
2533,833,France,"Ongoing, recruitment ended",FRA
2534,834,Belgium,"Authorised, recruitment pending",BEL
2535,835,Czechia,Ended,CZE
2536,835,Spain,Ended,ESP
2537,835,France,Ended,FRA
2538,836,France,"Ongoing, recruiting",FRA
2539,837,France,"Ongoing, recruiting",FRA
2540,838,Spain,Ended,ESP
2541,839,Poland,Ended,POL
2542,839,Germany,Ended,DEU
2543,840,Netherlands,"Authorised, recruitment pending",NLD
2544,841,Italy,"Ongoing, recruiting",ITA
2545,841,Spain,"Ongoing, recruiting",ESP
2546,842,Spain,"Authorised, recruiting",ESP
2547,843,Germany,Ended,DEU
2548,843,Greece,Ended,GRC
2549,843,Czechia,Ended,CZE
2550,843,Hungary,Ended,HUN
2551,843,Italy,Ended,ITA
2552,843,France,Ended,FRA
2553,843,Spain,Ended,ESP
2554,844,France,"Ongoing, recruiting",FRA
2555,844,Italy,"Authorised, recruitment pending",ITA
2556,844,Norway,"Authorised, recruitment pending",NOR
2557,845,Austria,Ended,AUT
2558,845,Germany,Ended,DEU
2559,846,Italy,"Authorised, recruiting",ITA
2560,847,Germany,"Ongoing, recruitment ended",DEU
2561,848,Sweden,"Authorised, recruitment pending",SWE
2562,848,France,"Authorised, recruitment pending",FRA
2563,848,Spain,"Authorised, recruitment pending",ESP
2564,848,Germany,"Authorised, recruitment pending",DEU
2565,849,Italy,"Ongoing, recruiting",ITA
2566,849,Denmark,"Ongoing, recruiting",DNK
2567,849,Germany,"Authorised, recruitment pending",DEU
2568,850,France,"Ongoing, recruitment ended",FRA
2569,850,Belgium,"Ongoing, recruitment ended",BEL
2570,851,Netherlands,"Authorised, recruitment pending",NLD
2571,852,Netherlands,Ended,NLD
2572,852,Spain,Ended,ESP
2573,852,France,Ended,FRA
2574,852,Italy,Ended,ITA
2575,852,Belgium,Ended,BEL
2576,852,Denmark,Ended,DNK
2577,852,Greece,Ended,GRC
2578,853,Norway,Ended,NOR
2579,854,Finland,"Ongoing, recruiting",FIN
2580,855,Spain,"Ongoing, recruitment ended",ESP
2581,855,Italy,"Ongoing, recruitment ended",ITA
2582,855,France,"Ongoing, recruitment ended",FRA
2583,855,Germany,"Ongoing, recruitment ended",DEU
2584,856,Spain,Ended,ESP
2585,856,Belgium,Ended,BEL
2586,857,Italy,Ended,ITA
2587,857,Hungary,Ended,HUN
2588,857,Denmark,Ended,DNK
2589,857,France,Ended,FRA
2590,857,Spain,Ended,ESP
2591,857,Poland,Ended,POL
2592,858,Spain,"Ongoing, recruitment ended",ESP
2593,858,Ireland,"Ongoing, recruitment ended",IRL
2594,858,France,"Ongoing, recruitment ended",FRA
2595,858,Germany,"Ongoing, recruitment ended",DEU
2596,858,Austria,"Ongoing, recruitment ended",AUT
2597,858,Belgium,"Ongoing, recruitment ended",BEL
2598,859,Austria,"Ongoing, recruitment ended",AUT
2599,859,Germany,"Ongoing, recruitment ended",DEU
2600,860,Sweden,Ended,SWE
2601,860,Hungary,"Ongoing, recruiting",HUN
2602,860,Italy,"Ongoing, recruiting",ITA
2603,860,France,"Ongoing, recruiting",FRA
2604,860,Czechia,"Ongoing, recruiting",CZE
2605,860,Spain,"Ongoing, recruiting",ESP
2606,860,Portugal,"Ongoing, recruiting",PRT
2607,860,Poland,"Ongoing, recruiting",POL
2608,860,Austria,"Ongoing, recruiting",AUT
2609,860,Belgium,"Ongoing, recruiting",BEL
2610,860,Germany,"Ongoing, recruiting",DEU
2611,861,France,"Ongoing, recruiting",FRA
2612,862,France,"Ongoing, recruitment ended",FRA
2613,862,Poland,"Ongoing, recruitment ended",POL
2614,862,Hungary,"Ongoing, recruitment ended",HUN
2615,862,Germany,"Ongoing, recruitment ended",DEU
2616,862,Belgium,"Ongoing, recruitment ended",BEL
2617,862,Denmark,"Ongoing, recruitment ended",DNK
2618,862,Spain,"Ongoing, recruitment ended",ESP
2619,862,Netherlands,"Ongoing, recruitment ended",NLD
2620,863,France,"Ongoing, recruiting",FRA
2621,864,Germany,"Authorised, recruitment pending",DEU
2622,864,France,"Ongoing, recruiting",FRA
2623,864,Italy,"Ongoing, recruiting",ITA
2624,864,Netherlands,"Authorised, recruitment pending",NLD
2625,865,Spain,"Ongoing, recruiting",ESP
2626,866,Spain,"Ongoing, recruitment ended",ESP
2627,866,Denmark,"Ongoing, recruitment ended",DNK
2628,866,France,Ended,FRA
2629,867,Portugal,"Ongoing, recruitment ended",PRT
2630,867,Hungary,Ended,HUN
2631,867,Italy,"Ongoing, recruitment ended",ITA
2632,867,Belgium,Ended,BEL
2633,867,Germany,"Ongoing, recruitment ended",DEU
2634,867,Spain,"Ongoing, recruitment ended",ESP
2635,867,Netherlands,"Ongoing, recruitment ended",NLD
2636,867,Finland,Ended,FIN
2637,867,France,"Ongoing, recruitment ended",FRA
2638,867,Poland,"Ongoing, recruitment ended",POL
2639,867,Greece,"Ongoing, recruitment ended",GRC
2640,868,Spain,"Ongoing, recruitment ended",ESP
2641,869,France,"Ongoing, recruiting",FRA
2642,870,Italy,"Ongoing, recruiting",ITA
2643,870,France,"Ongoing, recruiting",FRA
2644,870,Sweden,"Ongoing, recruiting",SWE
2645,870,Spain,"Ongoing, recruiting",ESP
2646,871,Portugal,"Ongoing, recruitment ended",PRT
2647,871,France,Ended,FRA
2648,871,Spain,"Ongoing, recruitment ended",ESP
2649,871,Belgium,"Ongoing, recruitment ended",BEL
2650,871,Croatia,"Ongoing, recruitment ended",HRV
2651,871,Netherlands,"Ongoing, recruitment ended",NLD
2652,871,Germany,Ended,DEU
2653,871,Italy,"Ongoing, recruitment ended",ITA
2654,871,Poland,"Ongoing, recruitment ended",POL
2655,872,Spain,"Authorised, recruiting",ESP
2656,873,Spain,"Ongoing, recruiting",ESP
2657,873,Belgium,"Ongoing, recruiting",BEL
2658,874,Spain,"Ongoing, recruitment ended",ESP
2659,875,Germany,"Ongoing, recruiting",DEU
2660,876,Netherlands,"Ongoing, recruiting",NLD
2661,877,France,"Ongoing, recruiting",FRA
2662,878,Germany,"Ongoing, recruiting",DEU
2663,879,Spain,"Ongoing, recruiting",ESP
2664,880,Germany,"Authorised, recruitment pending",DEU
2665,880,France,"Authorised, recruitment pending",FRA
2666,880,Italy,"Authorised, recruitment pending",ITA
2667,880,Spain,"Authorised, recruitment pending",ESP
2668,880,Poland,"Authorised, recruitment pending",POL
2669,881,France,"Ongoing, recruiting",FRA
2670,882,Denmark,"Authorised, recruitment pending",DNK
2671,883,Spain,"Ongoing, recruiting",ESP
2672,884,Austria,"Ongoing, recruiting",AUT
2673,884,Germany,"Ongoing, recruiting",DEU
2674,885,Spain,"Ongoing, recruitment ended",ESP
2675,886,Poland,Ended,POL
2676,887,Italy,"Ongoing, recruiting",ITA
2677,887,France,"Ongoing, recruiting",FRA
2678,887,Norway,"Ongoing, recruiting",NOR
2679,887,Spain,"Ongoing, recruiting",ESP
2680,887,Belgium,"Ongoing, recruiting",BEL
2681,887,Austria,"Ongoing, recruiting",AUT
2682,887,Germany,"Ongoing, recruiting",DEU
2683,887,Netherlands,"Ongoing, recruiting",NLD
2684,887,Denmark,"Ongoing, recruiting",DNK
2685,887,Czechia,"Ongoing, recruiting",CZE
2686,888,Spain,"Ongoing, recruiting",ESP
2687,889,France,Ended,FRA
2688,890,France,Ended,FRA
2689,890,Italy,Ended,ITA
2690,890,Spain,Ended,ESP
2691,890,Romania,"Ongoing, recruitment ended",ROU
2692,891,France,"Ongoing, recruiting",FRA
2693,892,Spain,"Ongoing, recruiting",ESP
2694,893,Italy,"Authorised, recruitment pending",ITA
2695,894,Germany,"Ongoing, recruitment ended",DEU
2696,894,Spain,"Ongoing, recruitment ended",ESP
2697,894,France,"Ongoing, recruitment ended",FRA
2698,894,Greece,"Ongoing, recruitment ended",GRC
2699,894,Sweden,"Ongoing, recruitment ended",SWE
2700,895,France,"Ongoing, recruiting",FRA
2701,896,Italy,"Ongoing, recruiting",ITA
2702,896,Czechia,"Ongoing, recruiting",CZE
2703,896,Ireland,"Ongoing, recruiting",IRL
2704,896,Germany,"Ongoing, recruiting",DEU
2705,896,France,"Ongoing, recruiting",FRA
2706,896,Spain,"Ongoing, recruiting",ESP
2707,896,Austria,"Ongoing, recruiting",AUT
2708,896,Poland,"Ongoing, recruiting",POL
2709,896,Hungary,"Ongoing, recruiting",HUN
2710,896,Romania,"Ongoing, recruiting",ROU
2711,897,Czechia,Ended,CZE
2712,897,Greece,Ended,GRC
2713,897,Germany,Ended,DEU
2714,898,Germany,"Ongoing, recruitment ended",DEU
2715,898,Spain,Ended,ESP
2716,898,France,Ended,FRA
2717,898,Belgium,Ended,BEL
2718,898,Italy,"Ongoing, recruitment ended",ITA
2719,898,Poland,"Ongoing, recruitment ended",POL
2720,899,Spain,"Ongoing, recruiting",ESP
2721,899,France,"Ongoing, recruiting",FRA
2722,900,Germany,"Ongoing, recruitment ended",DEU
2723,901,Spain,"Ongoing, recruiting",ESP
2724,901,Poland,"Ongoing, recruiting",POL
2725,901,Italy,"Ongoing, recruiting",ITA
2726,901,Denmark,Ended,DNK
2727,901,France,"Ongoing, recruiting",FRA
2728,901,Germany,"Ongoing, recruiting",DEU
2729,902,Netherlands,"Ongoing, recruiting",NLD
2730,903,France,Ended,FRA
2731,903,Italy,Ended,ITA
2732,903,Germany,Ended,DEU
2733,903,Spain,Ended,ESP
2734,904,Netherlands,"Ongoing, recruiting",NLD
2735,904,Belgium,"Ongoing, recruiting",BEL
2736,905,Bulgaria,"Authorised, recruitment pending",BGR
2737,906,Spain,"Ongoing, recruitment ended",ESP
2738,907,Austria,"Ongoing, recruitment ended",AUT
2739,907,Spain,"Ongoing, recruitment ended",ESP
2740,907,Croatia,"Ongoing, recruitment ended",HRV
2741,907,Greece,"Ongoing, recruitment ended",GRC
2742,908,Spain,"Ongoing, recruiting",ESP
2743,909,Spain,"Ongoing, recruitment ended",ESP
2744,909,France,"Ongoing, recruitment ended",FRA
2745,909,Germany,"Ongoing, recruitment ended",DEU
2746,910,Italy,Ended,ITA
2747,910,Belgium,Ended,BEL
2748,910,France,Ended,FRA
2749,910,Netherlands,Ended,NLD
2750,910,Poland,Ended,POL
2751,911,Sweden,"Ongoing, recruiting",SWE
2752,911,Spain,"Ongoing, recruiting",ESP
2753,911,Denmark,"Ongoing, recruiting",DNK
2754,911,Germany,"Ongoing, recruiting",DEU
2755,911,Italy,"Authorised, recruitment pending",ITA
2756,912,Bulgaria,Ended,BGR
2757,912,Spain,Ended,ESP
2758,912,Romania,Ended,ROU
2759,912,Netherlands,Ended,NLD
2760,912,France,Ended,FRA
2761,912,Poland,Ended,POL
2762,912,Hungary,Ended,HUN
2763,912,Italy,Ended,ITA
2764,913,Spain,"Authorised, recruitment pending",ESP
2765,913,France,"Authorised, recruitment pending",FRA
2766,913,Italy,"Authorised, recruitment pending",ITA
2767,914,Denmark,"Ongoing, recruitment ended",DNK
2768,914,Belgium,"Ongoing, recruitment ended",BEL
2769,914,Austria,"Ongoing, recruitment ended",AUT
2770,914,Germany,"Ongoing, recruitment ended",DEU
2771,914,Netherlands,"Ongoing, recruitment ended",NLD
2772,914,Ireland,"Ongoing, recruitment ended",IRL
2773,914,Norway,"Ongoing, recruitment ended",NOR
2774,914,Finland,"Ongoing, recruitment ended",FIN
2775,914,Spain,"Ongoing, recruitment ended",ESP
2776,914,Sweden,"Ongoing, recruitment ended",SWE
2777,914,Italy,"Ongoing, recruitment ended",ITA
2778,915,Poland,"Ongoing, recruitment ended",POL
2779,915,Luxembourg,"Ongoing, recruitment ended",LUX
2780,915,France,"Ongoing, recruitment ended",FRA
2781,915,Austria,"Ongoing, recruitment ended",AUT
2782,915,Italy,"Ongoing, recruitment ended",ITA
2783,915,Spain,"Ongoing, recruitment ended",ESP
2784,916,Germany,Temporarily halted,DEU
2785,916,Italy,Temporarily halted,ITA
2786,916,Spain,Temporarily halted,ESP
2787,916,France,Temporarily halted,FRA
2788,917,Italy,"Ongoing, recruiting",ITA
2789,918,Norway,"Ongoing, recruiting",NOR
2790,919,Denmark,"Ongoing, recruiting",DNK
2791,919,Germany,"Ongoing, recruiting",DEU
2792,919,Spain,"Ongoing, recruiting",ESP
2793,919,Netherlands,"Ongoing, recruiting",NLD
2794,919,Sweden,"Ongoing, recruiting",SWE
2795,919,Belgium,"Ongoing, recruiting",BEL
2796,920,Italy,"Ongoing, recruiting",ITA
2797,921,Italy,"Authorised, recruiting",ITA
2798,921,Belgium,"Ongoing, recruiting",BEL
2799,921,Spain,"Ongoing, recruiting",ESP
2800,921,Portugal,"Ongoing, recruiting",PRT
2801,922,Belgium,Ended,BEL
2802,922,Poland,"Ongoing, recruitment ended",POL
2803,922,Spain,"Ongoing, recruitment ended",ESP
2804,922,Austria,Ended,AUT
2805,922,Denmark,Ended,DNK
2806,922,France,"Ongoing, recruitment ended",FRA
2807,922,Romania,"Ongoing, recruitment ended",ROU
2808,922,Italy,"Ongoing, recruitment ended",ITA
2809,922,Norway,"Ongoing, recruitment ended",NOR
2810,922,Greece,Ended,GRC
2811,922,Czechia,Ended,CZE
2812,922,Germany,Ended,DEU
2813,923,Portugal,"Ongoing, recruiting",PRT
2814,923,Italy,"Ongoing, recruiting",ITA
2815,923,Spain,"Ongoing, recruiting",ESP
2816,923,Poland,"Ongoing, recruiting",POL
2817,923,Netherlands,"Ongoing, recruiting",NLD
2818,923,Germany,"Ongoing, recruiting",DEU
2819,923,Belgium,"Ongoing, recruiting",BEL
2820,923,Austria,"Ongoing, recruiting",AUT
2821,923,France,"Ongoing, recruiting",FRA
2822,924,Spain,Ended,ESP
2823,924,Belgium,Ended,BEL
2824,924,Netherlands,Ended,NLD
2825,925,Belgium,Ended,BEL
2826,926,Poland,"Ongoing, recruiting",POL
2827,926,Germany,"Ongoing, recruiting",DEU
2828,926,France,"Ongoing, recruiting",FRA
2829,926,Finland,Ended,FIN
2830,926,Italy,"Ongoing, recruiting",ITA
2831,926,Ireland,"Ongoing, recruiting",IRL
2832,926,Sweden,"Ongoing, recruiting",SWE
2833,926,Austria,Ended,AUT
2834,926,Spain,"Ongoing, recruiting",ESP
2835,926,Netherlands,"Ongoing, recruiting",NLD
2836,926,Denmark,"Ongoing, recruiting",DNK
2837,927,Belgium,"Ongoing, recruitment ended",BEL
2838,927,Hungary,"Ongoing, recruitment ended",HUN
2839,927,Bulgaria,"Ongoing, recruitment ended",BGR
2840,928,Spain,Ended,ESP
2841,928,Germany,"Ongoing, recruitment ended",DEU
2842,928,Belgium,"Ongoing, recruitment ended",BEL
2843,929,Spain,Temporarily halted,ESP
2844,929,Italy,"Authorised, recruitment pending",ITA
2845,930,Italy,"Ongoing, recruitment ended",ITA
2846,931,France,"Authorised, recruitment pending",FRA
2847,932,Netherlands,"Ongoing, recruiting",NLD
2848,933,Netherlands,"Ongoing, recruiting",NLD
2849,934,Spain,"Ongoing, recruiting",ESP
2850,935,Belgium,"Ongoing, recruitment ended",BEL
2851,935,Spain,"Ongoing, recruitment ended",ESP
2852,935,Italy,"Ongoing, recruitment ended",ITA
2853,936,France,"Ongoing, recruiting",FRA
2854,937,Netherlands,"Ongoing, recruiting",NLD
2855,937,Finland,"Ongoing, recruiting",FIN
2856,937,Sweden,"Ongoing, recruiting",SWE
2857,937,Italy,Not authorised,ITA
2858,937,Norway,"Ongoing, recruiting",NOR
2859,937,Belgium,"Authorised, recruitment pending",BEL
2860,937,Denmark,"Authorised, recruitment pending",DNK
2861,938,Italy,"Authorised, recruitment pending",ITA
2862,939,Ireland,Ended,IRL
2863,939,Spain,"Ongoing, recruitment ended",ESP
2864,939,France,Ended,FRA
2865,939,Romania,"Ongoing, recruitment ended",ROU
2866,939,Belgium,"Ongoing, recruitment ended",BEL
2867,939,Germany,Ended,DEU
2868,939,Italy,Ended,ITA
2869,939,Greece,"Ongoing, recruitment ended",GRC
2870,940,France,Ended,FRA
2871,940,Spain,Ended,ESP
2872,941,France,"Ongoing, recruiting",FRA
2873,942,Norway,"Ongoing, recruiting",NOR
2874,943,Italy,"Authorised, recruitment pending",ITA
2875,943,Norway,"Authorised, recruitment pending",NOR
2876,943,Slovakia,"Authorised, recruitment pending",SVK
2877,943,Austria,"Authorised, recruitment pending",AUT
2878,943,Belgium,"Authorised, recruitment pending",BEL
2879,943,Germany,"Ongoing, recruitment ended",DEU
2880,943,France,"Ongoing, recruitment ended",FRA
2881,943,Spain,"Authorised, recruitment pending",ESP
2882,943,Sweden,"Authorised, recruitment pending",SWE
2883,943,Czechia,"Ongoing, recruiting",CZE
2884,943,Netherlands,"Authorised, recruitment pending",NLD
2885,943,Denmark,"Authorised, recruitment pending",DNK
2886,944,Denmark,"Ongoing, recruiting",DNK
2887,945,France,"Authorised, recruiting",FRA
2888,946,Poland,"Ongoing, recruiting",POL
2889,946,Belgium,"Ongoing, recruiting",BEL
2890,947,Hungary,"Authorised, recruiting",HUN
2891,947,Poland,"Authorised, recruiting",POL
2892,948,Poland,"Ongoing, recruitment ended",POL
2893,948,Spain,Ended,ESP
2894,948,France,"Ongoing, recruitment ended",FRA
2895,948,Netherlands,Ended,NLD
2896,949,Italy,"Ongoing, recruitment ended",ITA
2897,950,Spain,Ended,ESP
2898,951,Netherlands,Ended,NLD
2899,952,Germany,"Ongoing, recruitment ended",DEU
2900,952,Netherlands,"Ongoing, recruiting",NLD
2901,953,Belgium,"Ongoing, recruiting",BEL
2902,953,Germany,"Ongoing, recruiting",DEU
2903,953,France,"Ongoing, recruiting",FRA
2904,954,Italy,Ended,ITA
2905,954,Czechia,Ended,CZE
2906,954,Romania,Ended,ROU
2907,954,Hungary,Ended,HUN
2908,954,Poland,Ended,POL
2909,954,Belgium,Ended,BEL
2910,954,France,Ended,FRA
2911,954,Spain,Ended,ESP
2912,954,Norway,Ended,NOR
2913,954,Germany,Ended,DEU
2914,955,Italy,Ended,ITA
2915,955,Spain,Ended,ESP
2916,955,Czechia,Ended,CZE
2917,956,Estonia,Ended,EST
2918,956,Spain,Ended,ESP
2919,956,Norway,Ended,NOR
2920,956,France,Ended,FRA
2921,956,Czechia,Ended,CZE
2922,956,Poland,Ended,POL
2923,956,Greece,Ended,GRC
2924,956,Sweden,Ended,SWE
2925,956,Italy,Ended,ITA
2926,957,Portugal,"Ongoing, recruitment ended",PRT
2927,957,Germany,"Ongoing, recruitment ended",DEU
2928,957,Spain,"Ongoing, recruitment ended",ESP
2929,957,Italy,"Ongoing, recruitment ended",ITA
2930,957,Denmark,Ended,DNK
2931,957,Netherlands,"Ongoing, recruitment ended",NLD
2932,957,France,"Ongoing, recruitment ended",FRA
2933,957,Austria,"Ongoing, recruitment ended",AUT
2934,957,Greece,"Ongoing, recruiting",GRC
2935,957,Belgium,"Ongoing, recruitment ended",BEL
2936,957,Hungary,"Ongoing, recruitment ended",HUN
2937,957,Poland,"Ongoing, recruitment ended",POL
2938,957,Romania,Ended,ROU
2939,958,Italy,Ended,ITA
2940,958,Netherlands,"Ongoing, recruitment ended",NLD
2941,958,France,"Ongoing, recruitment ended",FRA
2942,958,Spain,"Ongoing, recruitment ended",ESP
2943,959,Hungary,Ended,HUN
2944,959,France,"Ongoing, recruiting",FRA
2945,959,Netherlands,"Ongoing, recruiting",NLD
2946,959,Germany,"Ongoing, recruiting",DEU
2947,959,Greece,"Ongoing, recruiting",GRC
2948,959,Poland,"Ongoing, recruiting",POL
2949,959,Italy,"Ongoing, recruiting",ITA
2950,960,Sweden,Ended,SWE
2951,961,Poland,"Ongoing, recruitment ended",POL
2952,962,Italy,"Ongoing, recruitment ended",ITA
2953,963,Greece,"Ongoing, recruiting",GRC
2954,963,Spain,"Ongoing, recruiting",ESP
2955,963,Finland,"Ongoing, recruiting",FIN
2956,963,Denmark,"Ongoing, recruiting",DNK
2957,963,Germany,"Ongoing, recruiting",DEU
2958,963,Netherlands,"Ongoing, recruiting",NLD
2959,963,Poland,"Ongoing, recruiting",POL
2960,963,Norway,"Ongoing, recruiting",NOR
2961,963,Italy,"Ongoing, recruiting",ITA
2962,963,France,"Ongoing, recruiting",FRA
2963,963,Sweden,"Ongoing, recruiting",SWE
2964,963,Belgium,"Ongoing, recruiting",BEL
2965,964,Italy,"Authorised, recruitment pending",ITA
2966,965,Spain,Ended,ESP
2967,965,Italy,Ended,ITA
2968,966,Spain,"Ongoing, recruiting",ESP
2969,967,Italy,Ended,ITA
2970,967,Germany,Ended,DEU
2971,967,Poland,Ended,POL
2972,967,France,Ended,FRA
2973,967,Spain,Ended,ESP
2974,967,Czechia,Ended,CZE
2975,967,Portugal,Ended,PRT
2976,967,Belgium,Ended,BEL
2977,968,Germany,"Ongoing, recruiting",DEU
2978,969,Austria,"Ongoing, recruiting",AUT
2979,970,Germany,Temporarily halted,DEU
2980,970,Poland,Temporarily halted,POL
2981,970,Spain,Temporarily halted,ESP
2982,970,France,Temporarily halted,FRA
2983,970,Belgium,"Authorised, recruitment pending",BEL
2984,970,Italy,Temporarily halted,ITA
2985,970,Greece,"Authorised, recruitment pending",GRC
2986,970,Romania,Temporarily halted,ROU
2987,970,Netherlands,Temporarily halted,NLD
2988,971,Sweden,"Ongoing, recruiting",SWE
2989,971,Denmark,"Ongoing, recruiting",DNK
2990,971,Hungary,"Ongoing, recruiting",HUN
2991,971,Spain,"Ongoing, recruiting",ESP
2992,972,Spain,"Ongoing, recruiting",ESP
2993,972,France,Not authorised,FRA
2994,972,Italy,"Ongoing, recruiting",ITA
2995,972,Sweden,"Authorised, recruiting",SWE
2996,973,Ireland,"Ongoing, recruiting",IRL
2997,974,Poland,Ended,POL
2998,974,Spain,Ended,ESP
2999,974,Portugal,Ended,PRT
3000,974,Belgium,Ended,BEL
3001,974,France,Ended,FRA
3002,974,Greece,Ended,GRC
3003,974,Austria,Ended,AUT
3004,974,Germany,Ended,DEU
3005,974,Italy,Ended,ITA
3006,974,Hungary,Ended,HUN
3007,974,Netherlands,Ended,NLD
3008,975,Italy,"Ongoing, recruiting",ITA
3009,975,Germany,"Ongoing, recruitment ended",DEU
3010,975,France,"Ongoing, recruiting",FRA
3011,976,Italy,"Authorised, recruiting",ITA
3012,977,France,"Ongoing, recruiting",FRA
3013,978,Belgium,"Ongoing, recruiting",BEL
3014,978,Spain,"Ongoing, recruiting",ESP
3015,979,Germany,"Ongoing, recruiting",DEU
3016,980,Spain,"Ongoing, recruiting",ESP
3017,980,Netherlands,"Ongoing, recruiting",NLD
3018,980,Belgium,"Ongoing, recruiting",BEL
3019,980,France,"Ongoing, recruiting",FRA
3020,981,Italy,Ended,ITA
3021,982,France,"Ongoing, recruiting",FRA
3022,983,Italy,"Authorised, recruitment pending",ITA
3023,984,Italy,"Ongoing, recruiting",ITA
3024,985,Norway,"Ongoing, recruiting",NOR
3025,985,Netherlands,"Ongoing, recruiting",NLD
3026,985,Spain,"Ongoing, recruiting",ESP
3027,985,Slovakia,"Ongoing, recruiting",SVK
3028,985,Ireland,"Ongoing, recruiting",IRL
3029,985,Italy,"Ongoing, recruiting",ITA
3030,985,Austria,"Ongoing, recruiting",AUT
3031,985,Hungary,Ended,HUN
3032,985,France,"Ongoing, recruiting",FRA
3033,985,Germany,"Ongoing, recruiting",DEU
3034,985,Poland,"Ongoing, recruiting",POL
3035,985,Belgium,"Ongoing, recruiting",BEL
3036,985,Portugal,"Ongoing, recruiting",PRT
3037,985,Greece,"Ongoing, recruiting",GRC
3038,986,Spain,"Ongoing, recruiting",ESP
3039,986,France,"Ongoing, recruiting",FRA
3040,987,France,"Ongoing, recruiting",FRA
3041,987,Italy,"Ongoing, recruiting",ITA
3042,987,Poland,"Ongoing, recruiting",POL
3043,987,Greece,"Ongoing, recruiting",GRC
3044,987,Denmark,"Authorised, recruiting",DNK
3045,988,France,"Ongoing, recruiting",FRA
3046,988,Spain,"Ongoing, recruiting",ESP
3047,989,Portugal,Ended,PRT
3048,989,Germany,Ended,DEU
3049,989,Greece,Ended,GRC
3050,989,Italy,Ended,ITA
3051,989,Croatia,Ended,HRV
3052,989,Spain,Ended,ESP
3053,989,France,Ended,FRA
3054,990,Germany,"Ongoing, recruitment ended",DEU
3055,991,Belgium,Ended,BEL
3056,992,Poland,Ended,POL
3057,992,Spain,Ended,ESP
3058,992,Italy,"Ongoing, recruitment ended",ITA
3059,993,Italy,"Ongoing, recruiting",ITA
3060,993,Finland,"Ongoing, recruiting",FIN
3061,993,Spain,"Ongoing, recruiting",ESP
3062,993,Belgium,"Ongoing, recruiting",BEL
3063,993,Austria,"Ongoing, recruiting",AUT
3064,993,Poland,"Ongoing, recruiting",POL
3065,993,Germany,"Ongoing, recruiting",DEU
3066,993,Greece,"Ongoing, recruiting",GRC
3067,993,France,"Ongoing, recruiting",FRA
3068,993,Czechia,"Ongoing, recruiting",CZE
3069,993,Norway,"Ongoing, recruiting",NOR
3070,993,Ireland,"Ongoing, recruiting",IRL
3071,993,Portugal,"Ongoing, recruiting",PRT
3072,993,Denmark,"Ongoing, recruiting",DNK
3073,993,Sweden,"Ongoing, recruiting",SWE
3074,994,Belgium,"Ongoing, recruiting",BEL
3075,994,France,"Ongoing, recruiting",FRA
3076,994,Spain,"Ongoing, recruiting",ESP
3077,995,Germany,"Ongoing, recruiting",DEU
3078,995,Denmark,"Ongoing, recruiting",DNK
3079,995,Italy,"Ongoing, recruiting",ITA
3080,995,Romania,"Ongoing, recruiting",ROU
3081,995,Ireland,"Ongoing, recruiting",IRL
3082,995,Poland,"Ongoing, recruiting",POL
3083,995,Czechia,"Ongoing, recruiting",CZE
3084,995,Spain,"Ongoing, recruiting",ESP
3085,995,Sweden,"Ongoing, recruiting",SWE
3086,995,France,"Ongoing, recruiting",FRA
3087,995,Austria,"Ongoing, recruiting",AUT
3088,995,Slovakia,"Ongoing, recruiting",SVK
3089,996,Spain,"Ongoing, recruiting",ESP
3090,996,Germany,"Ongoing, recruiting",DEU
3091,997,Cyprus,Ended,CYP
3092,997,Croatia,Ended,HRV
3093,997,Spain,Ended,ESP
3094,997,Greece,Ended,GRC
3095,998,Italy,Ended,ITA
3096,998,Hungary,"Ongoing, recruitment ended",HUN
3097,998,Latvia,Ended,LVA
3098,998,France,Ended,FRA
3099,998,Bulgaria,Ended,BGR
3100,998,Czechia,Ended,CZE
3101,998,Estonia,"Ongoing, recruitment ended",EST
3102,998,Lithuania,Ended,LTU
3103,998,Austria,"Ongoing, recruitment ended",AUT
3104,998,Germany,Ended,DEU
3105,998,Slovakia,Ended,SVK
3106,998,Poland,"Ongoing, recruitment ended",POL
3107,998,Romania,Ended,ROU
3108,999,Romania,"Ongoing, recruitment ended",ROU
3109,999,Bulgaria,"Ongoing, recruitment ended",BGR
3110,999,Finland,"Ongoing, recruitment ended",FIN
3111,999,Spain,"Ongoing, recruitment ended",ESP
3112,999,Poland,"Ongoing, recruitment ended",POL
3113,999,Netherlands,"Ongoing, recruitment ended",NLD
3114,999,Belgium,"Ongoing, recruitment ended",BEL
3115,999,Czechia,"Ongoing, recruitment ended",CZE
3116,999,Italy,"Ongoing, recruitment ended",ITA
3117,999,Lithuania,"Ongoing, recruitment ended",LTU
3118,1000,France,"Ongoing, recruiting",FRA
3119,1001,France,"Ongoing, recruiting",FRA
3120,1002,Hungary,"Ongoing, recruiting",HUN
3121,1002,Spain,"Ongoing, recruiting",ESP
3122,1002,Italy,"Ongoing, recruiting",ITA
3123,1002,Germany,"Ongoing, recruiting",DEU
3124,1002,France,"Ongoing, recruiting",FRA
3125,1003,Italy,"Ongoing, recruiting",ITA
3126,1004,Belgium,"Ongoing, recruitment ended",BEL
3127,1004,Italy,"Ongoing, recruitment ended",ITA
3128,1004,Portugal,"Ongoing, recruitment ended",PRT
3129,1004,Czechia,"Ongoing, recruitment ended",CZE
3130,1004,Austria,"Ongoing, recruitment ended",AUT
3131,1004,France,"Ongoing, recruitment ended",FRA
3132,1004,Germany,"Ongoing, recruitment ended",DEU
3133,1004,Greece,"Ongoing, recruitment ended",GRC
3134,1004,Hungary,"Ongoing, recruitment ended",HUN
3135,1004,Poland,"Ongoing, recruitment ended",POL
3136,1004,Spain,"Ongoing, recruitment ended",ESP
3137,1005,France,"Authorised, recruitment pending",FRA
3138,1006,Norway,"Ongoing, recruiting",NOR
3139,1007,France,"Authorised, recruiting",FRA
3140,1008,Greece,"Authorised, recruitment pending",GRC
3141,1008,Spain,"Authorised, recruitment pending",ESP
3142,1008,Poland,"Authorised, recruitment pending",POL
3143,1008,Italy,"Authorised, recruitment pending",ITA
3144,1008,Austria,"Authorised, recruitment pending",AUT
3145,1008,Czechia,"Authorised, recruitment pending",CZE
3146,1008,Belgium,"Authorised, recruitment pending",BEL
3147,1008,Germany,"Authorised, recruitment pending",DEU
3148,1008,Netherlands,"Authorised, recruitment pending",NLD
3149,1008,France,"Authorised, recruitment pending",FRA
3150,1009,Spain,Ended,ESP
3151,1009,Greece,Ended,GRC
3152,1009,Italy,Ended,ITA
3153,1009,Germany,Ended,DEU
3154,1009,France,Ended,FRA
3155,1010,Portugal,"Ongoing, recruiting",PRT
3156,1011,Spain,"Ongoing, recruiting",ESP
3157,1011,France,"Ongoing, recruitment ended",FRA
3158,1011,Netherlands,"Ongoing, recruiting",NLD
3159,1011,Belgium,"Ongoing, recruitment ended",BEL
3160,1012,France,"Ongoing, recruiting",FRA
3161,1013,Spain,"Ongoing, recruiting",ESP
3162,1013,Poland,"Ongoing, recruiting",POL
3163,1013,Netherlands,"Ongoing, recruiting",NLD
3164,1013,Italy,"Ongoing, recruiting",ITA
3165,1013,Germany,"Ongoing, recruiting",DEU
3166,1013,Ireland,"Ongoing, recruiting",IRL
3167,1013,France,"Ongoing, recruiting",FRA
3168,1014,Denmark,"Ongoing, recruitment ended",DNK
3169,1014,Sweden,"Ongoing, recruitment ended",SWE
3170,1015,Poland,"Ongoing, recruitment ended",POL
3171,1016,Denmark,Not authorised,DNK
3172,1016,Finland,"Ongoing, recruitment ended",FIN
3173,1016,France,"Ongoing, recruitment ended",FRA
3174,1016,Spain,"Ongoing, recruitment ended",ESP
3175,1016,Netherlands,"Ongoing, recruitment ended",NLD
3176,1016,Poland,"Ongoing, recruitment ended",POL
3177,1016,Czechia,"Ongoing, recruitment ended",CZE
3178,1016,Hungary,"Ongoing, recruitment ended",HUN
3179,1016,Italy,"Ongoing, recruitment ended",ITA
3180,1016,Germany,"Ongoing, recruitment ended",DEU
3181,1016,Slovakia,"Ongoing, recruitment ended",SVK
3182,1016,Bulgaria,"Ongoing, recruitment ended",BGR
3183,1016,Greece,"Ongoing, recruitment ended",GRC
3184,1016,Croatia,"Ongoing, recruitment ended",HRV
3185,1017,Spain,"Ongoing, recruitment ended",ESP
3186,1017,Slovakia,"Ongoing, recruitment ended",SVK
3187,1017,Poland,"Ongoing, recruitment ended",POL
3188,1017,Belgium,"Ongoing, recruitment ended",BEL
3189,1017,Czechia,"Ongoing, recruitment ended",CZE
3190,1017,Netherlands,"Ongoing, recruitment ended",NLD
3191,1017,France,"Ongoing, recruitment ended",FRA
3192,1017,Bulgaria,"Ongoing, recruitment ended",BGR
3193,1017,Germany,"Ongoing, recruitment ended",DEU
3194,1018,Germany,"Ongoing, recruiting",DEU
3195,1019,Portugal,"Authorised, recruitment pending",PRT
3196,1019,Slovakia,"Authorised, recruiting",SVK
3197,1019,Croatia,Ended,HRV
3198,1019,Romania,"Authorised, recruiting",ROU
3199,1019,Spain,"Authorised, recruiting",ESP
3200,1019,Germany,Ended,DEU
3201,1019,Greece,"Authorised, recruiting",GRC
3202,1019,Poland,"Authorised, recruiting",POL
3203,1019,Italy,"Authorised, recruiting",ITA
3204,1020,Belgium,Ended,BEL
3205,1020,Italy,Ended,ITA
3206,1020,Spain,Ended,ESP
3207,1020,France,Ended,FRA
3208,1021,Poland,"Ongoing, recruitment ended",POL
3209,1021,Germany,"Ongoing, recruitment ended",DEU
3210,1021,Portugal,"Ongoing, recruitment ended",PRT
3211,1021,Denmark,"Ongoing, recruitment ended",DNK
3212,1021,France,"Ongoing, recruitment ended",FRA
3213,1021,Austria,"Ongoing, recruitment ended",AUT
3214,1021,Italy,"Ongoing, recruitment ended",ITA
3215,1021,Spain,"Ongoing, recruitment ended",ESP
3216,1022,Spain,"Ongoing, recruiting",ESP
3217,1023,Denmark,"Ongoing, recruiting",DNK
3218,1024,Poland,Ended,POL
3219,1024,Spain,Ended,ESP
3220,1024,Czechia,Ended,CZE
3221,1024,Italy,Ended,ITA
3222,1024,Greece,Ended,GRC
3223,1024,Romania,Ended,ROU
3224,1024,Germany,Ended,DEU
3225,1025,France,"Ongoing, recruiting",FRA
3226,1025,Lithuania,"Authorised, recruitment pending",LTU
3227,1025,Norway,"Authorised, recruitment pending",NOR
3228,1025,Finland,"Authorised, recruitment pending",FIN
3229,1025,Spain,"Authorised, recruitment pending",ESP
3230,1025,Italy,"Ongoing, recruiting",ITA
3231,1025,Czechia,"Authorised, recruitment pending",CZE
3232,1025,Germany,"Authorised, recruitment pending",DEU
3233,1025,Hungary,"Authorised, recruitment pending",HUN
3234,1025,Slovakia,"Authorised, recruitment pending",SVK
3235,1025,Denmark,"Authorised, recruitment pending",DNK
3236,1025,Austria,"Authorised, recruitment pending",AUT
3237,1025,Netherlands,"Authorised, recruitment pending",NLD
3238,1026,Italy,"Ongoing, recruitment ended",ITA
3239,1026,Greece,Ended,GRC
3240,1026,Spain,"Ongoing, recruitment ended",ESP
3241,1026,France,"Ongoing, recruitment ended",FRA
3242,1026,Germany,"Ongoing, recruitment ended",DEU
3243,1026,Austria,"Ongoing, recruitment ended",AUT
3244,1026,Ireland,Ended,IRL
3245,1026,Poland,Ended,POL
3246,1027,Spain,"Ongoing, recruiting",ESP
3247,1028,Netherlands,Ended,NLD
3248,1029,Spain,"Ongoing, recruitment ended",ESP
3249,1029,Poland,"Ongoing, recruitment ended",POL
3250,1029,Netherlands,"Ongoing, recruitment ended",NLD
3251,1029,France,"Ongoing, recruitment ended",FRA
3252,1029,Portugal,"Ongoing, recruitment ended",PRT
3253,1029,Romania,"Ongoing, recruitment ended",ROU
3254,1029,Germany,"Ongoing, recruitment ended",DEU
3255,1029,Lithuania,"Ongoing, recruitment ended",LTU
3256,1029,Czechia,"Ongoing, recruitment ended",CZE
3257,1029,Belgium,"Ongoing, recruitment ended",BEL
3258,1029,Italy,"Ongoing, recruitment ended",ITA
3259,1030,Greece,"Ongoing, recruitment ended",GRC
3260,1030,Italy,"Ongoing, recruitment ended",ITA
3261,1030,Spain,"Ongoing, recruitment ended",ESP
3262,1030,Hungary,"Ongoing, recruitment ended",HUN
3263,1030,Poland,"Ongoing, recruitment ended",POL
3264,1031,Italy,"Ongoing, recruiting",ITA
3265,1032,Austria,"Ongoing, recruiting",AUT
3266,1033,Spain,"Ongoing, recruiting",ESP
3267,1034,Italy,"Authorised, recruiting",ITA
3268,1034,Germany,"Authorised, recruitment pending",DEU
3269,1034,Greece,"Authorised, recruiting",GRC
3270,1034,Poland,"Authorised, recruitment pending",POL
3271,1034,Hungary,"Authorised, recruitment pending",HUN
3272,1034,Spain,"Ongoing, recruiting",ESP
3273,1035,Sweden,Ended,SWE
3274,1036,France,"Ongoing, recruiting",FRA
3275,1036,Belgium,"Ongoing, recruitment ended",BEL
3276,1037,Lithuania,Ended,LTU
3277,1038,Sweden,"Ongoing, recruiting",SWE
3278,1038,Netherlands,"Ongoing, recruiting",NLD
3279,1038,Spain,"Ongoing, recruiting",ESP
3280,1038,Germany,"Ongoing, recruiting",DEU
3281,1038,France,"Ongoing, recruiting",FRA
3282,1038,Italy,"Ongoing, recruiting",ITA
3283,1039,Belgium,"Ongoing, recruiting",BEL
3284,1040,Spain,Ended,ESP
3285,1040,France,Ended,FRA
3286,1040,Italy,Ended,ITA
3287,1040,Poland,Ended,POL
3288,1041,Norway,"Ongoing, recruitment ended",NOR
3289,1041,France,"Ongoing, recruitment ended",FRA
3290,1041,Germany,"Ongoing, recruitment ended",DEU
3291,1041,Netherlands,"Ongoing, recruitment ended",NLD
3292,1041,Spain,"Ongoing, recruitment ended",ESP
3293,1041,Poland,Ended,POL
3294,1041,Hungary,Ended,HUN
3295,1041,Italy,"Ongoing, recruitment ended",ITA
3296,1042,Netherlands,"Ongoing, recruiting",NLD
3297,1042,Italy,"Ongoing, recruiting",ITA
3298,1042,Belgium,"Authorised, recruiting",BEL
3299,1042,Hungary,"Ongoing, recruiting",HUN
3300,1042,Germany,"Ongoing, recruiting",DEU
3301,1042,Spain,"Authorised, recruiting",ESP
3302,1042,France,"Ongoing, recruiting",FRA
3303,1042,Austria,"Ongoing, recruiting",AUT
3304,1042,Poland,"Ongoing, recruiting",POL
3305,1043,France,Ended,FRA
3306,1043,Poland,Ended,POL
3307,1043,Czechia,Ended,CZE
3308,1044,France,"Ongoing, recruiting",FRA
3309,1045,France,"Ongoing, recruiting",FRA
3310,1045,Spain,"Ongoing, recruiting",ESP
3311,1045,Germany,"Authorised, recruitment pending",DEU
3312,1046,Belgium,Ended,BEL
3313,1046,Germany,Ended,DEU
3314,1046,Finland,Ended,FIN
3315,1046,Lithuania,"Ongoing, recruitment ended",LTU
3316,1046,Spain,Ended,ESP
3317,1046,Bulgaria,Ended,BGR
3318,1046,Poland,Ended,POL
3319,1046,Netherlands,Ended,NLD
3320,1046,Estonia,Ended,EST
3321,1046,Slovakia,Ended,SVK
3322,1046,Romania,Ended,ROU
3323,1046,Sweden,Ended,SWE
3324,1046,Latvia,"Ongoing, recruitment ended",LVA
3325,1046,Czechia,Ended,CZE
3326,1046,Hungary,"Ongoing, recruitment ended",HUN
3327,1046,France,Ended,FRA
3328,1046,Italy,Ended,ITA
3329,1047,France,"Ongoing, recruiting",FRA
3330,1047,Spain,"Ongoing, recruiting",ESP
3331,1048,Spain,Ended,ESP
3332,1048,France,"Ongoing, recruitment ended",FRA
3333,1049,Poland,Ended,POL
3334,1049,Hungary,Ended,HUN
3335,1049,Spain,Ended,ESP
3336,1049,Italy,Ended,ITA
3337,1049,Austria,Ended,AUT
3338,1050,Spain,Ended,ESP
3339,1050,Hungary,Ended,HUN
3340,1050,France,Ended,FRA
3341,1050,Denmark,Ended,DNK
3342,1050,Italy,Ended,ITA
3343,1050,Romania,Ended,ROU
3344,1051,Italy,"Authorised, recruiting",ITA
3345,1051,Poland,"Authorised, recruitment pending",POL
3346,1051,Spain,"Authorised, recruiting",ESP
3347,1051,Finland,"Authorised, recruiting",FIN
3348,1051,Netherlands,"Authorised, recruiting",NLD
3349,1052,Poland,"Ongoing, recruiting",POL
3350,1052,Italy,"Authorised, recruitment pending",ITA
3351,1053,France,"Ongoing, recruiting",FRA
3352,1054,Italy,Ended,ITA
3353,1054,Belgium,Ended,BEL
3354,1054,Romania,Ended,ROU
3355,1054,Portugal,Ended,PRT
3356,1054,Netherlands,Ended,NLD
3357,1054,Finland,Ended,FIN
3358,1054,Spain,"Ongoing, recruitment ended",ESP
3359,1054,Czechia,Ended,CZE
3360,1054,Bulgaria,Ended,BGR
3361,1054,Germany,Ended,DEU
3362,1054,France,"Ongoing, recruitment ended",FRA
3363,1054,Greece,Ended,GRC
3364,1054,Poland,Ended,POL
3365,1054,Sweden,"Ongoing, recruitment ended",SWE
3366,1054,Hungary,Ended,HUN
3367,1054,Croatia,Ended,HRV
3368,1054,Estonia,Ended,EST
3369,1054,Slovenia,Ended,SVN
3370,1054,Norway,Ended,NOR
3371,1054,Slovakia,Ended,SVK
3372,1055,Spain,"Ongoing, recruitment ended",ESP
3373,1055,Italy,Ended,ITA
3374,1056,Italy,"Ongoing, recruiting",ITA
3375,1056,Germany,"Ongoing, recruiting",DEU
3376,1056,Sweden,"Ongoing, recruiting",SWE
3377,1056,France,"Ongoing, recruiting",FRA
3378,1056,Netherlands,Ended,NLD
3379,1056,Portugal,Ended,PRT
3380,1057,Netherlands,"Authorised, recruiting",NLD
3381,1058,France,"Ongoing, recruitment ended",FRA
3382,1058,Greece,"Ongoing, recruitment ended",GRC
3383,1058,Spain,"Ongoing, recruitment ended",ESP
3384,1059,Poland,"Ongoing, recruitment ended",POL
3385,1059,Spain,"Ongoing, recruitment ended",ESP
3386,1059,Germany,"Ongoing, recruitment ended",DEU
3387,1060,France,Ended,FRA
3388,1060,Spain,Ended,ESP
3389,1061,Germany,"Ongoing, recruiting",DEU
3390,1061,Netherlands,"Ongoing, recruiting",NLD
3391,1062,Spain,Ended,ESP
3392,1063,France,Ended,FRA
3393,1063,Greece,Ended,GRC
3394,1064,Germany,"Ongoing, recruitment ended",DEU
3395,1064,Spain,"Ongoing, recruitment ended",ESP
3396,1064,Austria,"Ongoing, recruitment ended",AUT
3397,1064,Italy,"Ongoing, recruitment ended",ITA
3398,1064,France,"Ongoing, recruitment ended",FRA
3399,1064,Poland,"Ongoing, recruitment ended",POL
3400,1064,Czechia,"Ongoing, recruitment ended",CZE
3401,1064,Slovakia,Ended,SVK
3402,1064,Belgium,"Ongoing, recruitment ended",BEL
3403,1064,Netherlands,"Ongoing, recruitment ended",NLD
3404,1064,Romania,"Ongoing, recruitment ended",ROU
3405,1064,Hungary,"Ongoing, recruitment ended",HUN
3406,1065,Germany,"Ongoing, recruitment ended",DEU
3407,1065,Spain,"Ongoing, recruitment ended",ESP
3408,1065,Sweden,"Ongoing, recruitment ended",SWE
3409,1065,Denmark,"Ongoing, recruitment ended",DNK
3410,1065,Hungary,Ended,HUN
3411,1065,France,"Ongoing, recruitment ended",FRA
3412,1065,Czechia,"Ongoing, recruitment ended",CZE
3413,1065,Netherlands,"Ongoing, recruitment ended",NLD
3414,1065,Italy,"Ongoing, recruitment ended",ITA
3415,1065,Poland,"Ongoing, recruitment ended",POL
3416,1065,Norway,"Ongoing, recruitment ended",NOR
3417,1066,Austria,"Ongoing, recruiting",AUT
3418,1067,Italy,"Ongoing, recruiting",ITA
3419,1068,France,"Ongoing, recruiting",FRA
3420,1068,Belgium,"Authorised, recruitment pending",BEL
3421,1068,Ireland,"Authorised, recruitment pending",IRL
3422,1068,Spain,"Authorised, recruitment pending",ESP
3423,1069,Italy,"Ongoing, recruitment ended",ITA
3424,1070,Portugal,"Ongoing, recruitment ended",PRT
3425,1070,Hungary,"Ongoing, recruitment ended",HUN
3426,1070,Bulgaria,"Ongoing, recruitment ended",BGR
3427,1070,Poland,"Ongoing, recruitment ended",POL
3428,1070,Czechia,"Ongoing, recruitment ended",CZE
3429,1070,Croatia,"Ongoing, recruitment ended",HRV
3430,1070,Netherlands,"Ongoing, recruitment ended",NLD
3431,1070,Romania,"Ongoing, recruitment ended",ROU
3432,1070,Belgium,"Ongoing, recruitment ended",BEL
3433,1070,Greece,"Ongoing, recruitment ended",GRC
3434,1070,France,"Ongoing, recruitment ended",FRA
3435,1071,Spain,"Ongoing, recruitment ended",ESP
3436,1071,Germany,"Ongoing, recruitment ended",DEU
3437,1071,Poland,"Ongoing, recruitment ended",POL
3438,1071,Italy,"Ongoing, recruitment ended",ITA
3439,1072,Norway,"Ongoing, recruiting",NOR
3440,1073,Czechia,"Ongoing, recruitment ended",CZE
3441,1073,Netherlands,Ended,NLD
3442,1073,Slovakia,"Ongoing, recruitment ended",SVK
3443,1073,Belgium,Ended,BEL
3444,1073,Italy,Ended,ITA
3445,1073,France,Ended,FRA
3446,1074,Sweden,"Ongoing, recruiting",SWE
3447,1074,Spain,"Ongoing, recruiting",ESP
3448,1075,Spain,"Authorised, recruitment pending",ESP
3449,1076,Austria,"Ongoing, recruitment ended",AUT
3450,1076,Spain,"Ongoing, recruitment ended",ESP
3451,1077,Belgium,"Ongoing, recruitment ended",BEL
3452,1077,Denmark,"Ongoing, recruitment ended",DNK
3453,1077,Germany,"Ongoing, recruitment ended",DEU
3454,1077,Poland,"Ongoing, recruitment ended",POL
3455,1077,France,"Ongoing, recruitment ended",FRA
3456,1077,Spain,"Ongoing, recruitment ended",ESP
3457,1077,Italy,"Ongoing, recruitment ended",ITA
3458,1078,Germany,"Ongoing, recruiting",DEU
3459,1078,Austria,"Ongoing, recruiting",AUT
3460,1079,Netherlands,"Ongoing, recruiting",NLD
3461,1080,France,"Ongoing, recruitment ended",FRA
3462,1080,Italy,"Ongoing, recruitment ended",ITA
3463,1080,Germany,"Ongoing, recruitment ended",DEU
3464,1080,Spain,"Ongoing, recruitment ended",ESP
3465,1080,Denmark,"Ongoing, recruitment ended",DNK
3466,1081,Denmark,"Ongoing, recruitment ended",DNK
3467,1081,Netherlands,"Ongoing, recruitment ended",NLD
3468,1081,Sweden,"Ongoing, recruitment ended",SWE
3469,1082,Italy,"Ongoing, recruiting",ITA
3470,1083,Spain,"Ongoing, recruiting",ESP
3471,1083,France,"Ongoing, recruiting",FRA
3472,1084,Germany,"Ongoing, recruiting",DEU
3473,1085,Spain,Ended,ESP
3474,1085,France,"Ongoing, recruitment ended",FRA
3475,1086,Belgium,"Ongoing, recruiting",BEL
3476,1086,France,"Authorised, recruiting",FRA
3477,1086,Spain,"Ongoing, recruiting",ESP
3478,1086,Italy,"Authorised, recruiting",ITA
3479,1087,Hungary,"Ongoing, recruiting",HUN
3480,1087,Romania,"Ongoing, recruiting",ROU
3481,1087,Netherlands,"Ongoing, recruiting",NLD
3482,1087,Austria,"Ongoing, recruiting",AUT
3483,1087,Croatia,"Ongoing, recruiting",HRV
3484,1087,France,"Ongoing, recruiting",FRA
3485,1087,Ireland,"Ongoing, recruiting",IRL
3486,1087,Bulgaria,"Ongoing, recruiting",BGR
3487,1087,Germany,"Ongoing, recruiting",DEU
3488,1087,Poland,"Ongoing, recruiting",POL
3489,1087,Greece,"Ongoing, recruiting",GRC
3490,1087,Italy,"Ongoing, recruiting",ITA
3491,1087,Portugal,"Ongoing, recruiting",PRT
3492,1087,Spain,"Ongoing, recruiting",ESP
3493,1087,Belgium,"Ongoing, recruiting",BEL
3494,1088,France,Ended,FRA
3495,1088,Italy,Ended,ITA
3496,1088,Belgium,Ended,BEL
3497,1088,Spain,Ended,ESP
3498,1089,Poland,Ended,POL
3499,1089,Spain,"Ongoing, recruitment ended",ESP
3500,1089,Italy,Ended,ITA
3501,1089,Hungary,Ended,HUN
3502,1090,Spain,"Ongoing, recruiting",ESP
3503,1090,France,"Authorised, recruiting",FRA
3504,1091,Italy,"Ongoing, recruitment ended",ITA
3505,1091,Bulgaria,"Ongoing, recruitment ended",BGR
3506,1091,Poland,Ended,POL
3507,1091,Romania,"Ongoing, recruitment ended",ROU
3508,1091,France,"Ongoing, recruitment ended",FRA
3509,1091,Spain,"Ongoing, recruitment ended",ESP
3510,1091,Hungary,"Ongoing, recruitment ended",HUN
3511,1092,Poland,"Ongoing, recruiting",POL
3512,1092,Spain,"Ongoing, recruiting",ESP
3513,1092,Romania,"Ongoing, recruitment ended",ROU
3514,1092,Hungary,"Ongoing, recruiting",HUN
3515,1092,Greece,"Ongoing, recruiting",GRC
3516,1093,Netherlands,Ended,NLD
3517,1094,Greece,"Authorised, recruitment pending",GRC
3518,1095,Italy,Ended,ITA
3519,1096,Germany,Ended,DEU
3520,1096,Poland,Ended,POL
3521,1096,Bulgaria,Ended,BGR
3522,1096,Spain,Ended,ESP
3523,1096,Hungary,Ended,HUN
3524,1096,Czechia,Ended,CZE
3525,1097,Poland,Temporarily halted,POL
3526,1097,Austria,Temporarily halted,AUT
3527,1098,Finland,"Ongoing, recruitment ended",FIN
3528,1098,Netherlands,"Ongoing, recruitment ended",NLD
3529,1098,Spain,"Ongoing, recruitment ended",ESP
3530,1098,Poland,"Ongoing, recruitment ended",POL
3531,1098,Slovakia,"Ongoing, recruitment ended",SVK
3532,1098,Bulgaria,"Ongoing, recruitment ended",BGR
3533,1098,Sweden,"Ongoing, recruitment ended",SWE
3534,1098,Czechia,"Ongoing, recruitment ended",CZE
3535,1098,Belgium,"Ongoing, recruitment ended",BEL
3536,1098,Romania,"Ongoing, recruitment ended",ROU
3537,1098,Hungary,"Ongoing, recruitment ended",HUN
3538,1098,Italy,"Ongoing, recruitment ended",ITA
3539,1098,Croatia,"Ongoing, recruitment ended",HRV
3540,1098,Latvia,"Ongoing, recruitment ended",LVA
3541,1098,Germany,"Ongoing, recruitment ended",DEU
3542,1098,Lithuania,"Ongoing, recruitment ended",LTU
3543,1098,Estonia,"Ongoing, recruitment ended",EST
3544,1098,France,"Ongoing, recruitment ended",FRA
3545,1098,Austria,"Ongoing, recruitment ended",AUT
3546,1098,Portugal,"Ongoing, recruitment ended",PRT
3547,1099,France,"Ongoing, recruiting",FRA
3548,1099,Spain,"Ongoing, recruiting",ESP
3549,1099,Germany,"Ongoing, recruiting",DEU
3550,1099,Portugal,Ended,PRT
3551,1099,Italy,Ended,ITA
3552,1099,Belgium,"Ongoing, recruiting",BEL
3553,1099,Greece,Ended,GRC
3554,1099,Poland,"Ongoing, recruiting",POL
3555,1100,Ireland,"Authorised, recruitment pending",IRL
3556,1100,Greece,"Authorised, recruitment pending",GRC
3557,1100,Czechia,"Authorised, recruitment pending",CZE
3558,1100,France,"Authorised, recruitment pending",FRA
3559,1100,Sweden,"Authorised, recruitment pending",SWE
3560,1100,Belgium,"Ongoing, recruiting",BEL
3561,1100,Denmark,"Authorised, recruitment pending",DNK
3562,1100,Spain,"Authorised, recruitment pending",ESP
3563,1100,Italy,"Authorised, recruitment pending",ITA
3564,1100,Germany,"Authorised, recruitment pending",DEU
3565,1101,Austria,"Authorised, recruiting",AUT
3566,1101,Netherlands,"Ongoing, recruiting",NLD
3567,1101,Belgium,"Authorised, recruitment pending",BEL
3568,1101,Denmark,"Authorised, recruitment pending",DNK
3569,1102,Spain,Ended,ESP
3570,1102,Italy,Ended,ITA
3571,1102,Poland,Ended,POL
3572,1103,Ireland,"Authorised, recruitment pending",IRL
3573,1103,Sweden,"Authorised, recruitment pending",SWE
3574,1103,Netherlands,"Authorised, recruitment pending",NLD
3575,1104,France,Ended,FRA
3576,1104,Denmark,Ended,DNK
3577,1104,Greece,Ended,GRC
3578,1104,Romania,Ended,ROU
3579,1104,Germany,Ended,DEU
3580,1104,Austria,Ended,AUT
3581,1104,Netherlands,Ended,NLD
3582,1104,Ireland,Ended,IRL
3583,1104,Spain,Ended,ESP
3584,1104,Italy,Ended,ITA
3585,1104,Sweden,Ended,SWE
3586,1104,Belgium,Ended,BEL
3587,1104,Poland,Ended,POL
3588,1105,Spain,"Ongoing, recruiting",ESP
3589,1105,Italy,"Ongoing, recruiting",ITA
3590,1105,Germany,"Ongoing, recruiting",DEU
3591,1105,Netherlands,"Ongoing, recruiting",NLD
3592,1105,France,"Ongoing, recruiting",FRA
3593,1106,Netherlands,"Ongoing, recruitment ended",NLD
3594,1107,Spain,"Authorised, recruitment pending",ESP
3595,1108,France,"Authorised, recruitment pending",FRA
3596,1109,France,"Ongoing, recruiting",FRA
3597,1109,Germany,"Ongoing, recruiting",DEU
3598,1109,Spain,"Ongoing, recruiting",ESP
3599,1109,Denmark,"Authorised, recruiting",DNK
3600,1109,Netherlands,"Ongoing, recruiting",NLD
3601,1109,Czechia,"Authorised, recruiting",CZE
3602,1109,Romania,"Ongoing, recruiting",ROU
3603,1109,Bulgaria,"Ongoing, recruiting",BGR
3604,1109,Greece,"Ongoing, recruiting",GRC
3605,1109,Poland,"Ongoing, recruiting",POL
3606,1109,Italy,"Ongoing, recruiting",ITA
3607,1109,Belgium,"Ongoing, recruiting",BEL
3608,1109,Hungary,"Authorised, recruiting",HUN
3609,1110,Poland,"Ongoing, recruiting",POL
3610,1110,Spain,"Ongoing, recruiting",ESP
3611,1110,Netherlands,"Ongoing, recruiting",NLD
3612,1110,Italy,"Ongoing, recruiting",ITA
3613,1110,Finland,"Authorised, recruiting",FIN
3614,1110,Romania,"Ongoing, recruiting",ROU
3615,1110,France,"Ongoing, recruiting",FRA
3616,1110,Germany,"Ongoing, recruiting",DEU
3617,1110,Hungary,"Ongoing, recruiting",HUN
3618,1111,Belgium,Ended,BEL
3619,1111,Italy,Ended,ITA
3620,1111,France,Ended,FRA
3621,1111,Greece,Ended,GRC
3622,1112,Spain,"Ongoing, recruitment ended",ESP
3623,1112,France,"Ongoing, recruitment ended",FRA
3624,1112,Germany,"Ongoing, recruitment ended",DEU
3625,1112,Italy,"Ongoing, recruitment ended",ITA
3626,1112,Denmark,"Ongoing, recruitment ended",DNK
3627,1113,Spain,"Ongoing, recruiting",ESP
3628,1114,Spain,"Ongoing, recruiting",ESP
3629,1115,Netherlands,"Ongoing, recruitment ended",NLD
3630,1115,Slovakia,"Ongoing, recruitment ended",SVK
3631,1115,Germany,"Ongoing, recruitment ended",DEU
3632,1115,Czechia,"Ongoing, recruitment ended",CZE
3633,1115,Italy,"Ongoing, recruitment ended",ITA
3634,1115,France,"Ongoing, recruitment ended",FRA
3635,1115,Spain,"Ongoing, recruitment ended",ESP
3636,1115,Greece,Ended,GRC
3637,1116,Spain,Ended,ESP
3638,1116,Portugal,"Ongoing, recruitment ended",PRT
3639,1116,Netherlands,Ended,NLD
3640,1116,Germany,Ended,DEU
3641,1116,France,Ended,FRA
3642,1116,Italy,"Ongoing, recruitment ended",ITA
3643,1116,Poland,Ended,POL
3644,1117,Germany,"Authorised, recruitment pending",DEU
3645,1117,Poland,"Authorised, recruitment pending",POL
3646,1117,France,"Ongoing, recruiting",FRA
3647,1117,Greece,"Ongoing, recruiting",GRC
3648,1117,Spain,"Authorised, recruiting",ESP
3649,1117,Portugal,"Ongoing, recruiting",PRT
3650,1117,Italy,"Ongoing, recruiting",ITA
3651,1118,Spain,"Ongoing, recruiting",ESP
3652,1118,Belgium,"Ongoing, recruiting",BEL
3653,1118,Poland,"Authorised, recruitment pending",POL
3654,1119,Poland,"Ongoing, recruiting",POL
3655,1119,Germany,"Ongoing, recruiting",DEU
3656,1120,Spain,"Ongoing, recruiting",ESP
3657,1120,Italy,"Ongoing, recruiting",ITA
3658,1120,France,"Ongoing, recruiting",FRA
3659,1120,Germany,"Ongoing, recruiting",DEU
3660,1120,Sweden,"Ongoing, recruiting",SWE
3661,1120,Norway,"Ongoing, recruiting",NOR
3662,1120,Netherlands,"Ongoing, recruiting",NLD
3663,1121,Spain,"Ongoing, recruiting",ESP
3664,1121,France,"Ongoing, recruiting",FRA
3665,1122,Germany,"Authorised, recruiting",DEU
3666,1123,Netherlands,"Ongoing, recruiting",NLD
3667,1123,Austria,"Ongoing, recruitment ended",AUT
3668,1123,Czechia,"Ongoing, recruiting",CZE
3669,1123,Denmark,"Ongoing, recruiting",DNK
3670,1123,Finland,"Ongoing, recruiting",FIN
3671,1123,Hungary,"Ongoing, recruiting",HUN
3672,1123,Sweden,"Ongoing, recruiting",SWE
3673,1123,Norway,"Authorised, recruiting",NOR
3674,1123,Poland,Ended,POL
3675,1123,Portugal,"Ongoing, recruiting",PRT
3676,1123,Italy,"Ongoing, recruiting",ITA
3677,1123,Belgium,"Ongoing, recruiting",BEL
3678,1123,Ireland,"Ongoing, recruiting",IRL
3679,1123,France,"Ongoing, recruiting",FRA
3680,1123,Lithuania,Temporarily halted,LTU
3681,1123,Germany,"Ongoing, recruiting",DEU
3682,1123,Slovakia,Temporarily halted,SVK
3683,1123,Spain,"Ongoing, recruiting",ESP
3684,1123,Greece,"Authorised, recruiting",GRC
3685,1124,Germany,Ended,DEU
3686,1125,Germany,"Authorised, recruitment pending",DEU
3687,1125,Poland,"Ongoing, recruiting",POL
3688,1126,Spain,Ended,ESP
3689,1126,Bulgaria,Ended,BGR
3690,1126,Croatia,Ended,HRV
3691,1127,Netherlands,"Ongoing, recruitment ended",NLD
3692,1127,Sweden,"Authorised, recruitment pending",SWE
3693,1128,Italy,"Ongoing, recruiting",ITA
3694,1129,Belgium,Ended,BEL
3695,1129,Germany,Ended,DEU
3696,1129,Austria,Ended,AUT
3697,1129,France,Ended,FRA
3698,1130,Germany,"Ongoing, recruiting",DEU
3699,1131,Italy,"Ongoing, recruiting",ITA
3700,1132,Netherlands,"Ongoing, recruiting",NLD
3701,1133,Greece,"Ongoing, recruitment ended",GRC
3702,1133,Finland,Ended,FIN
3703,1133,Italy,"Ongoing, recruitment ended",ITA
3704,1133,Czechia,"Ongoing, recruitment ended",CZE
3705,1133,Denmark,"Ongoing, recruitment ended",DNK
3706,1133,Austria,"Ongoing, recruitment ended",AUT
3707,1133,Croatia,"Ongoing, recruitment ended",HRV
3708,1133,Spain,"Ongoing, recruitment ended",ESP
3709,1133,Belgium,"Ongoing, recruitment ended",BEL
3710,1133,Poland,"Ongoing, recruitment ended",POL
3711,1134,Spain,Ended,ESP
3712,1135,Italy,"Ongoing, recruitment ended",ITA
3713,1135,Austria,"Ongoing, recruitment ended",AUT
3714,1136,France,"Ongoing, recruiting",FRA
3715,1136,Belgium,"Ongoing, recruiting",BEL
3716,1136,Denmark,"Ongoing, recruiting",DNK
3717,1136,Netherlands,"Ongoing, recruiting",NLD
3718,1136,Germany,"Ongoing, recruiting",DEU
3719,1136,Austria,"Ongoing, recruiting",AUT
3720,1136,Czechia,"Ongoing, recruiting",CZE
3721,1136,Hungary,"Authorised, recruitment pending",HUN
3722,1136,Italy,"Authorised, recruitment pending",ITA
3723,1136,Spain,"Authorised, recruitment pending",ESP
3724,1136,Greece,"Authorised, recruitment pending",GRC
3725,1137,Romania,"Ongoing, recruitment ended",ROU
3726,1138,Spain,"Ongoing, recruiting",ESP
3727,1138,Czechia,"Authorised, recruiting",CZE
3728,1138,France,"Ongoing, recruiting",FRA
3729,1138,Belgium,"Ongoing, recruiting",BEL
3730,1138,Denmark,"Ongoing, recruiting",DNK
3731,1139,Belgium,"Ongoing, recruiting",BEL
3732,1140,France,"Ongoing, recruitment ended",FRA
3733,1140,Netherlands,"Ongoing, recruitment ended",NLD
3734,1140,Lithuania,Ended,LTU
3735,1141,Belgium,"Ongoing, recruiting",BEL
3736,1141,Finland,"Ongoing, recruiting",FIN
3737,1141,Italy,"Ongoing, recruiting",ITA
3738,1141,Sweden,"Ongoing, recruiting",SWE
3739,1141,Netherlands,"Ongoing, recruiting",NLD
3740,1142,Italy,Ended,ITA
3741,1142,Czechia,Ended,CZE
3742,1142,Germany,Ended,DEU
3743,1143,Spain,"Ongoing, recruiting",ESP
3744,1143,Germany,"Authorised, recruiting",DEU
3745,1143,Poland,"Authorised, recruiting",POL
3746,1143,Belgium,"Authorised, recruiting",BEL
3747,1143,France,"Authorised, recruitment pending",FRA
3748,1144,France,Ended,FRA
3749,1144,Germany,Ended,DEU
3750,1144,Spain,Ended,ESP
3751,1144,Belgium,Ended,BEL
3752,1145,Spain,"Ongoing, recruitment ended",ESP
3753,1146,Germany,"Authorised, recruitment pending",DEU
3754,1147,Netherlands,"Ongoing, recruiting",NLD
3755,1147,Poland,"Ongoing, recruiting",POL
3756,1147,Italy,"Ongoing, recruiting",ITA
3757,1147,Germany,"Ongoing, recruiting",DEU
3758,1147,Spain,"Ongoing, recruiting",ESP
3759,1147,Romania,"Ongoing, recruiting",ROU
3760,1147,Czechia,"Ongoing, recruiting",CZE
3761,1147,France,"Ongoing, recruiting",FRA
3762,1147,Sweden,"Authorised, recruitment pending",SWE
3763,1148,Belgium,"Authorised, recruiting",BEL
3764,1148,Greece,"Ongoing, recruiting",GRC
3765,1148,Austria,"Authorised, recruiting",AUT
3766,1148,Spain,"Authorised, recruiting",ESP
3767,1148,Norway,"Authorised, recruiting",NOR
3768,1148,Netherlands,"Ongoing, recruiting",NLD
3769,1148,Italy,"Authorised, recruiting",ITA
3770,1148,France,"Authorised, recruiting",FRA
3771,1149,Spain,Ended,ESP
3772,1149,France,Ended,FRA
3773,1149,Portugal,Ended,PRT
3774,1149,Poland,Ended,POL
3775,1150,Spain,"Ongoing, recruitment ended",ESP
3776,1150,Germany,"Ongoing, recruitment ended",DEU
3777,1150,Netherlands,Ended,NLD
3778,1150,Italy,"Ongoing, recruitment ended",ITA
3779,1150,Sweden,Ended,SWE
3780,1150,Hungary,Ended,HUN
3781,1150,Poland,"Ongoing, recruitment ended",POL
3782,1150,France,"Ongoing, recruitment ended",FRA
3783,1151,Belgium,"Ongoing, recruiting",BEL
3784,1151,Netherlands,"Ongoing, recruiting",NLD
3785,1151,Germany,"Ongoing, recruiting",DEU
3786,1151,Denmark,"Ongoing, recruiting",DNK
3787,1152,Germany,"Authorised, recruitment pending",DEU
3788,1152,Hungary,"Authorised, recruitment pending",HUN
3789,1152,Italy,"Authorised, recruitment pending",ITA
3790,1152,Belgium,"Authorised, recruitment pending",BEL
3791,1152,Czechia,"Authorised, recruitment pending",CZE
3792,1152,Finland,"Authorised, recruitment pending",FIN
3793,1152,Spain,"Ongoing, recruiting",ESP
3794,1152,Austria,"Authorised, recruitment pending",AUT
3795,1152,Sweden,"Authorised, recruitment pending",SWE
3796,1152,France,"Authorised, recruitment pending",FRA
3797,1152,Denmark,"Authorised, recruitment pending",DNK
3798,1152,Netherlands,"Authorised, recruitment pending",NLD
3799,1153,Germany,"Ongoing, recruiting",DEU
3800,1153,Spain,"Ongoing, recruiting",ESP
3801,1153,Poland,"Authorised, recruiting",POL
3802,1153,France,"Authorised, recruitment pending",FRA
3803,1153,Italy,"Authorised, recruitment pending",ITA
3804,1153,Romania,"Ongoing, recruiting",ROU
3805,1154,Germany,"Authorised, recruiting",DEU
3806,1154,France,"Authorised, recruitment pending",FRA
3807,1154,Spain,"Ongoing, recruiting",ESP
3808,1155,France,Ended,FRA
3809,1155,Spain,Ended,ESP
3810,1155,Germany,Ended,DEU
3811,1155,Netherlands,Ended,NLD
3812,1156,France,Not authorised,FRA
3813,1156,Netherlands,Ended,NLD
3814,1156,Spain,Ended,ESP
3815,1156,Italy,"Ongoing, recruitment ended",ITA
3816,1156,Poland,Ended,POL
3817,1156,Germany,Ended,DEU
3818,1156,Czechia,Ended,CZE
3819,1157,France,Ended,FRA
3820,1157,Spain,"Ongoing, recruitment ended",ESP
3821,1157,Italy,"Ongoing, recruitment ended",ITA
3822,1157,Germany,"Ongoing, recruitment ended",DEU
3823,1158,Poland,"Ongoing, recruitment ended",POL
3824,1158,Italy,"Ongoing, recruitment ended",ITA
3825,1159,Germany,"Authorised, recruitment pending",DEU
3826,1160,Greece,"Authorised, recruitment pending",GRC
3827,1160,Poland,"Authorised, recruitment pending",POL
3828,1160,Italy,"Authorised, recruitment pending",ITA
3829,1160,Hungary,"Authorised, recruitment pending",HUN
3830,1160,Germany,"Authorised, recruitment pending",DEU
3831,1160,Netherlands,"Authorised, recruiting",NLD
3832,1160,France,"Authorised, recruitment pending",FRA
3833,1160,Spain,"Authorised, recruitment pending",ESP
3834,1161,France,"Authorised, recruitment pending",FRA
3835,1161,Austria,"Ongoing, recruiting",AUT
3836,1161,Portugal,"Ongoing, recruiting",PRT
3837,1161,Netherlands,Ended,NLD
3838,1161,Poland,"Ongoing, recruiting",POL
3839,1161,Germany,"Ongoing, recruiting",DEU
3840,1161,Spain,"Ongoing, recruiting",ESP
3841,1161,Denmark,"Ongoing, recruiting",DNK
3842,1161,Italy,"Ongoing, recruiting",ITA
3843,1162,Spain,"Ongoing, recruiting",ESP
3844,1162,Denmark,"Ongoing, recruiting",DNK
3845,1163,Belgium,"Ongoing, recruiting",BEL
3846,1163,Netherlands,"Ongoing, recruiting",NLD
3847,1163,Germany,"Ongoing, recruiting",DEU
3848,1163,Austria,"Authorised, recruitment pending",AUT
3849,1163,Denmark,"Authorised, recruitment pending",DNK
3850,1163,Estonia,"Authorised, recruitment pending",EST
3851,1163,Finland,"Authorised, recruiting",FIN
3852,1163,Ireland,"Authorised, recruitment pending",IRL
3853,1163,Italy,"Authorised, recruitment pending",ITA
3854,1163,Lithuania,"Authorised, recruitment pending",LTU
3855,1163,Spain,"Authorised, recruitment pending",ESP
3856,1163,Sweden,"Authorised, recruiting",SWE
3857,1163,Norway,"Authorised, recruitment pending",NOR
3858,1163,Poland,"Authorised, recruitment pending",POL
3859,1164,Poland,"Ongoing, recruiting",POL
3860,1164,Spain,"Ongoing, recruiting",ESP
3861,1164,France,"Ongoing, recruiting",FRA
3862,1164,Belgium,"Ongoing, recruiting",BEL
3863,1164,Italy,"Ongoing, recruiting",ITA
3864,1164,Germany,"Ongoing, recruiting",DEU
3865,1164,Finland,Ended,FIN
3866,1165,Spain,"Ongoing, recruiting",ESP
3867,1165,France,"Ongoing, recruiting",FRA
3868,1165,Netherlands,"Ongoing, recruiting",NLD
3869,1165,Italy,"Authorised, recruiting",ITA
3870,1166,Belgium,"Ongoing, recruiting",BEL
3871,1166,Spain,"Ongoing, recruiting",ESP
3872,1166,Netherlands,"Ongoing, recruiting",NLD
3873,1166,Finland,"Authorised, recruitment pending",FIN
3874,1167,Greece,"Ongoing, recruiting",GRC
3875,1168,France,"Ongoing, recruitment ended",FRA
3876,1168,Spain,"Ongoing, recruitment ended",ESP
3877,1168,Ireland,"Ongoing, recruitment ended",IRL
3878,1168,Greece,"Ongoing, recruitment ended",GRC
3879,1168,Germany,"Ongoing, recruitment ended",DEU
3880,1168,Italy,"Ongoing, recruitment ended",ITA
3881,1168,Poland,"Ongoing, recruitment ended",POL
3882,1168,Belgium,"Ongoing, recruitment ended",BEL
3883,1168,Sweden,"Ongoing, recruitment ended",SWE
3884,1169,Italy,"Ongoing, recruiting",ITA
3885,1170,Spain,"Ongoing, recruitment ended",ESP
3886,1170,Belgium,"Ongoing, recruitment ended",BEL
3887,1171,Spain,"Authorised, recruitment pending",ESP
3888,1171,France,"Authorised, recruitment pending",FRA
3889,1172,Germany,"Ongoing, recruiting",DEU
3890,1172,France,"Ongoing, recruiting",FRA
3891,1172,Italy,"Ongoing, recruiting",ITA
3892,1172,Austria,"Ongoing, recruiting",AUT
3893,1172,Netherlands,"Ongoing, recruiting",NLD
3894,1172,Spain,"Ongoing, recruiting",ESP
3895,1172,Czechia,"Ongoing, recruiting",CZE
3896,1172,Belgium,"Ongoing, recruiting",BEL
3897,1173,Italy,Ended,ITA
3898,1173,France,"Ongoing, recruitment ended",FRA
3899,1173,Spain,"Ongoing, recruitment ended",ESP
3900,1173,Germany,Ended,DEU
3901,1174,Spain,"Authorised, recruitment pending",ESP
3902,1174,Germany,"Authorised, recruitment pending",DEU
3903,1175,Czechia,Ended,CZE
3904,1176,Spain,Ended,ESP
3905,1176,Belgium,Ended,BEL
3906,1176,Italy,Ended,ITA
3907,1176,Denmark,Ended,DNK
3908,1176,Czechia,Ended,CZE
3909,1176,France,"Ongoing, recruitment ended",FRA
3910,1176,Poland,Ended,POL
3911,1177,Germany,"Ongoing, recruiting",DEU
3912,1177,Portugal,"Authorised, recruitment pending",PRT
3913,1177,France,"Ongoing, recruiting",FRA
3914,1177,Spain,"Authorised, recruitment pending",ESP
3915,1177,Denmark,"Ongoing, recruiting",DNK
3916,1178,France,"Authorised, recruitment pending",FRA
3917,1179,Portugal,"Ongoing, recruitment ended",PRT
3918,1179,Spain,"Ongoing, recruitment ended",ESP
3919,1179,Germany,"Ongoing, recruitment ended",DEU
3920,1179,France,"Ongoing, recruitment ended",FRA
3921,1179,Poland,"Ongoing, recruitment ended",POL
3922,1180,Ireland,"Ongoing, recruiting",IRL
3923,1180,Belgium,"Ongoing, recruiting",BEL
3924,1180,Germany,"Ongoing, recruiting",DEU
3925,1180,Italy,"Ongoing, recruiting",ITA
3926,1180,Norway,"Ongoing, recruiting",NOR
3927,1180,Spain,"Ongoing, recruiting",ESP
3928,1180,Austria,"Ongoing, recruiting",AUT
3929,1180,Sweden,"Ongoing, recruiting",SWE
3930,1180,France,"Ongoing, recruiting",FRA
3931,1180,Romania,"Authorised, recruitment pending",ROU
3932,1180,Czechia,"Authorised, recruitment pending",CZE
3933,1181,Italy,"Authorised, recruitment pending",ITA
3934,1181,Poland,"Authorised, recruitment pending",POL
3935,1181,Denmark,"Authorised, recruitment pending",DNK
3936,1181,Czechia,"Authorised, recruitment pending",CZE
3937,1181,France,"Authorised, recruitment pending",FRA
3938,1181,Hungary,"Authorised, recruitment pending",HUN
3939,1181,Germany,"Authorised, recruitment pending",DEU
3940,1181,Netherlands,"Authorised, recruitment pending",NLD
3941,1181,Spain,"Authorised, recruitment pending",ESP
3942,1182,Norway,"Ongoing, recruiting",NOR
3943,1182,Sweden,"Ongoing, recruiting",SWE
3944,1182,Belgium,"Ongoing, recruiting",BEL
3945,1182,Denmark,"Authorised, recruitment pending",DNK
3946,1182,Finland,"Authorised, recruitment pending",FIN
3947,1183,Austria,"Authorised, recruiting",AUT
3948,1184,France,"Ongoing, recruiting",FRA
3949,1185,Finland,"Ongoing, recruiting",FIN
3950,1186,Italy,"Ongoing, recruiting",ITA
3951,1187,Italy,"Ongoing, recruiting",ITA
3952,1188,Germany,Not authorised,DEU
3953,1189,Spain,"Ongoing, recruitment ended",ESP
3954,1190,Netherlands,Not authorised,NLD
3955,1191,Sweden,Not authorised,SWE
3956,1192,Italy,"Authorised, recruitment pending",ITA
3957,1193,France,"Ongoing, recruitment ended",FRA
3958,1194,Italy,"Authorised, recruitment pending",ITA
3959,1195,Austria,"Authorised, recruitment pending",AUT
3960,1196,France,Ended,FRA
3961,1197,Netherlands,Not authorised,NLD
3962,1197,Austria,Not authorised,AUT
3963,1197,Germany,Not authorised,DEU
3964,1197,Sweden,Not authorised,SWE
3965,1198,Netherlands,"Authorised, recruitment pending",NLD
3966,1199,Netherlands,"Authorised, recruitment pending",NLD
3967,1200,Germany,"Ongoing, recruiting",DEU
3968,1201,Spain,"Authorised, recruitment pending",ESP
3969,1202,Sweden,"Ongoing, recruiting",SWE
3970,1203,Spain,"Ongoing, recruiting",ESP
3971,1204,Italy,"Ongoing, recruiting",ITA
3972,1205,Spain,Ended,ESP
3973,1206,Germany,Ended,DEU
3974,1206,Italy,Ended,ITA
3975,1206,Sweden,Ended,SWE
3976,1206,Romania,Ended,ROU
3977,1206,Ireland,Ended,IRL
3978,1206,Czechia,Ended,CZE
3979,1206,Spain,Ended,ESP
3980,1206,France,Ended,FRA
3981,1206,Hungary,Ended,HUN
3982,1206,Portugal,Ended,PRT
3983,1206,Belgium,Ended,BEL
3984,1206,Austria,Ended,AUT
3985,1206,Greece,Ended,GRC
3986,1206,Norway,Ended,NOR
3987,1207,Italy,"Ongoing, recruiting",ITA
3988,1208,France,Ended,FRA
3989,1209,Greece,Ended,GRC
3990,1209,Luxembourg,Ended,LUX
3991,1209,Czechia,Ended,CZE
3992,1209,Ireland,Ended,IRL
3993,1209,France,Ended,FRA
3994,1209,Slovakia,Ended,SVK
3995,1209,Belgium,Ended,BEL
3996,1209,Norway,Ended,NOR
3997,1209,Spain,Ended,ESP
3998,1209,Italy,Ended,ITA
3999,1210,Italy,"Ongoing, recruiting",ITA
4000,1211,Belgium,"Ongoing, recruitment ended",BEL
4001,1212,Italy,"Ongoing, recruitment ended",ITA
4002,1213,Norway,"Ongoing, recruitment ended",NOR
4003,1213,Denmark,"Ongoing, recruitment ended",DNK
4004,1214,Spain,"Authorised, recruitment pending",ESP
4005,1214,France,"Authorised, recruitment pending",FRA
4006,1214,Belgium,"Authorised, recruitment pending",BEL
4007,1215,Spain,"Authorised, recruitment pending",ESP
4008,1216,Spain,"Ongoing, recruiting",ESP
4009,1217,France,"Ongoing, recruiting",FRA
4010,1218,France,Ended,FRA
4011,1218,Italy,Ended,ITA
4012,1218,Spain,Ended,ESP
4013,1219,Italy,"Ongoing, recruiting",ITA
4014,1220,Spain,"Authorised, recruitment pending",ESP
4015,1221,Spain,"Authorised, recruitment pending",ESP
4016,1221,Italy,"Authorised, recruitment pending",ITA
4017,1221,France,"Authorised, recruitment pending",FRA
4018,1222,Belgium,Not authorised,BEL
4019,1223,Belgium,"Ongoing, recruiting",BEL
4020,1224,Croatia,Not authorised,HRV
4021,1225,Netherlands,"Ongoing, recruitment ended",NLD
4022,1226,Germany,"Ongoing, recruitment ended",DEU
4023,1227,Italy,"Ongoing, recruitment ended",ITA
4024,1228,Hungary,"Authorised, recruitment pending",HUN
4025,1229,Italy,Temporarily halted,ITA
4026,1230,France,"Ongoing, recruitment ended",FRA
4027,1231,Netherlands,Ended,NLD
4028,1232,Sweden,Ended,SWE
4029,1233,Denmark,"Ongoing, recruitment ended",DNK
4030,1234,Italy,"Ongoing, recruiting",ITA
4031,1235,Sweden,Ended,SWE
4032,1235,Netherlands,Ended,NLD
4033,1235,Ireland,Ended,IRL
4034,1235,Italy,Ended,ITA
4035,1235,Romania,Ended,ROU
4036,1235,Estonia,Ended,EST
4037,1235,Denmark,Ended,DNK
4038,1235,Latvia,Ended,LVA
4039,1235,Lithuania,Ended,LTU
4040,1235,Spain,Ended,ESP
4041,1235,Germany,Ended,DEU
4042,1235,Poland,Ended,POL
4043,1236,France,Ended,FRA
4044,1237,Netherlands,Ended,NLD
4045,1238,France,"Ongoing, recruiting",FRA
4046,1239,France,"Ongoing, recruiting",FRA
4047,1240,Italy,Ended,ITA
4048,1241,Germany,"Ongoing, recruiting",DEU
4049,1242,France,"Ongoing, recruiting",FRA
4050,1243,Spain,Ended,ESP
4051,1243,France,Ended,FRA
4052,1243,Italy,Ended,ITA
4053,1244,Netherlands,"Ongoing, recruitment ended",NLD
4054,1245,Denmark,Ended,DNK
4055,1245,Sweden,Ended,SWE
4056,1245,Spain,Ended,ESP
4057,1245,Italy,Ended,ITA
4058,1245,Norway,Ended,NOR
4059,1245,Netherlands,Ended,NLD
4060,1246,France,"Ongoing, recruiting",FRA
4061,1247,Italy,"Ongoing, recruitment ended",ITA
4062,1248,Spain,Ended,ESP
4063,1248,Germany,"Ongoing, recruitment ended",DEU
4064,1248,France,"Ongoing, recruitment ended",FRA
4065,1248,Austria,"Ongoing, recruitment ended",AUT
4066,1249,Romania,Ended,ROU
4067,1250,Italy,"Ongoing, recruitment ended",ITA
4068,1251,Denmark,"Ongoing, recruiting",DNK
4069,1252,Poland,"Ongoing, recruitment ended",POL
4070,1252,Italy,"Ongoing, recruitment ended",ITA
4071,1252,Spain,"Ongoing, recruitment ended",ESP
4072,1252,Belgium,"Ongoing, recruitment ended",BEL
4073,1252,Ireland,"Ongoing, recruitment ended",IRL
4074,1252,France,"Ongoing, recruitment ended",FRA
4075,1252,Norway,"Ongoing, recruitment ended",NOR
4076,1252,Denmark,"Ongoing, recruitment ended",DNK
4077,1253,France,"Ongoing, recruitment ended",FRA
4078,1254,Netherlands,"Ongoing, recruitment ended",NLD
4079,1255,Sweden,"Ongoing, recruiting",SWE
4080,1256,Spain,"Ongoing, recruitment ended",ESP
4081,1257,Netherlands,"Ongoing, recruiting",NLD
4082,1258,Netherlands,"Authorised, recruitment pending",NLD
4083,1259,Spain,Ended,ESP
4084,1259,Denmark,Ended,DNK
4085,1259,France,Ended,FRA
4086,1259,Germany,Ended,DEU
4087,1259,Italy,Ended,ITA
4088,1260,Poland,"Ongoing, recruitment ended",POL
4089,1261,France,Ended,FRA
4090,1262,France,"Ongoing, recruiting",FRA
4091,1263,France,Ended,FRA
4092,1263,Norway,Ended,NOR
4093,1263,Spain,Ended,ESP
4094,1264,Belgium,Ended,BEL
4095,1265,Germany,"Ongoing, recruiting",DEU
4096,1266,France,"Ongoing, recruiting",FRA
4097,1266,Spain,"Ongoing, recruiting",ESP
4098,1266,Belgium,"Ongoing, recruiting",BEL
4099,1267,France,"Ongoing, recruiting",FRA
4100,1268,Spain,"Ongoing, recruiting",ESP
4101,1269,Hungary,Ended,HUN
4102,1269,Poland,Ended,POL
4103,1270,France,Ended,FRA
4104,1271,France,"Ongoing, recruiting",FRA
4105,1272,Sweden,"Ongoing, recruitment ended",SWE
4106,1273,Bulgaria,Ended,BGR
4107,1274,Belgium,Ended,BEL
4108,1275,Germany,"Ongoing, recruitment ended",DEU
4109,1275,Belgium,"Ongoing, recruitment ended",BEL
4110,1275,Italy,"Ongoing, recruitment ended",ITA
4111,1275,Spain,"Ongoing, recruitment ended",ESP
4112,1275,Netherlands,"Ongoing, recruitment ended",NLD
4113,1275,Czechia,"Ongoing, recruitment ended",CZE
4114,1275,Poland,"Ongoing, recruitment ended",POL
4115,1276,Spain,Ended,ESP
4116,1277,Bulgaria,Ended,BGR
4117,1277,Estonia,Ended,EST
4118,1277,Romania,Ended,ROU
4119,1277,France,Ended,FRA
4120,1277,Spain,Ended,ESP
4121,1277,Denmark,Ended,DNK
4122,1277,Croatia,Ended,HRV
4123,1277,Germany,Ended,DEU
4124,1277,Austria,Ended,AUT
4125,1277,Italy,Ended,ITA
4126,1277,Poland,Ended,POL
4127,1278,Italy,Ended,ITA
4128,1278,Spain,Ended,ESP
4129,1278,Germany,Ended,DEU
4130,1278,Poland,Ended,POL
4131,1278,Netherlands,Ended,NLD
4132,1278,Belgium,Ended,BEL
4133,1278,France,Ended,FRA
4134,1279,Romania,"Ongoing, recruitment ended",ROU
4135,1279,Poland,"Ongoing, recruitment ended",POL
4136,1279,Spain,Ended,ESP
4137,1280,Austria,Ended,AUT
4138,1281,Spain,"Ongoing, recruiting",ESP
4139,1282,Netherlands,"Ongoing, recruitment ended",NLD
4140,1283,Italy,Ended,ITA
4141,1284,France,Ended,FRA
4142,1284,Spain,Ended,ESP
4143,1284,Italy,Ended,ITA
4144,1285,Germany,"Ongoing, recruiting",DEU
4145,1286,Spain,Ended,ESP
4146,1286,France,Ended,FRA
4147,1286,Italy,Ended,ITA
4148,1286,Greece,Ended,GRC
4149,1287,Spain,Ended,ESP
4150,1287,Sweden,Ended,SWE
4151,1287,Netherlands,Ended,NLD
4152,1287,Germany,Ended,DEU
4153,1287,France,Ended,FRA
4154,1288,France,"Ongoing, recruitment ended",FRA
4155,1289,Spain,Ended,ESP
4156,1289,Norway,Ended,NOR
4157,1289,Belgium,Ended,BEL
4158,1290,France,"Ongoing, recruiting",FRA
4159,1291,Denmark,Ended,DNK
4160,1292,Germany,"Authorised, recruitment pending",DEU
4161,1293,Spain,"Ongoing, recruiting",ESP
4162,1294,Spain,"Ongoing, recruiting",ESP
4163,1295,Germany,Ended,DEU
4164,1295,Belgium,Ended,BEL
4165,1295,Austria,Ended,AUT
4166,1295,Italy,Ended,ITA
4167,1295,Spain,Ended,ESP
4168,1296,Denmark,Temporarily halted,DNK
4169,1297,Lithuania,Ended,LTU
4170,1297,Estonia,Ended,EST
4171,1297,Denmark,Ended,DNK
4172,1297,Norway,Ended,NOR
4173,1297,Hungary,Ended,HUN
4174,1297,Spain,Ended,ESP
4175,1297,Poland,Ended,POL
4176,1297,Slovenia,Ended,SVN
4177,1297,Romania,Ended,ROU
4178,1297,Italy,Ended,ITA
4179,1297,Sweden,Ended,SWE
4180,1297,Austria,Ended,AUT
4181,1297,Czechia,Ended,CZE
4182,1297,Finland,Ended,FIN
4183,1297,France,Ended,FRA
4184,1298,Spain,"Ongoing, recruitment ended",ESP
4185,1299,France,"Ongoing, recruitment ended",FRA
4186,1299,Sweden,"Ongoing, recruitment ended",SWE
4187,1299,Greece,"Ongoing, recruitment ended",GRC
4188,1299,Germany,"Ongoing, recruitment ended",DEU
4189,1299,Belgium,Ended,BEL
4190,1299,Italy,"Ongoing, recruitment ended",ITA
4191,1299,Spain,"Ongoing, recruitment ended",ESP
4192,1300,Spain,"Ongoing, recruiting",ESP
4193,1300,Italy,"Ongoing, recruiting",ITA
4194,1300,Poland,"Ongoing, recruiting",POL
4195,1300,Czechia,"Authorised, recruitment pending",CZE
4196,1301,Belgium,Ended,BEL
4197,1301,Italy,Ended,ITA
4198,1302,Poland,"Ongoing, recruiting",POL
4199,1303,Netherlands,"Ongoing, recruiting",NLD
4200,1304,Spain,"Ongoing, recruitment ended",ESP
4201,1304,France,"Ongoing, recruitment ended",FRA
4202,1305,Spain,Ended,ESP
4203,1305,Italy,Ended,ITA
4204,1305,France,Ended,FRA
4205,1306,Netherlands,"Ongoing, recruiting",NLD
4206,1306,Belgium,"Authorised, recruitment pending",BEL
4207,1307,France,"Authorised, recruiting",FRA
4208,1308,Italy,Ended,ITA
4209,1308,Hungary,Ended,HUN
4210,1308,Poland,Ended,POL
4211,1308,Spain,Ended,ESP
4212,1309,Italy,"Ongoing, recruiting",ITA
4213,1310,Sweden,Ended,SWE
4214,1311,Netherlands,Ended,NLD
4215,1312,Spain,"Ongoing, recruiting",ESP
4216,1313,Italy,"Ongoing, recruiting",ITA
4217,1314,Poland,"Ongoing, recruitment ended",POL
4218,1314,Czechia,"Ongoing, recruitment ended",CZE
4219,1314,Spain,"Ongoing, recruitment ended",ESP
4220,1314,Hungary,"Ongoing, recruitment ended",HUN
4221,1314,Italy,"Ongoing, recruitment ended",ITA
4222,1314,France,"Ongoing, recruitment ended",FRA
4223,1314,Sweden,"Ongoing, recruitment ended",SWE
4224,1315,Denmark,Ended,DNK
4225,1316,Netherlands,"Authorised, recruitment pending",NLD
4226,1317,Spain,"Ongoing, recruitment ended",ESP
4227,1318,Spain,Ended,ESP
4228,1318,Belgium,Ended,BEL
4229,1319,Netherlands,"Ongoing, recruiting",NLD
4230,1320,Spain,"Authorised, recruitment pending",ESP
4231,1321,Netherlands,"Ongoing, recruiting",NLD
4232,1321,Belgium,"Ongoing, recruiting",BEL
4233,1321,Spain,"Ongoing, recruiting",ESP
4234,1321,Denmark,"Ongoing, recruiting",DNK
4235,1322,Spain,"Authorised, recruitment pending",ESP
4236,1323,France,Ended,FRA
4237,1324,Germany,Temporarily halted,DEU
4238,1325,Spain,"Authorised, recruitment pending",ESP
4239,1326,Germany,Ended,DEU
4240,1327,Poland,Ended,POL
4241,1327,France,Ended,FRA
4242,1328,Finland,"Ongoing, recruiting",FIN
4243,1329,Italy,Ended,ITA
4244,1329,Spain,Ended,ESP
4245,1329,France,Ended,FRA
4246,1330,Germany,"Authorised, recruitment pending",DEU
4247,1331,Finland,"Authorised, recruitment pending",FIN
4248,1332,Denmark,Ended,DNK
4249,1333,Italy,Ended,ITA
4250,1334,Poland,"Ongoing, recruiting",POL
4251,1334,France,"Ongoing, recruiting",FRA
4252,1334,Spain,"Ongoing, recruiting",ESP
4253,1335,Italy,"Authorised, recruitment pending",ITA
4254,1336,Greece,"Ongoing, recruitment ended",GRC
4255,1336,Czechia,"Ongoing, recruitment ended",CZE
4256,1336,Italy,"Ongoing, recruitment ended",ITA
4257,1337,France,"Authorised, recruitment pending",FRA
4258,1338,Netherlands,"Ongoing, recruiting",NLD
4259,1339,Netherlands,"Ongoing, recruiting",NLD
4260,1340,France,Ended,FRA
4261,1341,Denmark,Ended,DNK
4262,1342,Netherlands,Ended,NLD
4263,1342,Germany,Ended,DEU
4264,1342,Belgium,Ended,BEL
4265,1343,Denmark,"Ongoing, recruiting",DNK
4266,1344,Netherlands,"Ongoing, recruiting",NLD
4267,1345,France,Ended,FRA
4268,1345,Spain,Ended,ESP
4269,1346,Spain,Ended,ESP
4270,1347,Germany,"Ongoing, recruiting",DEU
4271,1348,France,"Ongoing, recruitment ended",FRA
4272,1348,Italy,"Authorised, recruitment pending",ITA
4273,1348,Spain,"Authorised, recruitment pending",ESP
4274,1349,Spain,Ended,ESP
4275,1350,Belgium,Ended,BEL
4276,1350,Spain,Ended,ESP
4277,1351,Belgium,"Ongoing, recruiting",BEL
4278,1351,Spain,"Ongoing, recruiting",ESP
4279,1351,Portugal,"Ongoing, recruiting",PRT
4280,1351,France,Ended,FRA
4281,1351,Poland,"Ongoing, recruiting",POL
4282,1352,Ireland,Ended,IRL
4283,1352,Hungary,Ended,HUN
4284,1352,Czechia,Ended,CZE
4285,1352,Germany,Ended,DEU
4286,1352,Spain,Ended,ESP
4287,1352,France,Ended,FRA
4288,1352,Poland,Ended,POL
4289,1353,Spain,"Ongoing, recruitment ended",ESP
4290,1353,France,"Ongoing, recruiting",FRA
4291,1353,Italy,"Ongoing, recruitment ended",ITA
4292,1353,Germany,"Ongoing, recruiting",DEU
4293,1353,Netherlands,"Ongoing, recruitment ended",NLD
4294,1354,Poland,"Ongoing, recruitment ended",POL
4295,1354,Germany,"Ongoing, recruitment ended",DEU
4296,1354,France,"Ongoing, recruitment ended",FRA
4297,1354,Italy,"Ongoing, recruitment ended",ITA
4298,1354,Czechia,"Ongoing, recruitment ended",CZE
4299,1354,Belgium,"Ongoing, recruitment ended",BEL
4300,1354,Spain,"Ongoing, recruitment ended",ESP
4301,1354,Netherlands,"Ongoing, recruitment ended",NLD
4302,1355,France,Ended,FRA
4303,1355,Netherlands,Ended,NLD
4304,1356,Germany,"Ongoing, recruitment ended",DEU
4305,1356,Spain,"Ongoing, recruitment ended",ESP
4306,1357,France,"Ongoing, recruiting",FRA
4307,1357,Spain,"Ongoing, recruiting",ESP
4308,1357,Belgium,"Authorised, recruiting",BEL
4309,1357,Netherlands,Not authorised,NLD
4310,1358,Denmark,"Ongoing, recruitment ended",DNK
4311,1358,Greece,"Ongoing, recruitment ended",GRC
4312,1358,Netherlands,"Ongoing, recruitment ended",NLD
4313,1358,Portugal,"Ongoing, recruitment ended",PRT
4314,1358,Czechia,"Ongoing, recruitment ended",CZE
4315,1358,France,"Ongoing, recruitment ended",FRA
4316,1358,Hungary,"Ongoing, recruitment ended",HUN
4317,1358,Bulgaria,"Ongoing, recruitment ended",BGR
4318,1358,Italy,"Ongoing, recruitment ended",ITA
4319,1358,Germany,"Ongoing, recruitment ended",DEU
4320,1358,Spain,"Ongoing, recruitment ended",ESP
4321,1358,Romania,"Ongoing, recruitment ended",ROU
4322,1358,Croatia,"Ongoing, recruitment ended",HRV
4323,1358,Sweden,Ended,SWE
4324,1358,Belgium,"Ongoing, recruitment ended",BEL
4325,1358,Slovakia,"Ongoing, recruitment ended",SVK
4326,1358,Poland,"Ongoing, recruitment ended",POL
4327,1359,Denmark,"Ongoing, recruiting",DNK
4328,1360,Netherlands,Ended,NLD
4329,1361,Poland,"Ongoing, recruitment ended",POL
4330,1361,Spain,"Ongoing, recruitment ended",ESP
4331,1361,Portugal,"Ongoing, recruitment ended",PRT
4332,1361,Czechia,"Ongoing, recruitment ended",CZE
4333,1361,Hungary,"Ongoing, recruitment ended",HUN
4334,1361,Germany,"Ongoing, recruitment ended",DEU
4335,1361,Sweden,Ended,SWE
4336,1361,Italy,"Ongoing, recruitment ended",ITA
4337,1361,France,"Ongoing, recruitment ended",FRA
4338,1361,Belgium,Ended,BEL
4339,1362,Netherlands,Ended,NLD
4340,1362,Belgium,Ended,BEL
4341,1362,Spain,Ended,ESP
4342,1362,Greece,Ended,GRC
4343,1362,Portugal,Ended,PRT
4344,1362,Romania,Ended,ROU
4345,1362,Poland,Ended,POL
4346,1363,Sweden,Ended,SWE
4347,1364,France,"Ongoing, recruitment ended",FRA
4348,1365,France,"Ongoing, recruiting",FRA
4349,1366,Spain,"Ongoing, recruiting",ESP
4350,1366,Germany,"Ongoing, recruiting",DEU
4351,1366,Netherlands,"Ongoing, recruiting",NLD
4352,1367,Spain,"Ongoing, recruiting",ESP
4353,1368,Denmark,"Ongoing, recruiting",DNK
4354,1369,Germany,Ended,DEU
4355,1369,Spain,Ended,ESP
4356,1370,Austria,"Authorised, recruiting",AUT
4357,1370,Ireland,"Authorised, recruitment pending",IRL
4358,1371,Germany,Ended,DEU
4359,1372,Germany,Ended,DEU
4360,1372,France,"Ongoing, recruitment ended",FRA
4361,1372,Netherlands,Ended,NLD
4362,1372,Italy,Ended,ITA
4363,1373,Spain,"Ongoing, recruiting",ESP
4364,1374,Belgium,Ended,BEL
4365,1375,Spain,"Ongoing, recruiting",ESP
4366,1375,Italy,"Ongoing, recruiting",ITA
4367,1375,Poland,"Ongoing, recruiting",POL
4368,1375,Germany,"Ongoing, recruiting",DEU
4369,1375,Belgium,"Ongoing, recruiting",BEL
4370,1375,France,"Ongoing, recruiting",FRA
4371,1375,Netherlands,"Ongoing, recruiting",NLD
4372,1376,Hungary,Ended,HUN
4373,1376,Poland,Ended,POL
4374,1376,Spain,Ended,ESP
4375,1376,Czechia,Ended,CZE
4376,1376,Germany,Ended,DEU
4377,1376,Lithuania,Ended,LTU
4378,1376,Slovakia,Ended,SVK
4379,1376,Romania,Ended,ROU
4380,1377,Slovakia,"Ongoing, recruitment ended",SVK
4381,1377,Croatia,"Ongoing, recruitment ended",HRV
4382,1377,Sweden,"Ongoing, recruitment ended",SWE
4383,1377,Netherlands,"Ongoing, recruitment ended",NLD
4384,1377,Italy,"Ongoing, recruitment ended",ITA
4385,1377,France,"Ongoing, recruitment ended",FRA
4386,1377,Greece,"Ongoing, recruitment ended",GRC
4387,1377,Romania,"Ongoing, recruitment ended",ROU
4388,1377,Spain,"Ongoing, recruitment ended",ESP
4389,1377,Germany,"Ongoing, recruitment ended",DEU
4390,1378,Norway,"Ongoing, recruiting",NOR
4391,1379,Spain,"Authorised, recruiting",ESP
4392,1380,Portugal,"Authorised, recruiting",PRT
4393,1380,Spain,"Ongoing, recruiting",ESP
4394,1381,Norway,"Ongoing, recruitment ended",NOR
4395,1382,Germany,Ended,DEU
4396,1382,Austria,Ended,AUT
4397,1383,Poland,Ended,POL
4398,1383,Greece,Ended,GRC
4399,1384,Netherlands,"Ongoing, recruiting",NLD
4400,1385,Germany,"Authorised, recruiting",DEU
4401,1386,Norway,"Ongoing, recruitment ended",NOR
4402,1386,Sweden,"Ongoing, recruitment ended",SWE
4403,1386,Denmark,"Ongoing, recruitment ended",DNK
4404,1386,Finland,"Ongoing, recruitment ended",FIN
4405,1386,Italy,"Ongoing, recruitment ended",ITA
4406,1386,Estonia,"Authorised, recruitment pending",EST
4407,1387,France,"Ongoing, recruiting",FRA
4408,1388,Portugal,"Ongoing, recruiting",PRT
4409,1389,Spain,"Ongoing, recruiting",ESP
4410,1389,France,"Ongoing, recruiting",FRA
4411,1389,Germany,"Ongoing, recruiting",DEU
4412,1389,Italy,"Ongoing, recruiting",ITA
4413,1390,Norway,"Ongoing, recruiting",NOR
4414,1390,Portugal,"Ongoing, recruiting",PRT
4415,1390,Sweden,"Ongoing, recruiting",SWE
4416,1390,Netherlands,"Ongoing, recruiting",NLD
4417,1390,Belgium,"Ongoing, recruiting",BEL
4418,1391,Ireland,Ended,IRL
4419,1391,Denmark,Ended,DNK
4420,1391,Spain,Ended,ESP
4421,1391,Italy,Ended,ITA
4422,1391,Romania,Ended,ROU
4423,1391,France,Ended,FRA
4424,1392,France,"Ongoing, recruitment ended",FRA
4425,1393,France,"Ongoing, recruiting",FRA
4426,1393,Italy,"Ongoing, recruiting",ITA
4427,1393,Spain,"Ongoing, recruiting",ESP
4428,1393,Hungary,Ended,HUN
4429,1394,Spain,Ended,ESP
4430,1395,France,"Authorised, recruitment pending",FRA
4431,1396,Italy,Ended,ITA
4432,1396,Poland,Ended,POL
4433,1397,Germany,Ended,DEU
4434,1398,Spain,"Ongoing, recruitment ended",ESP
4435,1398,Czechia,"Ongoing, recruitment ended",CZE
4436,1398,Portugal,"Ongoing, recruitment ended",PRT
4437,1398,Sweden,"Ongoing, recruitment ended",SWE
4438,1398,Poland,"Ongoing, recruitment ended",POL
4439,1398,Estonia,Ended,EST
4440,1398,Italy,"Ongoing, recruitment ended",ITA
4441,1398,Ireland,Ended,IRL
4442,1398,Germany,Ended,DEU
4443,1399,Portugal,"Ongoing, recruiting",PRT
4444,1399,Germany,"Ongoing, recruitment ended",DEU
4445,1400,Italy,"Ongoing, recruiting",ITA
4446,1401,Czechia,"Ongoing, recruiting",CZE
4447,1402,Hungary,"Ongoing, recruitment ended",HUN
4448,1402,Germany,"Ongoing, recruitment ended",DEU
4449,1402,Portugal,"Ongoing, recruitment ended",PRT
4450,1402,Spain,"Ongoing, recruitment ended",ESP
4451,1402,Poland,"Ongoing, recruitment ended",POL
4452,1402,Belgium,"Ongoing, recruitment ended",BEL
4453,1402,France,"Ongoing, recruitment ended",FRA
4454,1403,Netherlands,"Ongoing, recruitment ended",NLD
4455,1403,Spain,"Ongoing, recruitment ended",ESP
4456,1403,Czechia,"Ongoing, recruitment ended",CZE
4457,1403,Sweden,Ended,SWE
4458,1403,France,"Ongoing, recruitment ended",FRA
4459,1403,Belgium,"Ongoing, recruitment ended",BEL
4460,1403,Denmark,"Ongoing, recruitment ended",DNK
4461,1403,Poland,"Ongoing, recruitment ended",POL
4462,1404,Spain,Ended,ESP
4463,1405,France,"Ongoing, recruiting",FRA
4464,1406,Austria,"Ongoing, recruiting",AUT
4465,1406,Belgium,"Authorised, recruitment pending",BEL
4466,1406,Netherlands,"Authorised, recruitment pending",NLD
4467,1406,Sweden,"Authorised, recruitment pending",SWE
4468,1406,France,"Authorised, recruitment pending",FRA
4469,1406,Spain,"Authorised, recruitment pending",ESP
4470,1407,Belgium,Ended,BEL
4471,1407,Spain,Ended,ESP
4472,1407,Italy,Ended,ITA
4473,1407,France,Ended,FRA
4474,1407,Germany,Ended,DEU
4475,1407,Romania,Ended,ROU
4476,1408,Cyprus,"Authorised, recruitment pending",CYP
4477,1409,Denmark,"Ongoing, recruiting",DNK
4478,1409,Finland,"Ongoing, recruiting",FIN
4479,1409,Norway,"Ongoing, recruiting",NOR
4480,1409,Estonia,"Ongoing, recruiting",EST
4481,1410,France,"Authorised, recruitment pending",FRA
4482,1411,Italy,Not authorised,ITA
4483,1412,Spain,"Ongoing, recruitment ended",ESP
4484,1413,Denmark,"Authorised, recruitment pending",DNK
4485,1414,Germany,Ended,DEU
4486,1414,Spain,"Ongoing, recruitment ended",ESP
4487,1414,Italy,"Ongoing, recruitment ended",ITA
4488,1415,Italy,Ended,ITA
4489,1415,Spain,Ended,ESP
4490,1415,France,Ended,FRA
4491,1416,Italy,"Ongoing, recruitment ended",ITA
4492,1417,Denmark,Ended,DNK
4493,1417,France,"Ongoing, recruitment ended",FRA
4494,1417,Germany,Ended,DEU
4495,1417,Spain,"Ongoing, recruitment ended",ESP
4496,1417,Italy,"Ongoing, recruitment ended",ITA
4497,1418,Greece,"Ongoing, recruiting",GRC
4498,1419,Spain,"Authorised, recruitment pending",ESP
4499,1419,France,"Authorised, recruitment pending",FRA
4500,1420,Spain,"Ongoing, recruiting",ESP
4501,1420,Belgium,"Ongoing, recruiting",BEL
4502,1420,France,"Ongoing, recruiting",FRA
4503,1420,Italy,"Ongoing, recruiting",ITA
4504,1421,Germany,"Ongoing, recruiting",DEU
4505,1422,Italy,"Ongoing, recruiting",ITA
4506,1423,Spain,"Ongoing, recruiting",ESP
4507,1423,France,"Ongoing, recruiting",FRA
4508,1423,Italy,"Ongoing, recruiting",ITA
4509,1423,Romania,Ended,ROU
4510,1423,Germany,"Ongoing, recruiting",DEU
4511,1424,Austria,Ended,AUT
4512,1424,Germany,Ended,DEU
4513,1424,Italy,Ended,ITA
4514,1424,Spain,Ended,ESP
4515,1425,Germany,"Ongoing, recruiting",DEU
4516,1425,Spain,"Ongoing, recruiting",ESP
4517,1425,Czechia,"Ongoing, recruiting",CZE
4518,1425,France,"Ongoing, recruiting",FRA
4519,1425,Netherlands,"Authorised, recruiting",NLD
4520,1426,Spain,"Ongoing, recruitment ended",ESP
4521,1426,Belgium,Ended,BEL
4522,1426,Portugal,"Ongoing, recruitment ended",PRT
4523,1426,Czechia,"Ongoing, recruitment ended",CZE
4524,1426,Sweden,"Ongoing, recruitment ended",SWE
4525,1426,France,"Ongoing, recruitment ended",FRA
4526,1426,Germany,"Ongoing, recruitment ended",DEU
4527,1426,Italy,"Ongoing, recruitment ended",ITA
4528,1426,Greece,"Ongoing, recruitment ended",GRC
4529,1426,Poland,Ended,POL
4530,1427,Germany,Ended,DEU
4531,1428,Germany,"Ongoing, recruitment ended",DEU
4532,1428,Poland,"Ongoing, recruitment ended",POL
4533,1428,Spain,Ended,ESP
4534,1428,Denmark,Ended,DNK
4535,1428,Belgium,"Ongoing, recruitment ended",BEL
4536,1428,Ireland,Ended,IRL
4537,1428,Portugal,"Ongoing, recruitment ended",PRT
4538,1428,Italy,"Ongoing, recruitment ended",ITA
4539,1429,Italy,"Authorised, recruiting",ITA
4540,1430,Spain,Ended,ESP
4541,1431,Germany,"Ongoing, recruiting",DEU
4542,1431,Netherlands,"Ongoing, recruiting",NLD
4543,1432,Poland,"Ongoing, recruiting",POL
4544,1432,Italy,"Ongoing, recruiting",ITA
4545,1432,Germany,"Ongoing, recruiting",DEU
4546,1432,Greece,"Ongoing, recruiting",GRC
4547,1432,Spain,"Ongoing, recruiting",ESP
4548,1432,Hungary,"Ongoing, recruiting",HUN
4549,1433,Germany,"Ongoing, recruiting",DEU
4550,1434,Germany,"Ongoing, recruiting",DEU
4551,1434,France,"Ongoing, recruiting",FRA
4552,1434,Poland,"Ongoing, recruiting",POL
4553,1434,Spain,"Ongoing, recruiting",ESP
4554,1435,France,"Ongoing, recruiting",FRA
4555,1436,France,"Authorised, recruitment pending",FRA
4556,1437,Sweden,"Ongoing, recruiting",SWE
4557,1437,Denmark,"Ongoing, recruiting",DNK
4558,1438,Belgium,Ended,BEL
4559,1438,Spain,Ended,ESP
4560,1438,France,"Ongoing, recruitment ended",FRA
4561,1438,Italy,"Ongoing, recruitment ended",ITA
4562,1439,Netherlands,"Ongoing, recruiting",NLD
4563,1440,Netherlands,"Authorised, recruitment pending",NLD
4564,1441,Netherlands,Ended,NLD
4565,1441,France,Ended,FRA
4566,1441,Spain,Ended,ESP
4567,1441,Belgium,Ended,BEL
4568,1442,Bulgaria,"Ongoing, recruiting",BGR
4569,1442,Poland,"Authorised, recruitment pending",POL
4570,1443,Spain,"Ongoing, recruiting",ESP
4571,1444,Spain,"Authorised, recruiting",ESP
4572,1444,Italy,"Ongoing, recruiting",ITA
4573,1444,Romania,"Ongoing, recruiting",ROU
4574,1444,Austria,"Ongoing, recruiting",AUT
4575,1444,Germany,"Ongoing, recruiting",DEU
4576,1444,Bulgaria,"Ongoing, recruiting",BGR
4577,1445,Germany,Ended,DEU
4578,1445,Spain,"Ongoing, recruiting",ESP
4579,1445,Netherlands,Ended,NLD
4580,1445,Italy,"Ongoing, recruitment ended",ITA
4581,1445,Poland,Ended,POL
4582,1445,France,"Ongoing, recruitment ended",FRA
4583,1446,France,"Ongoing, recruitment ended",FRA
4584,1446,Belgium,"Ongoing, recruitment ended",BEL
4585,1447,Netherlands,"Authorised, recruiting",NLD
4586,1447,France,"Authorised, recruiting",FRA
4587,1448,Portugal,"Ongoing, recruitment ended",PRT
4588,1448,Italy,"Ongoing, recruitment ended",ITA
4589,1448,Spain,Ended,ESP
4590,1449,France,"Ongoing, recruiting",FRA
4591,1450,Belgium,Ended,BEL
4592,1450,Italy,Ended,ITA
4593,1450,Portugal,Ended,PRT
4594,1450,Austria,Ended,AUT
4595,1450,Spain,Ended,ESP
4596,1450,Germany,Ended,DEU
4597,1450,France,Ended,FRA
4598,1450,Netherlands,Ended,NLD
4599,1451,France,"Ongoing, recruitment ended",FRA
4600,1451,Italy,"Ongoing, recruitment ended",ITA
4601,1451,Germany,"Ongoing, recruitment ended",DEU
4602,1451,Spain,"Ongoing, recruitment ended",ESP
4603,1451,Poland,"Ongoing, recruitment ended",POL
4604,1452,Poland,"Ongoing, recruiting",POL
4605,1453,France,"Ongoing, recruitment ended",FRA
4606,1453,Spain,"Ongoing, recruitment ended",ESP
4607,1453,Italy,"Ongoing, recruitment ended",ITA
4608,1454,Spain,"Ongoing, recruiting",ESP
4609,1454,France,"Ongoing, recruiting",FRA
4610,1454,Germany,"Ongoing, recruiting",DEU
4611,1454,Italy,"Ongoing, recruiting",ITA
4612,1454,Poland,"Authorised, recruitment pending",POL
4613,1455,Netherlands,"Ongoing, recruiting",NLD
4614,1456,Italy,"Ongoing, recruiting",ITA
4615,1457,Poland,"Authorised, recruitment pending",POL
4616,1458,Poland,"Ongoing, recruiting",POL
4617,1458,Hungary,"Ongoing, recruiting",HUN
4618,1458,Italy,"Ongoing, recruiting",ITA
4619,1458,Spain,"Ongoing, recruiting",ESP
4620,1458,Germany,Not authorised,DEU
4621,1458,Greece,"Ongoing, recruiting",GRC
4622,1459,Netherlands,"Ongoing, recruitment ended",NLD
4623,1459,Belgium,"Ongoing, recruitment ended",BEL
4624,1460,Italy,"Ongoing, recruitment ended",ITA
4625,1460,Spain,"Ongoing, recruitment ended",ESP
4626,1460,France,Ended,FRA
4627,1460,Germany,"Ongoing, recruitment ended",DEU
4628,1461,Netherlands,"Ongoing, recruiting",NLD
4629,1462,Netherlands,"Authorised, recruitment pending",NLD
4630,1463,Netherlands,Ended,NLD
4631,1463,Germany,Ended,DEU
4632,1464,Romania,"Ongoing, recruitment ended",ROU
4633,1464,Denmark,"Ongoing, recruitment ended",DNK
4634,1464,Spain,"Ongoing, recruitment ended",ESP
4635,1464,Austria,"Ongoing, recruitment ended",AUT
4636,1464,Hungary,"Ongoing, recruitment ended",HUN
4637,1464,France,"Ongoing, recruitment ended",FRA
4638,1464,Germany,"Ongoing, recruitment ended",DEU
4639,1464,Poland,"Ongoing, recruitment ended",POL
4640,1464,Italy,"Ongoing, recruitment ended",ITA
4641,1464,Greece,"Ongoing, recruitment ended",GRC
4642,1465,France,"Ongoing, recruiting",FRA
4643,1466,France,"Ongoing, recruiting",FRA
4644,1466,Italy,"Ongoing, recruiting",ITA
4645,1466,Czechia,"Ongoing, recruiting",CZE
4646,1466,Belgium,"Ongoing, recruiting",BEL
4647,1466,Portugal,"Ongoing, recruiting",PRT
4648,1466,Norway,"Ongoing, recruiting",NOR
4649,1466,Spain,"Ongoing, recruiting",ESP
4650,1466,Germany,"Ongoing, recruiting",DEU
4651,1466,Greece,"Ongoing, recruiting",GRC
4652,1466,Netherlands,"Ongoing, recruiting",NLD
4653,1466,Romania,"Ongoing, recruiting",ROU
4654,1466,Poland,"Ongoing, recruiting",POL
4655,1466,Austria,"Ongoing, recruiting",AUT
4656,1467,Italy,"Ongoing, recruitment ended",ITA
4657,1467,Belgium,"Ongoing, recruitment ended",BEL
4658,1467,Denmark,"Ongoing, recruitment ended",DNK
4659,1467,Spain,"Ongoing, recruitment ended",ESP
4660,1468,Greece,Ended,GRC
4661,1468,Germany,Ended,DEU
4662,1468,Italy,Ended,ITA
4663,1468,France,Ended,FRA
4664,1468,Portugal,Ended,PRT
4665,1468,Norway,Ended,NOR
4666,1469,Germany,Ended,DEU
4667,1469,Spain,Ended,ESP
4668,1469,France,Ended,FRA
4669,1470,France,"Ongoing, recruiting",FRA
4670,1471,Italy,"Ongoing, recruitment ended",ITA
4671,1472,France,"Authorised, recruiting",FRA
4672,1473,Netherlands,"Ongoing, recruitment ended",NLD
4673,1473,Italy,"Ongoing, recruitment ended",ITA
4674,1473,France,"Ongoing, recruitment ended",FRA
4675,1473,Poland,"Ongoing, recruitment ended",POL
4676,1474,Germany,"Ongoing, recruitment ended",DEU
4677,1474,France,"Ongoing, recruitment ended",FRA
4678,1474,Greece,"Ongoing, recruitment ended",GRC
4679,1474,Italy,"Ongoing, recruitment ended",ITA
4680,1474,Spain,"Ongoing, recruitment ended",ESP
4681,1474,Belgium,"Ongoing, recruitment ended",BEL
4682,1475,Germany,"Ongoing, recruiting",DEU
4683,1475,Belgium,"Ongoing, recruiting",BEL
4684,1475,Czechia,"Ongoing, recruiting",CZE
4685,1475,Spain,"Ongoing, recruiting",ESP
4686,1475,Italy,"Ongoing, recruiting",ITA
4687,1475,France,Ended,FRA
4688,1475,Hungary,"Ongoing, recruiting",HUN
4689,1475,Poland,"Ongoing, recruiting",POL
4690,1476,France,"Ongoing, recruiting",FRA
4691,1477,Denmark,"Authorised, recruiting",DNK
4692,1478,France,Ended,FRA
4693,1478,Italy,"Ongoing, recruitment ended",ITA
4694,1478,Spain,"Ongoing, recruitment ended",ESP
4695,1478,Germany,Ended,DEU
4696,1478,Belgium,Ended,BEL
4697,1478,Poland,"Ongoing, recruitment ended",POL
4698,1479,France,"Ongoing, recruitment ended",FRA
4699,1479,Belgium,"Ongoing, recruitment ended",BEL
4700,1479,Greece,Ended,GRC
4701,1479,Italy,"Ongoing, recruitment ended",ITA
4702,1479,Spain,"Ongoing, recruitment ended",ESP
4703,1479,Poland,"Ongoing, recruitment ended",POL
4704,1479,Netherlands,"Ongoing, recruitment ended",NLD
4705,1479,Denmark,"Ongoing, recruitment ended",DNK
4706,1479,Sweden,"Ongoing, recruitment ended",SWE
4707,1479,Germany,"Ongoing, recruitment ended",DEU
4708,1480,France,"Ongoing, recruiting",FRA
4709,1481,Netherlands,"Ongoing, recruitment ended",NLD
4710,1482,Germany,"Ongoing, recruiting",DEU
4711,1483,Belgium,"Ongoing, recruiting",BEL
4712,1484,Spain,"Ongoing, recruiting",ESP
4713,1484,France,"Ongoing, recruiting",FRA
4714,1484,Italy,"Ongoing, recruiting",ITA
4715,1485,Spain,Ended,ESP
4716,1485,France,Ended,FRA
4717,1486,Germany,"Ongoing, recruitment ended",DEU
4718,1487,France,Ended,FRA
4719,1487,Italy,Ended,ITA
4720,1488,Austria,"Ongoing, recruiting",AUT
4721,1488,Poland,"Ongoing, recruiting",POL
4722,1488,Italy,"Ongoing, recruiting",ITA
4723,1488,Belgium,"Ongoing, recruiting",BEL
4724,1488,France,Ended,FRA
4725,1488,Ireland,"Ongoing, recruiting",IRL
4726,1488,Greece,"Ongoing, recruiting",GRC
4727,1488,Spain,"Ongoing, recruiting",ESP
4728,1489,Portugal,"Ongoing, recruitment ended",PRT
4729,1489,Hungary,"Ongoing, recruitment ended",HUN
4730,1489,France,"Ongoing, recruitment ended",FRA
4731,1489,Romania,"Ongoing, recruitment ended",ROU
4732,1489,Belgium,"Ongoing, recruitment ended",BEL
4733,1489,Spain,"Ongoing, recruitment ended",ESP
4734,1489,Bulgaria,"Ongoing, recruitment ended",BGR
4735,1489,Estonia,"Ongoing, recruitment ended",EST
4736,1489,Italy,"Ongoing, recruitment ended",ITA
4737,1489,Greece,"Ongoing, recruitment ended",GRC
4738,1489,Lithuania,"Ongoing, recruitment ended",LTU
4739,1490,Spain,Ended,ESP
4740,1490,Hungary,Ended,HUN
4741,1490,Poland,Ended,POL
4742,1490,Germany,Ended,DEU
4743,1490,Italy,Ended,ITA
4744,1491,Spain,Temporarily halted,ESP
4745,1491,Netherlands,Temporarily halted,NLD
4746,1491,France,Temporarily halted,FRA
4747,1492,Spain,"Ongoing, recruiting",ESP
4748,1492,Italy,"Ongoing, recruiting",ITA
4749,1492,France,"Ongoing, recruiting",FRA
4750,1492,Germany,"Ongoing, recruiting",DEU
4751,1492,Greece,"Ongoing, recruiting",GRC
4752,1493,Poland,"Ongoing, recruiting",POL
4753,1493,Romania,"Ongoing, recruiting",ROU
4754,1493,Germany,"Ongoing, recruiting",DEU
4755,1493,Spain,"Ongoing, recruiting",ESP
4756,1493,Italy,"Ongoing, recruiting",ITA
4757,1493,Greece,"Ongoing, recruiting",GRC
4758,1493,Portugal,"Ongoing, recruiting",PRT
4759,1494,France,"Authorised, recruitment pending",FRA
4760,1495,Spain,Ended,ESP
4761,1495,France,Ended,FRA
4762,1495,Germany,Ended,DEU
4763,1495,Italy,Ended,ITA
4764,1496,Belgium,"Authorised, recruitment pending",BEL
4765,1496,Italy,"Ongoing, recruiting",ITA
4766,1496,Portugal,"Authorised, recruitment pending",PRT
4767,1496,Lithuania,"Authorised, recruitment pending",LTU
4768,1496,Spain,"Authorised, recruitment pending",ESP
4769,1496,Denmark,Not authorised,DNK
4770,1496,Czechia,"Authorised, recruitment pending",CZE
4771,1497,Germany,"Authorised, recruiting",DEU
4772,1497,Spain,"Authorised, recruiting",ESP
4773,1497,Italy,"Authorised, recruiting",ITA
4774,1497,Netherlands,"Authorised, recruiting",NLD
4775,1498,Denmark,"Ongoing, recruiting",DNK
4776,1499,France,"Ongoing, recruitment ended",FRA
4777,1499,Romania,"Ongoing, recruitment ended",ROU
4778,1499,Netherlands,"Ongoing, recruitment ended",NLD
4779,1499,Greece,"Ongoing, recruitment ended",GRC
4780,1499,Spain,"Ongoing, recruitment ended",ESP
4781,1499,Austria,"Ongoing, recruitment ended",AUT
4782,1499,Poland,"Ongoing, recruitment ended",POL
4783,1499,Belgium,"Ongoing, recruitment ended",BEL
4784,1499,Italy,"Ongoing, recruitment ended",ITA
4785,1499,Czechia,"Ongoing, recruitment ended",CZE
4786,1499,Germany,"Ongoing, recruiting",DEU
4787,1500,Belgium,Ended,BEL
4788,1500,Spain,Ended,ESP
4789,1500,France,Ended,FRA
4790,1501,Spain,"Ongoing, recruitment ended",ESP
4791,1501,France,"Ongoing, recruitment ended",FRA
4792,1501,Germany,"Ongoing, recruitment ended",DEU
4793,1502,France,"Ongoing, recruiting",FRA
4794,1503,Germany,"Ongoing, recruitment ended",DEU
4795,1503,France,"Ongoing, recruitment ended",FRA
4796,1503,Spain,"Ongoing, recruitment ended",ESP
4797,1504,Romania,"Ongoing, recruitment ended",ROU
4798,1505,Italy,"Ongoing, recruiting",ITA
4799,1506,France,"Authorised, recruitment pending",FRA
4800,1506,Spain,"Authorised, recruitment pending",ESP
4801,1506,Denmark,"Authorised, recruitment pending",DNK
4802,1506,Italy,"Authorised, recruitment pending",ITA
4803,1507,Spain,"Authorised, recruitment pending",ESP
4804,1508,Spain,"Authorised, recruitment pending",ESP
4805,1508,France,"Authorised, recruitment pending",FRA
4806,1508,Germany,"Authorised, recruitment pending",DEU
4807,1508,Italy,"Authorised, recruitment pending",ITA
4808,1508,Netherlands,Not authorised,NLD
4809,1509,Italy,"Ongoing, recruiting",ITA
4810,1509,Spain,"Ongoing, recruiting",ESP
4811,1510,Italy,"Ongoing, recruitment ended",ITA
4812,1511,Spain,"Ongoing, recruitment ended",ESP
4813,1511,Netherlands,"Ongoing, recruitment ended",NLD
4814,1512,Norway,Ended,NOR
4815,1512,Poland,"Ongoing, recruitment ended",POL
4816,1512,Portugal,"Ongoing, recruitment ended",PRT
4817,1512,Sweden,Ended,SWE
4818,1512,Germany,Ended,DEU
4819,1512,France,"Ongoing, recruitment ended",FRA
4820,1512,Finland,"Ongoing, recruitment ended",FIN
4821,1512,Hungary,Ended,HUN
4822,1512,Italy,"Ongoing, recruitment ended",ITA
4823,1512,Czechia,"Ongoing, recruitment ended",CZE
4824,1512,Belgium,Ended,BEL
4825,1512,Spain,"Ongoing, recruitment ended",ESP
4826,1513,Germany,"Ongoing, recruitment ended",DEU
4827,1514,Spain,"Ongoing, recruiting",ESP
4828,1515,Sweden,Temporarily halted,SWE
4829,1516,Netherlands,"Authorised, recruitment pending",NLD
4830,1517,Germany,"Ongoing, recruitment ended",DEU
4831,1517,Spain,"Ongoing, recruitment ended",ESP
4832,1518,France,"Ongoing, recruiting",FRA
4833,1519,Germany,"Ongoing, recruitment ended",DEU
4834,1519,France,"Ongoing, recruitment ended",FRA
4835,1519,Italy,"Ongoing, recruitment ended",ITA
4836,1519,Spain,"Ongoing, recruitment ended",ESP
4837,1519,Romania,Ended,ROU
4838,1520,Poland,"Authorised, recruitment pending",POL
4839,1521,Spain,Ended,ESP
4840,1521,Denmark,Ended,DNK
4841,1522,Norway,"Ongoing, recruitment ended",NOR
4842,1522,Germany,"Ongoing, recruitment ended",DEU
4843,1522,Finland,"Ongoing, recruitment ended",FIN
4844,1522,Sweden,"Ongoing, recruitment ended",SWE
4845,1522,Austria,"Ongoing, recruitment ended",AUT
4846,1522,Denmark,"Ongoing, recruitment ended",DNK
4847,1522,Czechia,"Ongoing, recruitment ended",CZE
4848,1523,Denmark,"Ongoing, recruiting",DNK
4849,1524,France,"Authorised, recruitment pending",FRA
4850,1525,Finland,Ended,FIN
4851,1526,Germany,"Ongoing, recruiting",DEU
4852,1527,Sweden,"Authorised, recruitment pending",SWE
4853,1528,Italy,"Ongoing, recruiting",ITA
4854,1529,Belgium,"Ongoing, recruitment ended",BEL
4855,1529,Italy,"Ongoing, recruitment ended",ITA
4856,1529,France,"Ongoing, recruitment ended",FRA
4857,1529,Hungary,Ended,HUN
4858,1529,Poland,Ended,POL
4859,1529,Spain,"Ongoing, recruitment ended",ESP
4860,1530,Hungary,"Ongoing, recruiting",HUN
4861,1530,Czechia,"Ongoing, recruitment ended",CZE
4862,1530,Italy,"Ongoing, recruiting",ITA
4863,1530,Austria,Ended,AUT
4864,1530,Germany,"Ongoing, recruiting",DEU
4865,1530,Spain,"Ongoing, recruiting",ESP
4866,1530,Belgium,"Ongoing, recruitment ended",BEL
4867,1530,Poland,"Ongoing, recruiting",POL
4868,1530,France,"Ongoing, recruiting",FRA
4869,1531,Denmark,Ended,DNK
4870,1531,Italy,"Ongoing, recruitment ended",ITA
4871,1531,Germany,"Ongoing, recruitment ended",DEU
4872,1531,Spain,"Ongoing, recruitment ended",ESP
4873,1531,France,"Ongoing, recruitment ended",FRA
4874,1532,Poland,Ended,POL
4875,1532,France,Ended,FRA
4876,1533,Italy,"Ongoing, recruitment ended",ITA
4877,1534,Netherlands,"Ongoing, recruiting",NLD
4878,1535,Italy,"Ongoing, recruiting",ITA
4879,1536,Greece,"Ongoing, recruiting",GRC
4880,1536,Portugal,"Ongoing, recruiting",PRT
4881,1536,Belgium,"Ongoing, recruiting",BEL
4882,1536,France,"Ongoing, recruiting",FRA
4883,1536,Spain,"Ongoing, recruiting",ESP
4884,1536,Germany,"Ongoing, recruiting",DEU
4885,1536,Hungary,"Ongoing, recruiting",HUN
4886,1536,Romania,"Ongoing, recruiting",ROU
4887,1536,Austria,"Ongoing, recruiting",AUT
4888,1536,Czechia,"Ongoing, recruitment ended",CZE
4889,1537,Italy,"Ongoing, recruitment ended",ITA
4890,1538,Spain,"Ongoing, recruiting",ESP
4891,1539,France,"Ongoing, recruiting",FRA
4892,1539,Italy,"Ongoing, recruiting",ITA
4893,1539,Norway,"Ongoing, recruiting",NOR
4894,1539,Greece,"Ongoing, recruiting",GRC
4895,1539,Portugal,Ended,PRT
4896,1539,Germany,"Ongoing, recruiting",DEU
4897,1540,Denmark,Ended,DNK
4898,1540,Belgium,"Ongoing, recruiting",BEL
4899,1540,Hungary,Ended,HUN
4900,1540,Germany,"Ongoing, recruiting",DEU
4901,1540,France,"Ongoing, recruiting",FRA
4902,1540,Spain,"Ongoing, recruiting",ESP
4903,1540,Italy,"Ongoing, recruiting",ITA
4904,1540,Poland,"Ongoing, recruiting",POL
4905,1540,Netherlands,"Ongoing, recruiting",NLD
4906,1541,France,"Ongoing, recruitment ended",FRA
4907,1541,Hungary,Ended,HUN
4908,1541,Spain,"Ongoing, recruitment ended",ESP
4909,1541,Croatia,Ended,HRV
4910,1541,Greece,"Ongoing, recruitment ended",GRC
4911,1541,Poland,Ended,POL
4912,1541,Italy,"Ongoing, recruitment ended",ITA
4913,1541,Romania,"Ongoing, recruitment ended",ROU
4914,1541,Netherlands,"Ongoing, recruitment ended",NLD
4915,1542,Germany,Ended,DEU
4916,1542,Finland,Ended,FIN
4917,1542,Spain,Ended,ESP
4918,1543,Germany,"Ongoing, recruitment ended",DEU
4919,1544,Norway,"Authorised, recruitment pending",NOR
4920,1545,Norway,"Authorised, recruitment pending",NOR
4921,1546,Spain,"Ongoing, recruitment ended",ESP
4922,1546,Belgium,"Ongoing, recruitment ended",BEL
4923,1546,Germany,"Ongoing, recruitment ended",DEU
4924,1546,France,"Ongoing, recruitment ended",FRA
4925,1547,France,Ended,FRA
4926,1547,Spain,Ended,ESP
4927,1548,Spain,Ended,ESP
4928,1549,France,Ended,FRA
4929,1550,Spain,"Authorised, recruitment pending",ESP
4930,1550,Italy,"Authorised, recruitment pending",ITA
4931,1550,Germany,"Authorised, recruitment pending",DEU
4932,1550,France,"Authorised, recruitment pending",FRA
4933,1551,Poland,"Authorised, recruiting",POL
4934,1552,Czechia,Ended,CZE
4935,1553,Germany,Ended,DEU
4936,1554,Norway,"Ongoing, recruitment ended",NOR
4937,1555,Spain,"Ongoing, recruiting",ESP
4938,1555,Denmark,"Ongoing, recruiting",DNK
4939,1555,Italy,"Ongoing, recruiting",ITA
4940,1555,France,"Ongoing, recruiting",FRA
4941,1555,Germany,"Ongoing, recruiting",DEU
4942,1555,Greece,"Ongoing, recruiting",GRC
4943,1556,France,Ended,FRA
4944,1557,Norway,"Ongoing, recruiting",NOR
4945,1557,Sweden,"Ongoing, recruiting",SWE
4946,1557,Denmark,"Ongoing, recruiting",DNK
4947,1557,Finland,"Ongoing, recruiting",FIN
4948,1558,Spain,"Ongoing, recruitment ended",ESP
4949,1558,Germany,"Ongoing, recruitment ended",DEU
4950,1558,Belgium,"Ongoing, recruitment ended",BEL
4951,1558,Netherlands,"Ongoing, recruitment ended",NLD
4952,1558,Poland,"Ongoing, recruitment ended",POL
4953,1558,Greece,"Ongoing, recruitment ended",GRC
4954,1558,Hungary,"Ongoing, recruitment ended",HUN
4955,1558,Italy,"Ongoing, recruitment ended",ITA
4956,1558,Austria,"Ongoing, recruitment ended",AUT
4957,1558,France,"Ongoing, recruitment ended",FRA
4958,1558,Czechia,"Ongoing, recruitment ended",CZE
4959,1558,Portugal,"Ongoing, recruitment ended",PRT
4960,1558,Romania,"Ongoing, recruitment ended",ROU
4961,1559,Poland,"Ongoing, recruiting",POL
4962,1559,Germany,"Ongoing, recruiting",DEU
4963,1560,Belgium,"Ongoing, recruiting",BEL
4964,1561,Italy,"Authorised, recruitment pending",ITA
4965,1561,Spain,"Ongoing, recruiting",ESP
4966,1561,Poland,"Authorised, recruitment pending",POL
4967,1562,Hungary,Ended,HUN
4968,1562,Italy,Ended,ITA
4969,1562,Netherlands,Ended,NLD
4970,1562,Poland,Ended,POL
4971,1562,Spain,Ended,ESP
4972,1562,France,"Ongoing, recruitment ended",FRA
4973,1562,Belgium,Ended,BEL
4974,1562,Germany,Ended,DEU
4975,1562,Bulgaria,"Ongoing, recruitment ended",BGR
4976,1562,Greece,"Ongoing, recruitment ended",GRC
4977,1563,Italy,"Ongoing, recruiting",ITA
4978,1564,Sweden,"Ongoing, recruitment ended",SWE
4979,1565,Greece,"Ongoing, recruiting",GRC
4980,1565,Poland,"Ongoing, recruiting",POL
4981,1565,Hungary,"Ongoing, recruiting",HUN
4982,1565,Germany,"Authorised, recruiting",DEU
4983,1565,Spain,"Ongoing, recruiting",ESP
4984,1565,Italy,"Ongoing, recruiting",ITA
4985,1566,Spain,"Ongoing, recruitment ended",ESP
4986,1566,France,"Ongoing, recruitment ended",FRA
4987,1566,Italy,"Ongoing, recruitment ended",ITA
4988,1567,Netherlands,"Ongoing, recruitment ended",NLD
4989,1567,Denmark,"Ongoing, recruitment ended",DNK
4990,1567,Belgium,"Ongoing, recruitment ended",BEL
4991,1568,Germany,"Ongoing, recruiting",DEU
4992,1569,Spain,"Ongoing, recruitment ended",ESP
4993,1570,Italy,"Ongoing, recruitment ended",ITA
4994,1571,Latvia,"Ongoing, recruitment ended",LVA
4995,1571,Bulgaria,"Ongoing, recruitment ended",BGR
4996,1571,Austria,"Ongoing, recruitment ended",AUT
4997,1571,Lithuania,"Ongoing, recruitment ended",LTU
4998,1571,Poland,"Ongoing, recruitment ended",POL
4999,1571,Spain,"Ongoing, recruitment ended",ESP
5000,1571,Estonia,"Ongoing, recruitment ended",EST
5001,1572,Netherlands,"Ongoing, recruiting",NLD
5002,1572,Greece,"Ongoing, recruiting",GRC
5003,1572,Spain,"Ongoing, recruiting",ESP
5004,1572,France,"Ongoing, recruiting",FRA
5005,1572,Poland,"Ongoing, recruiting",POL
5006,1572,Germany,"Ongoing, recruiting",DEU
5007,1572,Finland,"Ongoing, recruiting",FIN
5008,1572,Italy,"Ongoing, recruiting",ITA
5009,1573,Belgium,"Ongoing, recruiting",BEL
5010,1573,Italy,"Ongoing, recruiting",ITA
5011,1573,Spain,"Ongoing, recruiting",ESP
5012,1573,Germany,"Ongoing, recruiting",DEU
5013,1573,France,"Ongoing, recruiting",FRA
5014,1574,Germany,"Ongoing, recruiting",DEU
5015,1574,Spain,"Ongoing, recruiting",ESP
5016,1575,Austria,Ended,AUT
5017,1575,Italy,Ended,ITA
5018,1575,Spain,Ended,ESP
5019,1575,Norway,Ended,NOR
5020,1575,Romania,Ended,ROU
5021,1575,Netherlands,Ended,NLD
5022,1575,Belgium,Ended,BEL
5023,1575,France,Ended,FRA
5024,1575,Greece,Ended,GRC
5025,1575,Germany,Ended,DEU
5026,1575,Czechia,Ended,CZE
5027,1575,Denmark,Ended,DNK
5028,1576,Spain,"Ongoing, recruitment ended",ESP
5029,1576,Netherlands,"Ongoing, recruitment ended",NLD
5030,1576,Germany,Not authorised,DEU
5031,1576,France,Ended,FRA
5032,1576,Denmark,"Ongoing, recruitment ended",DNK
5033,1576,Italy,"Authorised, recruitment pending",ITA
5034,1577,Spain,"Ongoing, recruiting",ESP
5035,1578,Spain,"Ongoing, recruitment ended",ESP
5036,1578,France,"Ongoing, recruitment ended",FRA
5037,1578,Austria,Ended,AUT
5038,1578,Poland,"Ongoing, recruitment ended",POL
5039,1578,Netherlands,"Ongoing, recruitment ended",NLD
5040,1578,Belgium,"Ongoing, recruitment ended",BEL
5041,1578,Italy,"Ongoing, recruitment ended",ITA
5042,1578,Denmark,"Ongoing, recruitment ended",DNK
5043,1578,Sweden,"Ongoing, recruitment ended",SWE
5044,1578,Norway,"Ongoing, recruitment ended",NOR
5045,1578,Hungary,"Ongoing, recruitment ended",HUN
5046,1578,Germany,"Ongoing, recruitment ended",DEU
5047,1578,Finland,"Ongoing, recruitment ended",FIN
5048,1579,Netherlands,"Ongoing, recruitment ended",NLD
5049,1580,France,Ended,FRA
5050,1581,Germany,"Ongoing, recruiting",DEU
5051,1582,Denmark,"Authorised, recruitment pending",DNK
5052,1583,Bulgaria,"Ongoing, recruitment ended",BGR
5053,1584,Greece,"Authorised, recruiting",GRC
5054,1585,France,"Ongoing, recruiting",FRA
5055,1586,Sweden,"Ongoing, recruitment ended",SWE
5056,1586,France,"Ongoing, recruitment ended",FRA
5057,1586,Spain,"Ongoing, recruitment ended",ESP
5058,1586,Austria,"Ongoing, recruitment ended",AUT
5059,1586,Germany,"Ongoing, recruitment ended",DEU
5060,1586,Italy,"Ongoing, recruitment ended",ITA
5061,1587,Netherlands,Ended,NLD
5062,1588,Spain,"Ongoing, recruitment ended",ESP
5063,1588,Czechia,"Ongoing, recruiting",CZE
5064,1588,Germany,"Authorised, recruitment pending",DEU
5065,1588,Netherlands,"Ongoing, recruitment ended",NLD
5066,1588,Belgium,"Ongoing, recruitment ended",BEL
5067,1588,Poland,"Ongoing, recruitment ended",POL
5068,1588,France,"Ongoing, recruiting",FRA
5069,1588,Italy,"Ongoing, recruitment ended",ITA
5070,1588,Greece,"Ongoing, recruitment ended",GRC
5071,1589,Romania,"Ongoing, recruitment ended",ROU
5072,1589,Spain,"Ongoing, recruitment ended",ESP
5073,1589,Germany,"Ongoing, recruitment ended",DEU
5074,1589,Poland,"Ongoing, recruitment ended",POL
5075,1590,Austria,"Ongoing, recruiting",AUT
5076,1591,France,"Authorised, recruiting",FRA
5077,1592,Norway,"Ongoing, recruiting",NOR
5078,1592,Sweden,Ended,SWE
5079,1592,Denmark,"Authorised, recruitment pending",DNK
5080,1593,Germany,Ended,DEU
5081,1594,Italy,Ended,ITA
5082,1594,Spain,Ended,ESP
5083,1594,France,Ended,FRA
5084,1595,Italy,"Authorised, recruitment pending",ITA
5085,1596,Spain,"Ongoing, recruitment ended",ESP
5086,1597,France,"Ongoing, recruitment ended",FRA
5087,1597,Spain,"Ongoing, recruitment ended",ESP
5088,1597,Poland,"Ongoing, recruitment ended",POL
5089,1597,Italy,"Ongoing, recruitment ended",ITA
5090,1598,Germany,Ended,DEU
5091,1599,France,Ended,FRA
5092,1599,Belgium,Ended,BEL
5093,1599,Spain,Ended,ESP
5094,1599,Poland,"Ongoing, recruitment ended",POL
5095,1600,Italy,"Ongoing, recruitment ended",ITA
5096,1600,Romania,"Ongoing, recruitment ended",ROU
5097,1600,Poland,"Ongoing, recruitment ended",POL
5098,1600,Bulgaria,"Ongoing, recruitment ended",BGR
5099,1600,Greece,"Ongoing, recruitment ended",GRC
5100,1600,Hungary,"Ongoing, recruitment ended",HUN
5101,1600,Spain,"Ongoing, recruitment ended",ESP
5102,1600,France,"Ongoing, recruitment ended",FRA
5103,1600,Germany,"Ongoing, recruitment ended",DEU
5104,1601,Netherlands,"Ongoing, recruiting",NLD
5105,1601,Denmark,"Ongoing, recruiting",DNK
5106,1601,Finland,"Authorised, recruitment pending",FIN
5107,1601,Germany,"Ongoing, recruiting",DEU
5108,1601,Italy,"Authorised, recruitment pending",ITA
5109,1601,Spain,"Authorised, recruiting",ESP
5110,1601,Sweden,"Authorised, recruiting",SWE
5111,1601,Norway,"Authorised, recruiting",NOR
5112,1601,Austria,"Authorised, recruiting",AUT
5113,1601,France,"Authorised, recruitment pending",FRA
5114,1601,Belgium,"Authorised, recruiting",BEL
5115,1602,Italy,"Authorised, recruitment pending",ITA
5116,1603,Germany,"Ongoing, recruiting",DEU
5117,1603,Belgium,"Ongoing, recruiting",BEL
5118,1603,Netherlands,"Ongoing, recruiting",NLD
5119,1604,Belgium,Ended,BEL
5120,1604,France,Ended,FRA
5121,1604,Italy,"Ongoing, recruitment ended",ITA
5122,1604,Spain,Ended,ESP
5123,1605,Belgium,Ended,BEL
5124,1606,Austria,"Ongoing, recruiting",AUT
5125,1606,Germany,"Ongoing, recruiting",DEU
5126,1607,Germany,"Authorised, recruitment pending",DEU
5127,1607,Italy,"Ongoing, recruiting",ITA
5128,1607,France,"Ongoing, recruiting",FRA
5129,1607,Poland,"Ongoing, recruiting",POL
5130,1607,Spain,"Ongoing, recruiting",ESP
5131,1607,Hungary,"Ongoing, recruiting",HUN
5132,1607,Romania,"Ongoing, recruiting",ROU
5133,1607,Greece,"Ongoing, recruiting",GRC
5134,1607,Austria,"Ongoing, recruiting",AUT
5135,1607,Netherlands,"Authorised, recruiting",NLD
5136,1607,Belgium,"Ongoing, recruiting",BEL
5137,1608,France,"Authorised, recruiting",FRA
5138,1608,Spain,"Ongoing, recruiting",ESP
5139,1609,Czechia,"Ongoing, recruiting",CZE
5140,1609,Germany,"Ongoing, recruiting",DEU
5141,1609,Portugal,"Ongoing, recruiting",PRT
5142,1609,Spain,"Ongoing, recruiting",ESP
5143,1609,Poland,"Ongoing, recruiting",POL
5144,1609,Denmark,Ended,DNK
5145,1609,Bulgaria,"Ongoing, recruiting",BGR
5146,1609,Austria,"Ongoing, recruiting",AUT
5147,1609,Romania,"Ongoing, recruiting",ROU
5148,1609,France,"Ongoing, recruiting",FRA
5149,1609,Italy,"Ongoing, recruiting",ITA
5150,1609,Greece,"Authorised, recruitment pending",GRC
5151,1609,Hungary,"Authorised, recruitment pending",HUN
5152,1609,Slovakia,"Authorised, recruitment pending",SVK
5153,1610,Netherlands,Ended,NLD
5154,1610,Italy,Temporarily halted,ITA
5155,1611,Germany,Ended,DEU
5156,1611,Czechia,Ended,CZE
5157,1611,Belgium,Ended,BEL
5158,1611,Sweden,Ended,SWE
5159,1611,France,Ended,FRA
5160,1611,Spain,Ended,ESP
5161,1611,Poland,Ended,POL
5162,1612,Italy,"Ongoing, recruiting",ITA
5163,1613,Norway,"Ongoing, recruiting",NOR
5164,1613,Spain,"Ongoing, recruiting",ESP
5165,1613,Sweden,"Ongoing, recruiting",SWE
5166,1613,Italy,"Ongoing, recruiting",ITA
5167,1613,Denmark,"Ongoing, recruiting",DNK
5168,1613,France,"Authorised, recruitment pending",FRA
5169,1613,Poland,"Ongoing, recruiting",POL
5170,1613,Germany,"Ongoing, recruiting",DEU
5171,1613,Greece,"Ongoing, recruiting",GRC
5172,1614,France,"Ongoing, recruitment ended",FRA
5173,1615,Italy,"Ongoing, recruiting",ITA
5174,1616,Poland,Ended,POL
5175,1616,Slovakia,"Ongoing, recruitment ended",SVK
5176,1616,Sweden,"Ongoing, recruitment ended",SWE
5177,1616,France,Ended,FRA
5178,1616,Italy,"Ongoing, recruitment ended",ITA
5179,1616,Austria,Ended,AUT
5180,1616,Spain,"Ongoing, recruitment ended",ESP
5181,1616,Finland,"Ongoing, recruitment ended",FIN
5182,1616,Denmark,Ended,DNK
5183,1616,Netherlands,"Ongoing, recruitment ended",NLD
5184,1617,France,Ended,FRA
5185,1617,Spain,"Ongoing, recruitment ended",ESP
5186,1617,Greece,Ended,GRC
5187,1617,Romania,Ended,ROU
5188,1618,Italy,Ended,ITA
5189,1618,Spain,Ended,ESP
5190,1618,Poland,Ended,POL
5191,1619,Belgium,"Ongoing, recruiting",BEL
5192,1619,Finland,"Ongoing, recruiting",FIN
5193,1619,France,"Ongoing, recruiting",FRA
5194,1619,Germany,"Ongoing, recruiting",DEU
5195,1619,Netherlands,"Ongoing, recruiting",NLD
5196,1619,Bulgaria,"Ongoing, recruiting",BGR
5197,1619,Spain,"Ongoing, recruiting",ESP
5198,1619,Slovakia,"Ongoing, recruiting",SVK
5199,1619,Italy,"Ongoing, recruiting",ITA
5200,1619,Czechia,"Ongoing, recruiting",CZE
5201,1619,Poland,"Ongoing, recruiting",POL
5202,1619,Greece,"Ongoing, recruiting",GRC
5203,1620,Netherlands,Ended,NLD
5204,1620,Czechia,Ended,CZE
5205,1620,France,Ended,FRA
5206,1620,Austria,Ended,AUT
5207,1620,Germany,Ended,DEU
5208,1620,Spain,Ended,ESP
5209,1621,Germany,"Ongoing, recruiting",DEU
5210,1622,Spain,"Ongoing, recruitment ended",ESP
5211,1623,Denmark,"Ongoing, recruiting",DNK
5212,1623,Norway,"Ongoing, recruiting",NOR
5213,1623,Sweden,"Ongoing, recruiting",SWE
5214,1623,Iceland,"Authorised, recruitment pending",ISL
5215,1624,Spain,"Ongoing, recruiting",ESP
5216,1625,Italy,"Ongoing, recruiting",ITA
5217,1626,Germany,Ended,DEU
5218,1626,Poland,Ended,POL
5219,1626,France,Ended,FRA
5220,1626,Italy,Ended,ITA
5221,1626,Netherlands,Ended,NLD
5222,1626,Spain,Ended,ESP
5223,1627,Norway,"Ongoing, recruiting",NOR
5224,1627,Denmark,"Ongoing, recruiting",DNK
5225,1627,Sweden,"Ongoing, recruiting",SWE
5226,1628,Lithuania,"Ongoing, recruitment ended",LTU
5227,1628,Austria,"Ongoing, recruitment ended",AUT
5228,1628,Germany,"Ongoing, recruitment ended",DEU
5229,1628,Ireland,"Ongoing, recruitment ended",IRL
5230,1628,Norway,"Ongoing, recruitment ended",NOR
5231,1628,Sweden,"Ongoing, recruitment ended",SWE
5232,1628,Belgium,"Ongoing, recruitment ended",BEL
5233,1628,France,"Ongoing, recruitment ended",FRA
5234,1628,Netherlands,"Ongoing, recruitment ended",NLD
5235,1628,Spain,"Ongoing, recruitment ended",ESP
5236,1628,Finland,"Ongoing, recruitment ended",FIN
5237,1629,Spain,"Ongoing, recruiting",ESP
5238,1629,Germany,"Authorised, recruitment pending",DEU
5239,1630,France,"Authorised, recruiting",FRA
5240,1631,Spain,"Ongoing, recruiting",ESP
5241,1631,Belgium,"Ongoing, recruiting",BEL
5242,1632,Belgium,"Ongoing, recruiting",BEL
5243,1632,Netherlands,"Ongoing, recruiting",NLD
5244,1632,Spain,"Ongoing, recruiting",ESP
5245,1632,France,"Ongoing, recruiting",FRA
5246,1632,Italy,"Ongoing, recruiting",ITA
5247,1633,Spain,"Ongoing, recruiting",ESP
5248,1634,France,Ended,FRA
5249,1635,France,Temporarily halted,FRA
5250,1636,Sweden,"Ongoing, recruitment ended",SWE
5251,1636,Denmark,"Ongoing, recruitment ended",DNK
5252,1636,Finland,"Ongoing, recruitment ended",FIN
5253,1636,Norway,"Ongoing, recruitment ended",NOR
5254,1637,Germany,"Authorised, recruitment pending",DEU
5255,1637,Spain,"Authorised, recruitment pending",ESP
5256,1637,Netherlands,"Authorised, recruitment pending",NLD
5257,1637,Romania,"Authorised, recruitment pending",ROU
5258,1637,Greece,"Authorised, recruitment pending",GRC
5259,1637,Italy,"Authorised, recruitment pending",ITA
5260,1638,Spain,"Ongoing, recruitment ended",ESP
5261,1638,Belgium,"Ongoing, recruitment ended",BEL
5262,1638,France,"Ongoing, recruitment ended",FRA
5263,1639,Slovakia,"Ongoing, recruiting",SVK
5264,1639,Bulgaria,Ended,BGR
5265,1639,Romania,"Ongoing, recruiting",ROU
5266,1639,Spain,"Ongoing, recruiting",ESP
5267,1639,Poland,"Authorised, recruiting",POL
5268,1640,Germany,Temporarily halted,DEU
5269,1640,Austria,Temporarily halted,AUT
5270,1640,Poland,Temporarily halted,POL
5271,1640,Italy,Temporarily halted,ITA
5272,1640,Czechia,Temporarily halted,CZE
5273,1640,Greece,Temporarily halted,GRC
5274,1641,Germany,"Ongoing, recruitment ended",DEU
5275,1641,Hungary,"Ongoing, recruitment ended",HUN
5276,1641,Belgium,"Ongoing, recruitment ended",BEL
5277,1641,Denmark,"Ongoing, recruitment ended",DNK
5278,1641,Czechia,"Ongoing, recruitment ended",CZE
5279,1641,Netherlands,"Ongoing, recruitment ended",NLD
5280,1641,Spain,"Ongoing, recruitment ended",ESP
5281,1641,Italy,"Ongoing, recruitment ended",ITA
5282,1641,France,"Ongoing, recruitment ended",FRA
5283,1641,Poland,"Ongoing, recruitment ended",POL
5284,1642,Hungary,"Authorised, recruitment pending",HUN
5285,1642,Spain,"Ongoing, recruiting",ESP
5286,1642,Italy,"Ongoing, recruiting",ITA
5287,1642,Belgium,"Ongoing, recruiting",BEL
5288,1642,Netherlands,"Ongoing, recruiting",NLD
5289,1642,Austria,"Ongoing, recruiting",AUT
5290,1642,Germany,"Ongoing, recruiting",DEU
5291,1642,Greece,"Ongoing, recruiting",GRC
5292,1642,Czechia,"Ongoing, recruiting",CZE
5293,1642,Denmark,"Ongoing, recruiting",DNK
5294,1642,Poland,"Ongoing, recruiting",POL
5295,1642,Bulgaria,"Ongoing, recruiting",BGR
5296,1642,Portugal,"Ongoing, recruiting",PRT
5297,1642,France,"Ongoing, recruiting",FRA
5298,1643,Spain,Ended,ESP
5299,1643,Czechia,Ended,CZE
5300,1643,Poland,Ended,POL
5301,1643,Italy,Ended,ITA
5302,1644,Spain,"Authorised, recruitment pending",ESP
5303,1645,Italy,Ended,ITA
5304,1646,Poland,"Authorised, recruitment pending",POL
5305,1646,France,"Authorised, recruitment pending",FRA
5306,1646,Czechia,"Authorised, recruitment pending",CZE
5307,1646,Spain,"Authorised, recruitment pending",ESP
5308,1646,Romania,"Authorised, recruitment pending",ROU
5309,1647,France,"Ongoing, recruitment ended",FRA
5310,1647,Czechia,"Ongoing, recruitment ended",CZE
5311,1647,Poland,"Ongoing, recruitment ended",POL
5312,1647,Italy,"Ongoing, recruitment ended",ITA
5313,1647,Spain,"Ongoing, recruitment ended",ESP
5314,1648,Ireland,"Authorised, recruitment pending",IRL
5315,1648,Germany,"Authorised, recruitment pending",DEU
5316,1648,Spain,"Authorised, recruiting",ESP
5317,1649,France,"Authorised, recruitment pending",FRA
5318,1650,Netherlands,"Ongoing, recruiting",NLD
5319,1651,Poland,"Ongoing, recruitment ended",POL
5320,1651,Austria,Ended,AUT
5321,1651,Netherlands,"Ongoing, recruitment ended",NLD
5322,1651,Spain,"Ongoing, recruitment ended",ESP
5323,1651,France,"Ongoing, recruitment ended",FRA
5324,1651,Germany,"Ongoing, recruitment ended",DEU
5325,1651,Italy,"Ongoing, recruitment ended",ITA
5326,1651,Czechia,"Ongoing, recruitment ended",CZE
5327,1651,Belgium,"Ongoing, recruitment ended",BEL
5328,1652,France,"Authorised, recruitment pending",FRA
5329,1653,Italy,"Ongoing, recruiting",ITA
5330,1653,Poland,"Ongoing, recruiting",POL
5331,1653,France,"Ongoing, recruiting",FRA
5332,1653,Germany,"Ongoing, recruiting",DEU
5333,1653,Spain,"Authorised, recruiting",ESP
5334,1653,Belgium,"Ongoing, recruiting",BEL
5335,1653,Bulgaria,"Ongoing, recruiting",BGR
5336,1653,Czechia,Ended,CZE
5337,1653,Greece,"Ongoing, recruiting",GRC
5338,1653,Hungary,"Ongoing, recruiting",HUN
5339,1653,Romania,Temporarily halted,ROU
5340,1653,Sweden,"Ongoing, recruiting",SWE
5341,1654,Sweden,"Ongoing, recruitment ended",SWE
5342,1654,Hungary,Ended,HUN
5343,1654,Spain,"Ongoing, recruitment ended",ESP
5344,1654,Belgium,"Ongoing, recruitment ended",BEL
5345,1654,Czechia,"Ongoing, recruitment ended",CZE
5346,1654,Netherlands,Ended,NLD
5347,1654,Portugal,Ended,PRT
5348,1654,France,"Ongoing, recruitment ended",FRA
5349,1654,Lithuania,"Ongoing, recruitment ended",LTU
5350,1654,Germany,"Ongoing, recruitment ended",DEU
5351,1654,Greece,"Ongoing, recruitment ended",GRC
5352,1654,Austria,Ended,AUT
5353,1654,Italy,"Ongoing, recruitment ended",ITA
5354,1654,Poland,"Ongoing, recruitment ended",POL
5355,1655,France,"Ongoing, recruiting",FRA
5356,1655,Czechia,"Authorised, recruitment pending",CZE
5357,1656,Netherlands,Not authorised,NLD
5358,1656,France,"Ongoing, recruiting",FRA
5359,1657,Ireland,"Ongoing, recruitment ended",IRL
5360,1657,Belgium,"Ongoing, recruitment ended",BEL
5361,1657,Spain,"Ongoing, recruiting",ESP
5362,1657,Sweden,"Ongoing, recruitment ended",SWE
5363,1657,Finland,Ended,FIN
5364,1657,Netherlands,"Ongoing, recruiting",NLD
5365,1657,Czechia,"Ongoing, recruitment ended",CZE
5366,1657,Germany,"Ongoing, recruiting",DEU
5367,1657,Denmark,"Ongoing, recruitment ended",DNK
5368,1657,Norway,"Ongoing, recruitment ended",NOR
5369,1657,Austria,"Ongoing, recruitment ended",AUT
5370,1657,France,"Ongoing, recruitment ended",FRA
5371,1657,Italy,"Ongoing, recruiting",ITA
5372,1658,Poland,Ended,POL
5373,1658,Spain,"Ongoing, recruiting",ESP
5374,1658,Ireland,"Ongoing, recruiting",IRL
5375,1658,Portugal,"Ongoing, recruiting",PRT
5376,1659,Sweden,"Ongoing, recruitment ended",SWE
5377,1659,France,"Authorised, recruitment pending",FRA
5378,1659,Ireland,"Authorised, recruitment pending",IRL
5379,1659,Belgium,"Ongoing, recruiting",BEL
5380,1660,Italy,"Authorised, recruitment pending",ITA
5381,1661,Belgium,Ended,BEL
5382,1661,Poland,Ended,POL
5383,1661,France,Ended,FRA
5384,1661,Germany,Ended,DEU
5385,1661,Spain,Ended,ESP
5386,1661,Austria,Ended,AUT
5387,1661,Czechia,Ended,CZE
5388,1661,Italy,Ended,ITA
5389,1662,Czechia,"Ongoing, recruitment ended",CZE
5390,1662,Germany,Ended,DEU
5391,1662,Italy,"Ongoing, recruitment ended",ITA
5392,1662,Spain,Ended,ESP
5393,1662,France,Ended,FRA
5394,1662,Belgium,Ended,BEL
5395,1662,Austria,Ended,AUT
5396,1662,Netherlands,"Ongoing, recruitment ended",NLD
5397,1662,Poland,"Ongoing, recruitment ended",POL
5398,1663,Italy,"Ongoing, recruiting",ITA
5399,1664,France,"Authorised, recruitment pending",FRA
5400,1664,Germany,"Ongoing, recruiting",DEU
5401,1664,Italy,"Authorised, recruitment pending",ITA
5402,1664,Spain,"Ongoing, recruiting",ESP
5403,1665,Spain,"Ongoing, recruiting",ESP
5404,1666,Italy,Ended,ITA
5405,1666,Spain,"Ongoing, recruitment ended",ESP
5406,1666,France,"Ongoing, recruitment ended",FRA
5407,1666,Germany,Ended,DEU
5408,1667,Germany,Ended,DEU
5409,1667,Greece,Ended,GRC
5410,1667,Denmark,Ended,DNK
5411,1667,France,Ended,FRA
5412,1667,Romania,Ended,ROU
5413,1667,Poland,Ended,POL
5414,1667,Norway,Ended,NOR
5415,1667,Czechia,Ended,CZE
5416,1667,Netherlands,Ended,NLD
5417,1667,Spain,Ended,ESP
5418,1667,Italy,Ended,ITA
5419,1668,France,"Ongoing, recruiting",FRA
5420,1668,Spain,"Authorised, recruiting",ESP
5421,1668,Poland,"Ongoing, recruiting",POL
5422,1669,Italy,"Ongoing, recruitment ended",ITA
5423,1669,Spain,"Ongoing, recruitment ended",ESP
5424,1669,Denmark,Ended,DNK
5425,1669,Finland,"Ongoing, recruitment ended",FIN
5426,1669,Germany,"Ongoing, recruitment ended",DEU
5427,1669,Ireland,"Ongoing, recruitment ended",IRL
5428,1669,Belgium,"Ongoing, recruitment ended",BEL
5429,1669,Norway,Ended,NOR
5430,1669,Hungary,"Ongoing, recruitment ended",HUN
5431,1669,Netherlands,"Ongoing, recruitment ended",NLD
5432,1669,Sweden,"Ongoing, recruitment ended",SWE
5433,1669,Czechia,"Ongoing, recruitment ended",CZE
5434,1669,Poland,"Ongoing, recruitment ended",POL
5435,1670,Spain,"Ongoing, recruiting",ESP
5436,1671,Sweden,"Ongoing, recruitment ended",SWE
5437,1671,Spain,"Ongoing, recruitment ended",ESP
5438,1671,Belgium,"Ongoing, recruitment ended",BEL
5439,1671,Italy,"Ongoing, recruitment ended",ITA
5440,1671,Ireland,"Ongoing, recruitment ended",IRL
5441,1671,Netherlands,"Ongoing, recruitment ended",NLD
5442,1671,Germany,"Ongoing, recruitment ended",DEU
5443,1671,Poland,Ended,POL
5444,1672,France,"Ongoing, recruitment ended",FRA
5445,1673,Germany,"Authorised, recruitment pending",DEU
5446,1674,France,"Ongoing, recruiting",FRA
5447,1674,Germany,"Ongoing, recruiting",DEU
5448,1674,Spain,"Ongoing, recruiting",ESP
5449,1674,Netherlands,"Ongoing, recruiting",NLD
5450,1674,Italy,"Ongoing, recruiting",ITA
5451,1674,Belgium,"Ongoing, recruiting",BEL
5452,1674,Greece,"Ongoing, recruiting",GRC
5453,1675,Belgium,"Ongoing, recruiting",BEL
5454,1675,Sweden,"Ongoing, recruiting",SWE
5455,1675,Spain,"Ongoing, recruiting",ESP
5456,1675,France,"Ongoing, recruiting",FRA
5457,1675,Italy,"Ongoing, recruiting",ITA
5458,1675,Netherlands,"Ongoing, recruiting",NLD
5459,1676,Greece,"Ongoing, recruiting",GRC
5460,1677,Spain,"Ongoing, recruitment ended",ESP
5461,1677,France,"Ongoing, recruitment ended",FRA
5462,1677,Italy,"Ongoing, recruitment ended",ITA
5463,1678,Netherlands,"Authorised, recruitment pending",NLD
5464,1679,Belgium,"Ongoing, recruiting",BEL
5465,1679,Spain,"Ongoing, recruiting",ESP
5466,1680,Germany,"Ongoing, recruiting",DEU
5467,1680,Italy,"Ongoing, recruiting",ITA
5468,1680,France,"Ongoing, recruiting",FRA
5469,1680,Spain,"Ongoing, recruiting",ESP
5470,1680,Netherlands,"Authorised, recruiting",NLD
5471,1680,Belgium,"Ongoing, recruiting",BEL
5472,1680,Denmark,"Ongoing, recruiting",DNK
5473,1681,France,"Authorised, recruitment pending",FRA
5474,1682,Italy,"Authorised, recruitment pending",ITA
5475,1682,Poland,"Ongoing, recruiting",POL
5476,1683,Italy,"Ongoing, recruitment ended",ITA
5477,1684,Italy,Ended,ITA
5478,1685,France,Ended,FRA
5479,1685,Austria,Ended,AUT
5480,1685,Germany,Ended,DEU
5481,1685,Romania,Ended,ROU
5482,1685,Belgium,Ended,BEL
5483,1685,Spain,Ended,ESP
5484,1685,Netherlands,Ended,NLD
5485,1686,Belgium,"Ongoing, recruiting",BEL
5486,1687,Germany,"Ongoing, recruiting",DEU
5487,1688,Belgium,"Ongoing, recruiting",BEL
5488,1688,Ireland,"Ongoing, recruiting",IRL
5489,1688,Croatia,"Ongoing, recruiting",HRV
5490,1688,Spain,"Ongoing, recruiting",ESP
5491,1688,France,"Ongoing, recruiting",FRA
5492,1688,Denmark,"Ongoing, recruiting",DNK
5493,1688,Slovenia,"Authorised, recruitment pending",SVN
5494,1688,Romania,"Authorised, recruitment pending",ROU
5495,1688,Italy,"Authorised, recruitment pending",ITA
5496,1688,Czechia,"Authorised, recruitment pending",CZE
5497,1689,Italy,"Ongoing, recruiting",ITA
5498,1690,Denmark,"Ongoing, recruitment ended",DNK
5499,1690,France,"Ongoing, recruitment ended",FRA
5500,1691,Spain,"Ongoing, recruitment ended",ESP
5501,1691,Belgium,"Ongoing, recruitment ended",BEL
5502,1691,Bulgaria,"Ongoing, recruitment ended",BGR
5503,1691,Greece,"Ongoing, recruitment ended",GRC
5504,1691,Denmark,"Ongoing, recruitment ended",DNK
5505,1691,Slovakia,Ended,SVK
5506,1691,Italy,"Ongoing, recruitment ended",ITA
5507,1691,Croatia,"Ongoing, recruitment ended",HRV
5508,1691,Sweden,"Ongoing, recruitment ended",SWE
5509,1691,Austria,"Ongoing, recruitment ended",AUT
5510,1691,Netherlands,"Ongoing, recruitment ended",NLD
5511,1691,Poland,"Ongoing, recruitment ended",POL
5512,1691,Hungary,"Ongoing, recruitment ended",HUN
5513,1691,Portugal,"Ongoing, recruitment ended",PRT
5514,1691,Czechia,"Ongoing, recruitment ended",CZE
5515,1691,France,"Ongoing, recruitment ended",FRA
5516,1692,Netherlands,"Authorised, recruitment pending",NLD
5517,1692,Hungary,"Authorised, recruitment pending",HUN
5518,1692,France,"Authorised, recruiting",FRA
5519,1692,Austria,"Authorised, recruitment pending",AUT
5520,1692,Poland,"Authorised, recruiting",POL
5521,1692,Italy,"Authorised, recruitment pending",ITA
5522,1692,Denmark,"Authorised, recruitment pending",DNK
5523,1692,Romania,"Ongoing, recruiting",ROU
5524,1692,Greece,"Authorised, recruitment pending",GRC
5525,1692,Norway,"Authorised, recruitment pending",NOR
5526,1692,Czechia,"Authorised, recruitment pending",CZE
5527,1692,Belgium,"Authorised, recruitment pending",BEL
5528,1692,Spain,"Ongoing, recruiting",ESP
5529,1692,Ireland,"Authorised, recruitment pending",IRL
5530,1692,Germany,"Authorised, recruitment pending",DEU
5531,1693,Spain,"Ongoing, recruiting",ESP
5532,1693,Poland,"Authorised, recruitment pending",POL
5533,1693,Italy,"Authorised, recruitment pending",ITA
5534,1693,Germany,"Authorised, recruitment pending",DEU
5535,1694,Germany,"Authorised, recruitment pending",DEU
5536,1695,Slovakia,"Ongoing, recruitment ended",SVK
5537,1695,Spain,"Ongoing, recruitment ended",ESP
5538,1695,Italy,"Ongoing, recruitment ended",ITA
5539,1695,Hungary,"Ongoing, recruitment ended",HUN
5540,1696,Netherlands,Ended,NLD
5541,1696,France,Ended,FRA
5542,1696,Norway,Ended,NOR
5543,1696,Hungary,Ended,HUN
5544,1696,Italy,Ended,ITA
5545,1696,Lithuania,Ended,LTU
5546,1696,Germany,Ended,DEU
5547,1696,Czechia,Ended,CZE
5548,1696,Croatia,Ended,HRV
5549,1696,Estonia,Ended,EST
5550,1696,Belgium,Ended,BEL
5551,1696,Greece,Ended,GRC
5552,1697,Romania,Ended,ROU
5553,1697,Germany,Ended,DEU
5554,1698,Italy,"Ongoing, recruiting",ITA
5555,1699,Italy,"Ongoing, recruitment ended",ITA
5556,1700,France,"Ongoing, recruiting",FRA
5557,1700,Spain,"Ongoing, recruiting",ESP
5558,1700,Greece,"Ongoing, recruiting",GRC
5559,1700,Belgium,"Ongoing, recruiting",BEL
5560,1701,Hungary,"Ongoing, recruitment ended",HUN
5561,1701,Romania,"Ongoing, recruitment ended",ROU
5562,1701,Greece,"Ongoing, recruitment ended",GRC
5563,1701,Italy,"Ongoing, recruitment ended",ITA
5564,1701,Poland,"Ongoing, recruitment ended",POL
5565,1701,Finland,"Ongoing, recruitment ended",FIN
5566,1701,Germany,"Ongoing, recruitment ended",DEU
5567,1701,France,"Ongoing, recruitment ended",FRA
5568,1701,Spain,"Ongoing, recruitment ended",ESP
5569,1701,Denmark,Ended,DNK
5570,1701,Portugal,Ended,PRT
5571,1701,Norway,Ended,NOR
5572,1702,Romania,"Authorised, recruitment pending",ROU
5573,1702,Germany,"Ongoing, recruiting",DEU
5574,1702,Spain,"Ongoing, recruiting",ESP
5575,1702,Belgium,"Ongoing, recruiting",BEL
5576,1702,France,"Ongoing, recruiting",FRA
5577,1702,Italy,"Authorised, recruiting",ITA
5578,1702,Poland,"Authorised, recruiting",POL
5579,1703,France,"Ongoing, recruiting",FRA
5580,1704,Belgium,Ended,BEL
5581,1704,France,"Ongoing, recruitment ended",FRA
5582,1704,Italy,"Ongoing, recruitment ended",ITA
5583,1704,Sweden,"Ongoing, recruitment ended",SWE
5584,1704,Netherlands,"Ongoing, recruitment ended",NLD
5585,1704,Denmark,Ended,DNK
5586,1704,Spain,"Ongoing, recruitment ended",ESP
5587,1705,Italy,Ended,ITA
5588,1705,Spain,Ended,ESP
5589,1706,Greece,"Ongoing, recruiting",GRC
5590,1706,France,"Authorised, recruiting",FRA
5591,1706,Spain,"Ongoing, recruiting",ESP
5592,1706,Italy,"Ongoing, recruiting",ITA
5593,1707,Italy,"Authorised, recruiting",ITA
5594,1707,Poland,"Ongoing, recruiting",POL
5595,1708,Ireland,Ended,IRL
5596,1708,Belgium,"Ongoing, recruitment ended",BEL
5597,1708,Netherlands,"Ongoing, recruitment ended",NLD
5598,1708,Greece,Ended,GRC
5599,1709,Spain,"Ongoing, recruiting",ESP
5600,1710,Spain,"Ongoing, recruitment ended",ESP
5601,1710,Germany,"Ongoing, recruitment ended",DEU
5602,1711,Greece,Ended,GRC
5603,1711,France,Ended,FRA
5604,1711,Poland,Ended,POL
5605,1711,Czechia,Ended,CZE
5606,1711,Spain,Ended,ESP
5607,1711,Hungary,Ended,HUN
5608,1712,Italy,"Ongoing, recruiting",ITA
5609,1712,Spain,"Ongoing, recruiting",ESP
5610,1713,Spain,"Ongoing, recruitment ended",ESP
5611,1713,Czechia,"Ongoing, recruitment ended",CZE
5612,1713,Poland,"Ongoing, recruitment ended",POL
5613,1713,Belgium,"Ongoing, recruitment ended",BEL
5614,1713,France,"Ongoing, recruitment ended",FRA
5615,1713,Italy,"Ongoing, recruitment ended",ITA
5616,1713,Ireland,"Ongoing, recruitment ended",IRL
5617,1713,Finland,"Ongoing, recruitment ended",FIN
5618,1713,Sweden,"Ongoing, recruitment ended",SWE
5619,1713,Slovakia,"Ongoing, recruitment ended",SVK
5620,1713,Germany,"Ongoing, recruitment ended",DEU
5621,1713,Bulgaria,"Ongoing, recruitment ended",BGR
5622,1713,Denmark,"Ongoing, recruitment ended",DNK
5623,1713,Hungary,"Ongoing, recruitment ended",HUN
5624,1713,Greece,"Ongoing, recruitment ended",GRC
5625,1713,Netherlands,"Ongoing, recruitment ended",NLD
5626,1714,France,Ended,FRA
5627,1715,Germany,"Ongoing, recruiting",DEU
5628,1716,Hungary,"Authorised, recruiting",HUN
5629,1716,Poland,"Ongoing, recruiting",POL
5630,1716,Romania,"Ongoing, recruiting",ROU
5631,1716,Spain,"Ongoing, recruiting",ESP
5632,1716,Bulgaria,"Ongoing, recruiting",BGR
5633,1716,Latvia,"Ongoing, recruiting",LVA
5634,1717,Germany,"Ongoing, recruitment ended",DEU
5635,1718,France,"Authorised, recruiting",FRA
5636,1719,Germany,"Authorised, recruitment pending",DEU
5637,1719,Spain,"Ongoing, recruiting",ESP
5638,1720,France,"Ongoing, recruitment ended",FRA
5639,1721,Italy,"Ongoing, recruitment ended",ITA
5640,1722,Finland,Ended,FIN
5641,1722,Spain,Ended,ESP
5642,1722,Belgium,Ended,BEL
5643,1722,France,"Ongoing, recruitment ended",FRA
5644,1722,Austria,Ended,AUT
5645,1722,Greece,Ended,GRC
5646,1722,Italy,Ended,ITA
5647,1722,Bulgaria,Ended,BGR
5648,1722,Estonia,Ended,EST
5649,1722,Germany,Ended,DEU
5650,1722,Slovenia,Ended,SVN
5651,1722,Croatia,Ended,HRV
5652,1723,Italy,Ended,ITA
5653,1723,Spain,Ended,ESP
5654,1723,France,Ended,FRA
5655,1723,Slovakia,Ended,SVK
5656,1723,Germany,Ended,DEU
5657,1723,Sweden,Ended,SWE
5658,1723,Poland,Ended,POL
5659,1723,Belgium,Ended,BEL
5660,1724,Belgium,"Ongoing, recruiting",BEL
5661,1724,France,"Ongoing, recruiting",FRA
5662,1724,Spain,"Ongoing, recruiting",ESP
5663,1724,Italy,"Ongoing, recruiting",ITA
5664,1724,Germany,"Ongoing, recruiting",DEU
5665,1724,Austria,"Ongoing, recruiting",AUT
5666,1724,Greece,"Ongoing, recruiting",GRC
5667,1724,Poland,"Ongoing, recruiting",POL
5668,1725,Spain,"Ongoing, recruiting",ESP
5669,1725,Germany,"Ongoing, recruiting",DEU
5670,1725,France,"Ongoing, recruiting",FRA
5671,1726,France,Temporarily halted,FRA
5672,1727,Belgium,"Authorised, recruitment pending",BEL
5673,1727,Spain,"Authorised, recruitment pending",ESP
5674,1727,Poland,"Authorised, recruitment pending",POL
5675,1727,Italy,"Authorised, recruitment pending",ITA
5676,1727,Netherlands,"Authorised, recruitment pending",NLD
5677,1728,Poland,Ended,POL
5678,1728,Hungary,Ended,HUN
5679,1728,Latvia,Ended,LVA
5680,1728,Denmark,Ended,DNK
5681,1728,Estonia,Ended,EST
5682,1728,France,Ended,FRA
5683,1728,Lithuania,Ended,LTU
5684,1728,Czechia,Ended,CZE
5685,1728,Greece,Ended,GRC
5686,1728,Belgium,Ended,BEL
5687,1728,Ireland,Ended,IRL
5688,1728,Italy,Ended,ITA
5689,1728,Romania,Ended,ROU
5690,1728,Norway,Ended,NOR
5691,1728,Sweden,Ended,SWE
5692,1728,Bulgaria,Ended,BGR
5693,1728,Spain,Ended,ESP
5694,1728,Portugal,Ended,PRT
5695,1729,Spain,Suspended,ESP
5696,1729,Slovenia,Suspended,SVN
5697,1729,Greece,Suspended,GRC
5698,1729,Sweden,Not authorised,SWE
5699,1729,France,Not authorised,FRA
5700,1729,Latvia,Suspended,LVA
5701,1729,Germany,Suspended,DEU
5702,1730,Spain,"Ongoing, recruiting",ESP
5703,1731,Netherlands,"Ongoing, recruiting",NLD
5704,1731,Belgium,"Authorised, recruiting",BEL
5705,1731,Estonia,"Authorised, recruiting",EST
5706,1731,Iceland,"Authorised, recruiting",ISL
5707,1731,Latvia,"Authorised, recruiting",LVA
5708,1731,Lithuania,"Authorised, recruiting",LTU
5709,1731,Portugal,"Authorised, recruitment pending",PRT
5710,1731,Spain,"Ongoing, recruiting",ESP
5711,1731,Denmark,"Ongoing, recruiting",DNK
5712,1731,Norway,"Ongoing, recruiting",NOR
5713,1731,Finland,"Authorised, recruiting",FIN
5714,1731,Sweden,"Ongoing, recruiting",SWE
5715,1732,Finland,"Ongoing, recruiting",FIN
5716,1733,Sweden,"Ongoing, recruiting",SWE
5717,1733,France,"Authorised, recruitment pending",FRA
5718,1733,Portugal,"Authorised, recruiting",PRT
5719,1733,Spain,"Authorised, recruiting",ESP
5720,1734,Czechia,"Ongoing, recruiting",CZE
5721,1734,Germany,"Ongoing, recruiting",DEU
5722,1734,Norway,"Ongoing, recruiting",NOR
5723,1734,Spain,"Ongoing, recruiting",ESP
5724,1734,Belgium,"Ongoing, recruiting",BEL
5725,1734,Poland,"Ongoing, recruiting",POL
5726,1734,Greece,"Ongoing, recruiting",GRC
5727,1734,Denmark,"Ongoing, recruiting",DNK
5728,1734,Portugal,"Ongoing, recruiting",PRT
5729,1734,Sweden,"Ongoing, recruiting",SWE
5730,1735,Netherlands,"Ongoing, recruiting",NLD
5731,1735,France,"Authorised, recruiting",FRA
5732,1735,Spain,"Ongoing, recruiting",ESP
5733,1736,France,Ended,FRA
5734,1736,Spain,Ended,ESP
5735,1737,Spain,"Authorised, recruitment pending",ESP
5736,1738,Spain,"Ongoing, recruiting",ESP
5737,1739,France,"Ongoing, recruiting",FRA
5738,1739,Spain,"Ongoing, recruiting",ESP
5739,1739,Germany,"Ongoing, recruiting",DEU
5740,1739,Italy,"Ongoing, recruiting",ITA
5741,1740,Spain,Ended,ESP
5742,1740,Italy,Ended,ITA
5743,1740,France,"Ongoing, recruitment ended",FRA
5744,1741,Spain,"Ongoing, recruitment ended",ESP
5745,1741,Poland,"Ongoing, recruitment ended",POL
5746,1741,Italy,"Ongoing, recruitment ended",ITA
5747,1741,Czechia,"Ongoing, recruitment ended",CZE
5748,1741,Hungary,"Ongoing, recruitment ended",HUN
5749,1742,Netherlands,"Authorised, recruitment pending",NLD
5750,1743,Spain,"Authorised, recruitment pending",ESP
5751,1744,Italy,"Authorised, recruiting",ITA
5752,1744,Germany,"Authorised, recruiting",DEU
5753,1745,Spain,"Ongoing, recruiting",ESP
5754,1745,Czechia,"Ongoing, recruiting",CZE
5755,1745,Bulgaria,"Ongoing, recruiting",BGR
5756,1745,Poland,"Ongoing, recruiting",POL
5757,1745,Hungary,"Ongoing, recruiting",HUN
5758,1745,France,"Authorised, recruiting",FRA
5759,1745,Germany,"Ongoing, recruiting",DEU
5760,1746,Greece,"Ongoing, recruiting",GRC
5761,1746,Spain,"Ongoing, recruiting",ESP
5762,1746,Germany,"Ongoing, recruiting",DEU
5763,1746,Poland,"Ongoing, recruiting",POL
5764,1746,Netherlands,"Ongoing, recruiting",NLD
5765,1746,Belgium,"Ongoing, recruiting",BEL
5766,1746,Italy,"Ongoing, recruiting",ITA
5767,1746,France,"Ongoing, recruiting",FRA
5768,1746,Portugal,"Ongoing, recruiting",PRT
5769,1746,Czechia,"Ongoing, recruiting",CZE
5770,1746,Lithuania,"Ongoing, recruiting",LTU
5771,1746,Hungary,"Authorised, recruiting",HUN
5772,1746,Austria,"Authorised, recruitment pending",AUT
5773,1746,Croatia,"Ongoing, recruiting",HRV
5774,1747,Netherlands,Ended,NLD
5775,1748,Hungary,"Ongoing, recruiting",HUN
5776,1748,Portugal,"Ongoing, recruiting",PRT
5777,1748,Italy,"Ongoing, recruiting",ITA
5778,1748,France,"Ongoing, recruiting",FRA
5779,1748,Poland,"Ongoing, recruiting",POL
5780,1748,Czechia,"Ongoing, recruiting",CZE
5781,1748,Germany,"Authorised, recruiting",DEU
5782,1748,Spain,"Ongoing, recruiting",ESP
5783,1748,Belgium,"Ongoing, recruiting",BEL
5784,1748,Austria,"Ongoing, recruiting",AUT
5785,1748,Romania,"Ongoing, recruiting",ROU
5786,1748,Greece,"Ongoing, recruiting",GRC
5787,1748,Netherlands,"Ongoing, recruiting",NLD
5788,1749,Germany,"Ongoing, recruiting",DEU
5789,1749,France,"Ongoing, recruiting",FRA
5790,1749,Italy,"Ongoing, recruiting",ITA
5791,1749,Spain,"Ongoing, recruiting",ESP
5792,1750,Poland,"Ongoing, recruitment ended",POL
5793,1750,Italy,"Ongoing, recruitment ended",ITA
5794,1750,France,"Ongoing, recruitment ended",FRA
5795,1750,Spain,"Ongoing, recruitment ended",ESP
5796,1750,Germany,"Ongoing, recruitment ended",DEU
5797,1751,Spain,"Ongoing, recruiting",ESP
5798,1751,Italy,"Ongoing, recruiting",ITA
5799,1751,France,"Ongoing, recruiting",FRA
5800,1752,Germany,"Authorised, recruitment pending",DEU
5801,1752,France,"Authorised, recruitment pending",FRA
5802,1753,Germany,"Authorised, recruitment pending",DEU
5803,1754,Slovakia,"Ongoing, recruiting",SVK
5804,1754,Italy,"Ongoing, recruiting",ITA
5805,1754,Belgium,"Ongoing, recruiting",BEL
5806,1754,Germany,"Authorised, recruiting",DEU
5807,1754,Spain,"Ongoing, recruiting",ESP
5808,1754,France,"Ongoing, recruiting",FRA
5809,1754,Bulgaria,"Ongoing, recruiting",BGR
5810,1754,Poland,"Ongoing, recruiting",POL
5811,1755,Denmark,Ended,DNK
5812,1756,Italy,"Ongoing, recruiting",ITA
5813,1756,Spain,"Ongoing, recruiting",ESP
5814,1756,Belgium,"Ongoing, recruiting",BEL
5815,1756,Poland,"Ongoing, recruiting",POL
5816,1756,Denmark,"Ongoing, recruiting",DNK
5817,1757,Belgium,"Ongoing, recruiting",BEL
5818,1758,France,"Ongoing, recruiting",FRA
5819,1759,France,"Ongoing, recruiting",FRA
5820,1760,Greece,Ended,GRC
5821,1760,Hungary,Ended,HUN
5822,1760,Italy,"Ongoing, recruitment ended",ITA
5823,1760,Spain,"Ongoing, recruitment ended",ESP
5824,1760,France,Ended,FRA
5825,1760,Bulgaria,"Ongoing, recruitment ended",BGR
5826,1760,Belgium,"Ongoing, recruitment ended",BEL
5827,1760,Portugal,Ended,PRT
5828,1760,Poland,"Ongoing, recruitment ended",POL
5829,1760,Denmark,Ended,DNK
5830,1760,Germany,"Ongoing, recruitment ended",DEU
5831,1761,Belgium,"Ongoing, recruitment ended",BEL
5832,1761,Czechia,"Ongoing, recruitment ended",CZE
5833,1761,Germany,"Ongoing, recruitment ended",DEU
5834,1761,Italy,"Ongoing, recruitment ended",ITA
5835,1761,Netherlands,"Ongoing, recruitment ended",NLD
5836,1761,Finland,"Ongoing, recruitment ended",FIN
5837,1761,Spain,"Ongoing, recruitment ended",ESP
5838,1761,Norway,"Ongoing, recruitment ended",NOR
5839,1761,Romania,"Ongoing, recruitment ended",ROU
5840,1761,Sweden,"Ongoing, recruitment ended",SWE
5841,1761,Denmark,"Ongoing, recruitment ended",DNK
5842,1761,Austria,"Ongoing, recruitment ended",AUT
5843,1761,Greece,"Ongoing, recruitment ended",GRC
5844,1761,France,"Ongoing, recruitment ended",FRA
5845,1761,Poland,"Ongoing, recruitment ended",POL
5846,1762,Italy,"Ongoing, recruiting",ITA
5847,1762,Spain,"Ongoing, recruiting",ESP
5848,1762,France,Not authorised,FRA
5849,1763,Spain,Ended,ESP
5850,1763,Belgium,"Ongoing, recruitment ended",BEL
5851,1763,France,"Ongoing, recruitment ended",FRA
5852,1763,Italy,Ended,ITA
5853,1763,Netherlands,"Ongoing, recruitment ended",NLD
5854,1764,France,"Ongoing, recruitment ended",FRA
5855,1764,Netherlands,"Ongoing, recruitment ended",NLD
5856,1764,Hungary,"Ongoing, recruitment ended",HUN
5857,1764,Czechia,"Ongoing, recruitment ended",CZE
5858,1764,Germany,"Ongoing, recruitment ended",DEU
5859,1764,Spain,"Ongoing, recruitment ended",ESP
5860,1764,Denmark,"Ongoing, recruitment ended",DNK
5861,1765,Greece,Temporarily halted,GRC
5862,1765,Spain,Temporarily halted,ESP
5863,1765,France,Temporarily halted,FRA
5864,1765,Germany,Temporarily halted,DEU
5865,1766,France,"Ongoing, recruiting",FRA
5866,1767,Netherlands,"Ongoing, recruiting",NLD
5867,1767,Hungary,"Ongoing, recruiting",HUN
5868,1767,Italy,"Ongoing, recruiting",ITA
5869,1767,Romania,"Ongoing, recruiting",ROU
5870,1767,France,"Ongoing, recruiting",FRA
5871,1767,Spain,"Ongoing, recruiting",ESP
5872,1767,Poland,"Ongoing, recruiting",POL
5873,1767,Belgium,"Ongoing, recruiting",BEL
5874,1767,Germany,"Ongoing, recruiting",DEU
5875,1767,Austria,"Authorised, recruitment pending",AUT
5876,1767,Czechia,"Authorised, recruiting",CZE
5877,1767,Greece,"Authorised, recruitment pending",GRC
5878,1767,Portugal,"Ongoing, recruiting",PRT
5879,1768,France,"Authorised, recruiting",FRA
5880,1768,Spain,"Authorised, recruiting",ESP
5881,1768,Norway,"Ongoing, recruiting",NOR
5882,1768,Austria,"Authorised, recruiting",AUT
5883,1769,Czechia,"Ongoing, recruitment ended",CZE
5884,1769,Italy,"Ongoing, recruitment ended",ITA
5885,1769,Spain,"Ongoing, recruitment ended",ESP
5886,1769,Sweden,"Ongoing, recruitment ended",SWE
5887,1769,Finland,"Ongoing, recruitment ended",FIN
5888,1769,Norway,"Ongoing, recruitment ended",NOR
5889,1769,Austria,"Ongoing, recruitment ended",AUT
5890,1769,Germany,"Ongoing, recruitment ended",DEU
5891,1769,France,"Ongoing, recruitment ended",FRA
5892,1769,Belgium,"Ongoing, recruitment ended",BEL
5893,1769,Netherlands,"Ongoing, recruitment ended",NLD
5894,1769,Poland,"Ongoing, recruitment ended",POL
5895,1769,Greece,"Ongoing, recruitment ended",GRC
5896,1770,Spain,Ended,ESP
5897,1770,Italy,Ended,ITA
5898,1770,Germany,Ended,DEU
5899,1770,Romania,Ended,ROU
5900,1770,Portugal,Ended,PRT
5901,1770,Greece,Ended,GRC
5902,1770,Austria,Ended,AUT
5903,1770,Croatia,Ended,HRV
5904,1770,Czechia,Ended,CZE
5905,1770,France,Ended,FRA
5906,1770,Poland,Ended,POL
5907,1771,Spain,"Authorised, recruitment pending",ESP
5908,1771,Italy,"Authorised, recruitment pending",ITA
5909,1771,France,"Authorised, recruitment pending",FRA
5910,1772,Netherlands,"Ongoing, recruitment ended",NLD
5911,1772,Spain,"Ongoing, recruitment ended",ESP
5912,1772,Italy,"Ongoing, recruitment ended",ITA
5913,1773,France,"Ongoing, recruiting",FRA
5914,1773,Germany,"Ongoing, recruiting",DEU
5915,1773,Netherlands,"Ongoing, recruiting",NLD
5916,1773,Finland,"Authorised, recruiting",FIN
5917,1773,Austria,"Authorised, recruitment pending",AUT
5918,1773,Poland,"Ongoing, recruiting",POL
5919,1773,Denmark,Ended,DNK
5920,1773,Belgium,"Authorised, recruitment pending",BEL
5921,1773,Czechia,"Ongoing, recruiting",CZE
5922,1773,Italy,"Ongoing, recruiting",ITA
5923,1773,Spain,"Ongoing, recruiting",ESP
5924,1773,Greece,"Ongoing, recruiting",GRC
5925,1774,Spain,"Ongoing, recruiting",ESP
5926,1774,Italy,Ended,ITA
5927,1774,Portugal,Ended,PRT
5928,1774,Germany,"Ongoing, recruiting",DEU
5929,1774,France,Ended,FRA
5930,1774,Bulgaria,Ended,BGR
5931,1774,Poland,Ended,POL
5932,1774,Belgium,"Ongoing, recruiting",BEL
5933,1775,France,"Authorised, recruiting",FRA
5934,1775,Ireland,"Authorised, recruiting",IRL
5935,1775,Germany,"Ongoing, recruiting",DEU
5936,1775,Greece,"Authorised, recruitment pending",GRC
5937,1775,Bulgaria,"Authorised, recruitment pending",BGR
5938,1775,Spain,"Authorised, recruiting",ESP
5939,1775,Netherlands,"Authorised, recruiting",NLD
5940,1775,Italy,"Authorised, recruitment pending",ITA
5941,1775,Sweden,"Ongoing, recruiting",SWE
5942,1775,Romania,"Authorised, recruitment pending",ROU
5943,1775,Hungary,"Authorised, recruitment pending",HUN
5944,1775,Belgium,"Authorised, recruitment pending",BEL
5945,1775,Austria,"Authorised, recruitment pending",AUT
5946,1775,Poland,"Authorised, recruiting",POL
5947,1776,Spain,Ended,ESP
5948,1777,Spain,"Ongoing, recruitment ended",ESP
5949,1777,Croatia,"Ongoing, recruitment ended",HRV
5950,1777,Italy,"Ongoing, recruitment ended",ITA
5951,1777,France,"Ongoing, recruitment ended",FRA
5952,1778,Belgium,"Authorised, recruiting",BEL
5953,1778,Netherlands,"Ongoing, recruiting",NLD
5954,1778,France,"Ongoing, recruiting",FRA
5955,1778,Spain,"Ongoing, recruiting",ESP
5956,1778,Germany,"Ongoing, recruiting",DEU
5957,1778,Italy,"Ongoing, recruiting",ITA
5958,1779,Denmark,"Authorised, recruitment pending",DNK
5959,1779,Spain,"Ongoing, recruiting",ESP
5960,1780,France,"Ongoing, recruiting",FRA
5961,1780,Spain,"Ongoing, recruiting",ESP
5962,1780,Netherlands,"Ongoing, recruiting",NLD
5963,1780,Poland,"Authorised, recruiting",POL
5964,1781,France,"Authorised, recruitment pending",FRA
5965,1782,Spain,"Ongoing, recruitment ended",ESP
5966,1782,Italy,"Ongoing, recruitment ended",ITA
5967,1782,France,"Ongoing, recruitment ended",FRA
5968,1782,Germany,"Ongoing, recruitment ended",DEU
5969,1782,Bulgaria,Ended,BGR
5970,1782,Poland,Ended,POL
5971,1782,Romania,"Ongoing, recruitment ended",ROU
5972,1783,Italy,"Ongoing, recruiting",ITA
5973,1783,Netherlands,"Authorised, recruitment pending",NLD
5974,1783,Lithuania,"Authorised, recruiting",LTU
5975,1783,Finland,"Authorised, recruiting",FIN
5976,1783,Greece,"Ongoing, recruiting",GRC
5977,1783,Austria,"Ongoing, recruiting",AUT
5978,1783,Belgium,"Ongoing, recruiting",BEL
5979,1783,Hungary,"Authorised, recruitment pending",HUN
5980,1783,Spain,"Ongoing, recruiting",ESP
5981,1783,Poland,"Authorised, recruiting",POL
5982,1783,Czechia,"Authorised, recruitment pending",CZE
5983,1783,Germany,"Authorised, recruiting",DEU
5984,1783,France,"Ongoing, recruiting",FRA
5985,1783,Denmark,"Authorised, recruitment pending",DNK
5986,1783,Slovenia,"Authorised, recruitment pending",SVN
5987,1784,Greece,"Authorised, recruitment pending",GRC
5988,1784,Czechia,"Authorised, recruiting",CZE
5989,1784,France,"Ongoing, recruiting",FRA
5990,1784,Sweden,"Authorised, recruiting",SWE
5991,1784,Romania,"Ongoing, recruiting",ROU
5992,1784,Belgium,"Ongoing, recruiting",BEL
5993,1784,Austria,"Ongoing, recruiting",AUT
5994,1784,Bulgaria,"Ongoing, recruiting",BGR
5995,1784,Italy,"Ongoing, recruiting",ITA
5996,1784,Netherlands,"Ongoing, recruiting",NLD
5997,1784,Denmark,"Authorised, recruitment pending",DNK
5998,1784,Germany,"Ongoing, recruiting",DEU
5999,1784,Poland,"Authorised, recruiting",POL
6000,1784,Hungary,"Authorised, recruiting",HUN
6001,1784,Spain,"Authorised, recruiting",ESP
6002,1785,Italy,"Ongoing, recruiting",ITA
6003,1786,Spain,"Authorised, recruitment pending",ESP
6004,1787,Sweden,"Ongoing, recruiting",SWE
6005,1787,Denmark,"Authorised, recruitment pending",DNK
6006,1787,Finland,"Authorised, recruitment pending",FIN
6007,1787,Latvia,"Authorised, recruitment pending",LVA
6008,1788,Spain,Not authorised,ESP
6009,1789,Italy,Ended,ITA
6010,1789,Spain,Ended,ESP
6011,1790,Italy,Not authorised,ITA
6012,1791,Spain,"Authorised, recruiting",ESP
6013,1792,Germany,Not authorised,DEU
6014,1792,France,Not authorised,FRA
6015,1792,Poland,Not authorised,POL
6016,1792,Netherlands,Not authorised,NLD
6017,1792,Italy,Not authorised,ITA
6018,1792,Spain,Not authorised,ESP
6019,1793,Spain,Not authorised,ESP
6020,1793,France,Not authorised,FRA
6021,1794,Netherlands,"Authorised, recruitment pending",NLD
6022,1795,Spain,Not authorised,ESP
6023,1795,Italy,Not authorised,ITA
6024,1795,Germany,Not authorised,DEU
6025,1795,Belgium,Not authorised,BEL
6026,1796,France,Not authorised,FRA
6027,1797,France,"Ongoing, recruitment ended",FRA
6028,1798,Norway,"Ongoing, recruiting",NOR
6029,1799,Spain,Not authorised,ESP
6030,1799,Belgium,Not authorised,BEL
6031,1799,Italy,Not authorised,ITA
6032,1799,Hungary,Not authorised,HUN
6033,1800,Slovenia,Not authorised,SVN
6034,1801,Italy,"Authorised, recruitment pending",ITA
6035,1802,Netherlands,"Authorised, recruitment pending",NLD
6036,1803,Denmark,Not authorised,DNK
6037,1804,Germany,Not authorised,DEU
6038,1804,Spain,Not authorised,ESP
6039,1805,Germany,"Authorised, recruitment pending",DEU
6040,1805,Spain,"Authorised, recruitment pending",ESP
6041,1805,Sweden,"Authorised, recruitment pending",SWE
6042,1805,France,"Authorised, recruitment pending",FRA
6043,1806,Spain,Not authorised,ESP
6044,1807,Finland,"Ongoing, recruiting",FIN
6045,1808,France,Not authorised,FRA
6046,1809,Sweden,"Ongoing, recruiting",SWE
6047,1810,France,"Ongoing, recruitment ended",FRA
6048,1811,Netherlands,"Ongoing, recruiting",NLD
6049,1812,France,"Ongoing, recruiting",FRA
6050,1813,Poland,"Ongoing, recruiting",POL
6051,1814,Netherlands,"Authorised, recruitment pending",NLD
6052,1815,Germany,Not authorised,DEU
6053,1815,Italy,Not authorised,ITA
6054,1815,Spain,Not authorised,ESP
6055,1815,France,Not authorised,FRA
6056,1815,Ireland,Not authorised,IRL
6057,1815,Greece,Not authorised,GRC
6058,1815,Poland,Not authorised,POL
6059,1816,Netherlands,"Ongoing, recruiting",NLD
6060,1817,Italy,"Ongoing, recruiting",ITA
6061,1818,Finland,"Authorised, recruitment pending",FIN
6062,1819,Denmark,"Ongoing, recruiting",DNK
6063,1820,France,"Authorised, recruitment pending",FRA
6064,1821,France,"Ongoing, recruiting",FRA
6065,1822,France,"Ongoing, recruiting",FRA
6066,1823,Italy,"Authorised, recruitment pending",ITA
6067,1824,France,"Ongoing, recruiting",FRA
6068,1825,France,"Authorised, recruitment pending",FRA
6069,1826,Denmark,"Ongoing, recruiting",DNK
6070,1827,France,Ended,FRA
6071,1828,France,"Ongoing, recruiting",FRA
6072,1829,Netherlands,"Ongoing, recruiting",NLD
6073,1830,Italy,"Authorised, recruitment pending",ITA
6074,1831,Sweden,"Ongoing, recruiting",SWE
6075,1831,Netherlands,"Ongoing, recruiting",NLD
6076,1831,Denmark,"Ongoing, recruiting",DNK
6077,1832,Poland,"Ongoing, recruiting",POL
6078,1833,France,"Authorised, recruitment pending",FRA
6079,1834,Spain,"Authorised, recruitment pending",ESP
6080,1835,Sweden,"Ongoing, recruiting",SWE
6081,1836,Spain,"Ongoing, recruiting",ESP
6082,1836,Italy,"Ongoing, recruiting",ITA
6083,1836,Poland,"Ongoing, recruiting",POL
6084,1837,Sweden,"Ongoing, recruiting",SWE
6085,1838,Spain,Ended,ESP
6086,1838,France,"Ongoing, recruitment ended",FRA
6087,1838,Italy,Ended,ITA
6088,1838,Germany,"Ongoing, recruitment ended",DEU
6089,1838,Greece,"Ongoing, recruitment ended",GRC
6090,1839,Germany,"Ongoing, recruiting",DEU
6091,1840,Netherlands,"Ongoing, recruitment ended",NLD
6092,1840,Belgium,"Ongoing, recruitment ended",BEL
6093,1841,Poland,"Ongoing, recruitment ended",POL
6094,1841,Finland,"Ongoing, recruitment ended",FIN
6095,1841,Norway,"Ongoing, recruitment ended",NOR
6096,1842,Spain,Ended,ESP
6097,1842,Denmark,Ended,DNK
6098,1842,Netherlands,Ended,NLD
6099,1842,Germany,Ended,DEU
6100,1842,France,Ended,FRA
6101,1842,Austria,Ended,AUT
6102,1842,Italy,Ended,ITA
6103,1843,France,"Ongoing, recruiting",FRA
6104,1844,Italy,"Authorised, recruitment pending",ITA
6105,1845,Italy,"Ongoing, recruiting",ITA
6106,1846,France,"Ongoing, recruiting",FRA
6107,1847,Netherlands,"Authorised, recruitment pending",NLD
6108,1848,Spain,"Ongoing, recruitment ended",ESP
6109,1849,Czechia,"Ongoing, recruiting",CZE
6110,1850,Spain,Not authorised,ESP
6111,1851,Spain,Ended,ESP
6112,1852,Poland,"Ongoing, recruiting",POL
6113,1852,Germany,"Ongoing, recruiting",DEU
6114,1852,France,"Ongoing, recruiting",FRA
6115,1852,Belgium,"Ongoing, recruiting",BEL
6116,1852,Ireland,"Ongoing, recruiting",IRL
6117,1852,Spain,"Ongoing, recruiting",ESP
6118,1852,Norway,"Ongoing, recruiting",NOR
6119,1852,Czechia,"Ongoing, recruiting",CZE
6120,1852,Netherlands,"Ongoing, recruiting",NLD
6121,1852,Austria,"Ongoing, recruiting",AUT
6122,1853,Italy,"Ongoing, recruiting",ITA
6123,1854,Netherlands,"Ongoing, recruiting",NLD
6124,1855,Netherlands,"Ongoing, recruiting",NLD
6125,1856,Italy,"Authorised, recruitment pending",ITA
6126,1857,Germany,Ended,DEU
6127,1857,Italy,Ended,ITA
6128,1857,Spain,Ended,ESP
6129,1857,France,Ended,FRA
6130,1858,France,Ended,FRA
6131,1859,Netherlands,Not authorised,NLD
6132,1860,France,"Ongoing, recruitment ended",FRA
6133,1861,Spain,Ended,ESP
6134,1861,Italy,Ended,ITA
6135,1862,Italy,"Ongoing, recruiting",ITA
6136,1862,France,"Ongoing, recruiting",FRA
6137,1863,Sweden,"Ongoing, recruitment ended",SWE
6138,1863,Finland,"Ongoing, recruitment ended",FIN
6139,1863,Denmark,"Ongoing, recruitment ended",DNK
6140,1863,Netherlands,"Ongoing, recruitment ended",NLD
6141,1864,Netherlands,"Ongoing, recruitment ended",NLD
6142,1865,Sweden,Ended,SWE
6143,1865,Poland,Ended,POL
6144,1865,France,Ended,FRA
6145,1865,Germany,Ended,DEU
6146,1865,Italy,Ended,ITA
6147,1865,Spain,Ended,ESP
6148,1866,Greece,"Ongoing, recruiting",GRC
6149,1867,Belgium,"Ongoing, recruiting",BEL
6150,1868,Spain,"Ongoing, recruiting",ESP
6151,1869,France,"Ongoing, recruitment ended",FRA
6152,1869,Belgium,"Ongoing, recruitment ended",BEL
6153,1869,Spain,"Ongoing, recruitment ended",ESP
6154,1870,Spain,Ended,ESP
6155,1870,Italy,Ended,ITA
6156,1870,France,Ended,FRA
6157,1870,Poland,Ended,POL
6158,1871,France,"Ongoing, recruitment ended",FRA
6159,1872,France,"Ongoing, recruiting",FRA
6160,1873,Spain,"Ongoing, recruitment ended",ESP
6161,1873,Poland,"Ongoing, recruitment ended",POL
6162,1874,Germany,Ended,DEU
6163,1874,Romania,Ended,ROU
6164,1874,Italy,Ended,ITA
6165,1874,France,Ended,FRA
6166,1874,Spain,Ended,ESP
6167,1874,Poland,Ended,POL
6168,1875,France,"Ongoing, recruiting",FRA
6169,1875,Belgium,"Ongoing, recruiting",BEL
6170,1876,Poland,"Ongoing, recruitment ended",POL
6171,1877,France,"Ongoing, recruiting",FRA
6172,1878,Belgium,Ended,BEL
6173,1878,Spain,Ended,ESP
6174,1879,Germany,Ended,DEU
6175,1880,Poland,"Ongoing, recruiting",POL
6176,1881,Germany,Ended,DEU
6177,1882,Spain,"Ongoing, recruiting",ESP
6178,1883,Italy,"Authorised, recruitment pending",ITA
6179,1883,France,"Authorised, recruitment pending",FRA
6180,1884,Spain,Ended,ESP
6181,1884,Germany,Ended,DEU
6182,1884,France,Ended,FRA
6183,1884,Netherlands,Ended,NLD
6184,1885,Poland,Ended,POL
6185,1885,Italy,Ended,ITA
6186,1885,Greece,Ended,GRC
6187,1885,Spain,Ended,ESP
6188,1886,Czechia,"Ongoing, recruiting",CZE
6189,1887,France,"Ongoing, recruitment ended",FRA
6190,1888,France,"Authorised, recruitment pending",FRA
6191,1889,Spain,Ended,ESP
6192,1889,Poland,Ended,POL
6193,1890,Netherlands,"Ongoing, recruitment ended",NLD
6194,1890,Belgium,"Ongoing, recruitment ended",BEL
6195,1891,Ireland,Ended,IRL
6196,1892,Germany,"Ongoing, recruiting",DEU
6197,1893,Hungary,Ended,HUN
6198,1893,Romania,Ended,ROU
6199,1894,France,"Ongoing, recruiting",FRA
6200,1895,Belgium,Ended,BEL
6201,1895,Italy,Ended,ITA
6202,1895,Germany,Ended,DEU
6203,1895,Romania,Ended,ROU
6204,1895,France,Ended,FRA
6205,1895,Spain,Ended,ESP
6206,1895,Bulgaria,Ended,BGR
6207,1895,Poland,Ended,POL
6208,1896,Denmark,Ended,DNK
6209,1897,Denmark,"Authorised, recruitment pending",DNK
6210,1898,Belgium,"Ongoing, recruiting",BEL
6211,1899,Netherlands,"Authorised, recruitment pending",NLD
6212,1900,Spain,Ended,ESP
6213,1901,France,"Ongoing, recruiting",FRA
6214,1902,Spain,Ended,ESP
6215,1903,Norway,"Ongoing, recruiting",NOR
6216,1904,Spain,"Ongoing, recruitment ended",ESP
6217,1904,France,"Ongoing, recruitment ended",FRA
6218,1904,Italy,"Ongoing, recruitment ended",ITA
6219,1905,Spain,Ended,ESP
6220,1905,Finland,Ended,FIN
6221,1905,France,Ended,FRA
6222,1905,Italy,Ended,ITA
6223,1905,Belgium,Ended,BEL
6224,1906,Cyprus,"Ongoing, recruiting",CYP
6225,1907,Denmark,"Ongoing, recruiting",DNK
6226,1908,France,"Ongoing, recruiting",FRA
6227,1909,Spain,"Authorised, recruiting",ESP
6228,1910,Spain,"Ongoing, recruiting",ESP
6229,1911,Spain,"Ongoing, recruitment ended",ESP
6230,1912,Spain,Ended,ESP
6231,1913,Belgium,Ended,BEL
6232,1913,Germany,Ended,DEU
6233,1913,Austria,Ended,AUT
6234,1914,France,Ended,FRA
6235,1914,Italy,Ended,ITA
6236,1915,Italy,Ended,ITA
6237,1916,Ireland,"Ongoing, recruitment ended",IRL
6238,1917,Poland,"Ongoing, recruitment ended",POL
6239,1917,Italy,"Ongoing, recruitment ended",ITA
6240,1917,Spain,"Ongoing, recruitment ended",ESP
6241,1917,France,"Ongoing, recruitment ended",FRA
6242,1917,Germany,"Ongoing, recruitment ended",DEU
6243,1918,France,"Ongoing, recruiting",FRA
6244,1919,Belgium,Ended,BEL
6245,1919,Spain,Ended,ESP
6246,1919,France,Ended,FRA
6247,1919,Italy,Ended,ITA
6248,1920,Spain,"Ongoing, recruitment ended",ESP
6249,1921,France,"Ongoing, recruiting",FRA
6250,1922,Spain,Not authorised,ESP
6251,1923,Germany,"Authorised, recruitment pending",DEU
6252,1924,Italy,Ended,ITA
6253,1925,France,"Ongoing, recruitment ended",FRA
6254,1926,France,"Authorised, recruitment pending",FRA
6255,1927,Netherlands,Ended,NLD
6256,1928,Norway,Ended,NOR
6257,1928,Lithuania,Ended,LTU
6258,1928,Sweden,Ended,SWE
6259,1929,Germany,"Ongoing, recruitment ended",DEU
6260,1930,Belgium,Ended,BEL
6261,1930,Spain,Ended,ESP
6262,1930,Romania,Ended,ROU
6263,1930,Ireland,Ended,IRL
6264,1930,Czechia,Ended,CZE
6265,1930,France,Ended,FRA
6266,1930,Poland,Ended,POL
6267,1930,Denmark,Ended,DNK
6268,1930,Netherlands,Ended,NLD
6269,1930,Germany,Ended,DEU
6270,1931,Netherlands,Ended,NLD
6271,1932,Belgium,Ended,BEL
6272,1933,France,"Authorised, recruitment pending",FRA
6273,1934,France,"Ongoing, recruiting",FRA
6274,1935,Belgium,"Ongoing, recruiting",BEL
6275,1936,Germany,Ended,DEU
6276,1936,Spain,Ended,ESP
6277,1937,Spain,"Ongoing, recruitment ended",ESP
6278,1938,Denmark,Ended,DNK
6279,1939,France,Ended,FRA
6280,1939,Belgium,Ended,BEL
6281,1939,Germany,Ended,DEU
6282,1939,Greece,Ended,GRC
6283,1939,Italy,Ended,ITA
6284,1940,France,"Ongoing, recruiting",FRA
6285,1940,Spain,"Ongoing, recruiting",ESP
6286,1941,France,"Ongoing, recruiting",FRA
6287,1942,Italy,"Ongoing, recruitment ended",ITA
6288,1943,Spain,"Ongoing, recruitment ended",ESP
6289,1943,France,Ended,FRA
6290,1944,Germany,Ended,DEU
6291,1945,Italy,"Ongoing, recruitment ended",ITA
6292,1946,France,"Ongoing, recruiting",FRA
6293,1947,France,Ended,FRA
6294,1948,Spain,"Authorised, recruitment pending",ESP
6295,1949,Finland,"Authorised, recruitment pending",FIN
6296,1950,Sweden,"Ongoing, recruiting",SWE
6297,1950,Denmark,"Ongoing, recruiting",DNK
6298,1951,Germany,Ended,DEU
6299,1951,Spain,Ended,ESP
6300,1951,France,Ended,FRA
6301,1951,Italy,Ended,ITA
6302,1951,Poland,Ended,POL
6303,1952,France,Ended,FRA
6304,1953,Germany,Ended,DEU
6305,1953,Spain,Ended,ESP
6306,1953,Romania,Ended,ROU
6307,1953,Denmark,Ended,DNK
6308,1953,Belgium,Ended,BEL
6309,1954,Poland,"Ongoing, recruiting",POL
6310,1955,France,Ended,FRA
6311,1956,Sweden,"Ongoing, recruiting",SWE
6312,1956,Denmark,"Authorised, recruitment pending",DNK
6313,1957,France,"Ongoing, recruiting",FRA
6314,1958,Germany,Ended,DEU
6315,1959,Spain,"Ongoing, recruitment ended",ESP
6316,1959,France,"Ongoing, recruitment ended",FRA
6317,1960,Italy,"Ongoing, recruiting",ITA
6318,1960,Poland,"Ongoing, recruiting",POL
6319,1960,France,"Ongoing, recruiting",FRA
6320,1960,Spain,"Ongoing, recruiting",ESP
6321,1961,France,"Ongoing, recruiting",FRA
6322,1961,Italy,"Ongoing, recruiting",ITA
6323,1962,Netherlands,"Ongoing, recruiting",NLD
6324,1962,Belgium,"Ongoing, recruiting",BEL
6325,1962,France,"Ongoing, recruiting",FRA
6326,1963,France,"Ongoing, recruiting",FRA
6327,1963,Belgium,"Ongoing, recruiting",BEL
6328,1964,Poland,"Ongoing, recruiting",POL
6329,1964,Spain,"Ongoing, recruiting",ESP
6330,1964,Portugal,"Ongoing, recruiting",PRT
6331,1964,France,"Ongoing, recruiting",FRA
6332,1964,Belgium,"Ongoing, recruiting",BEL
6333,1965,France,"Authorised, recruitment pending",FRA
6334,1965,Italy,"Authorised, recruitment pending",ITA
6335,1966,Germany,"Ongoing, recruiting",DEU
6336,1967,Finland,Ended,FIN
6337,1968,Sweden,"Ongoing, recruitment ended",SWE
6338,1969,Italy,"Ongoing, recruiting",ITA
6339,1970,France,"Ongoing, recruiting",FRA
6340,1971,Germany,Ended,DEU
6341,1971,Spain,Ended,ESP
6342,1971,Denmark,Ended,DNK
6343,1971,Italy,Ended,ITA
6344,1972,Sweden,"Ongoing, recruitment ended",SWE
6345,1972,Netherlands,Ended,NLD
6346,1972,France,"Ongoing, recruitment ended",FRA
6347,1973,Austria,"Ongoing, recruiting",AUT
6348,1974,Belgium,Ended,BEL
6349,1975,Germany,Ended,DEU
6350,1975,Italy,Ended,ITA
6351,1975,Norway,Ended,NOR
6352,1975,Ireland,Ended,IRL
6353,1975,Sweden,Ended,SWE
6354,1975,Spain,Ended,ESP
6355,1975,Poland,Ended,POL
6356,1975,France,Ended,FRA
6357,1975,Belgium,Ended,BEL
6358,1975,Netherlands,Ended,NLD
6359,1975,Czechia,Ended,CZE
6360,1976,Spain,"Ongoing, recruiting",ESP
6361,1976,Italy,"Ongoing, recruiting",ITA
6362,1976,France,"Ongoing, recruiting",FRA
6363,1977,France,Temporarily halted,FRA
6364,1978,Italy,Ended,ITA
6365,1978,Spain,Ended,ESP
6366,1979,Spain,"Ongoing, recruiting",ESP
6367,1980,France,"Ongoing, recruiting",FRA
6368,1981,Spain,Ended,ESP
6369,1981,Belgium,Ended,BEL
6370,1981,Germany,Ended,DEU
6371,1982,Sweden,"Ongoing, recruitment ended",SWE
6372,1982,Finland,"Ongoing, recruitment ended",FIN
6373,1982,Germany,"Ongoing, recruitment ended",DEU
6374,1982,Austria,"Ongoing, recruitment ended",AUT
6375,1982,Norway,"Ongoing, recruitment ended",NOR
6376,1982,Czechia,"Ongoing, recruitment ended",CZE
6377,1982,Denmark,"Ongoing, recruitment ended",DNK
6378,1982,Spain,"Ongoing, recruitment ended",ESP
6379,1982,Poland,"Ongoing, recruitment ended",POL
6380,1982,Belgium,"Ongoing, recruitment ended",BEL
6381,1982,Portugal,"Ongoing, recruitment ended",PRT
6382,1982,Hungary,"Ongoing, recruitment ended",HUN
6383,1982,France,"Ongoing, recruitment ended",FRA
6384,1982,Netherlands,"Ongoing, recruitment ended",NLD
6385,1982,Greece,"Ongoing, recruitment ended",GRC
6386,1982,Ireland,"Ongoing, recruitment ended",IRL
6387,1983,Cyprus,Ended,CYP
6388,1983,Netherlands,Ended,NLD
6389,1984,Spain,"Ongoing, recruiting",ESP
6390,1985,Spain,Ended,ESP
6391,1985,France,Ended,FRA
6392,1986,France,Ended,FRA
6393,1986,Italy,Ended,ITA
6394,1986,Germany,Ended,DEU
6395,1986,Belgium,Ended,BEL
6396,1986,Spain,Ended,ESP
6397,1987,Spain,Ended,ESP
6398,1988,Italy,"Ongoing, recruitment ended",ITA
6399,1988,France,"Ongoing, recruitment ended",FRA
6400,1988,Spain,"Ongoing, recruitment ended",ESP
6401,1988,Austria,"Ongoing, recruitment ended",AUT
6402,1988,Sweden,"Ongoing, recruitment ended",SWE
6403,1988,Denmark,Ended,DNK
6404,1988,Norway,"Ongoing, recruitment ended",NOR
6405,1989,France,"Authorised, recruitment pending",FRA
6406,1990,France,Ended,FRA
6407,1991,Czechia,"Ongoing, recruitment ended",CZE
6408,1991,Germany,"Ongoing, recruitment ended",DEU
6409,1991,Spain,"Ongoing, recruitment ended",ESP
6410,1991,Italy,"Ongoing, recruitment ended",ITA
6411,1991,Poland,"Ongoing, recruitment ended",POL
6412,1991,Belgium,Ended,BEL
6413,1991,Austria,"Ongoing, recruitment ended",AUT
6414,1991,France,"Ongoing, recruitment ended",FRA
6415,1992,Germany,Ended,DEU
6416,1993,Germany,Ended,DEU
6417,1993,Hungary,Ended,HUN
6418,1993,Italy,Ended,ITA
6419,1993,Poland,Ended,POL
6420,1993,Spain,Ended,ESP
6421,1993,Netherlands,Ended,NLD
6422,1993,Austria,Ended,AUT
6423,1993,Greece,Ended,GRC
6424,1994,France,"Ongoing, recruitment ended",FRA
6425,1995,Belgium,"Ongoing, recruitment ended",BEL
6426,1995,Lithuania,"Ongoing, recruitment ended",LTU
6427,1995,Estonia,"Ongoing, recruitment ended",EST
6428,1995,Germany,"Ongoing, recruitment ended",DEU
6429,1995,Spain,"Ongoing, recruitment ended",ESP
6430,1995,Hungary,"Ongoing, recruitment ended",HUN
6431,1995,Greece,"Ongoing, recruitment ended",GRC
6432,1995,Poland,"Ongoing, recruitment ended",POL
6433,1996,Germany,Ended,DEU
6434,1997,Sweden,"Authorised, recruitment pending",SWE
6435,1998,Netherlands,Ended,NLD
6436,1999,Netherlands,"Ongoing, recruiting",NLD
6437,2000,Denmark,"Ongoing, recruiting",DNK
6438,2001,Netherlands,"Ongoing, recruitment ended",NLD
6439,2002,France,"Ongoing, recruitment ended",FRA
6440,2002,Spain,"Ongoing, recruitment ended",ESP
6441,2003,Spain,Ended,ESP
6442,2003,France,Ended,FRA
6443,2003,Germany,Ended,DEU
6444,2004,Spain,Ended,ESP
6445,2004,Italy,Ended,ITA
6446,2004,France,Ended,FRA
6447,2005,Finland,"Ongoing, recruiting",FIN
6448,2006,Spain,Ended,ESP
6449,2007,Spain,Ended,ESP
6450,2007,Germany,Ended,DEU
6451,2007,Czechia,Ended,CZE
6452,2008,Lithuania,"Authorised, recruitment pending",LTU
6453,2009,Spain,"Ongoing, recruitment ended",ESP
6454,2010,France,"Ongoing, recruiting",FRA
6455,2010,Belgium,"Ongoing, recruiting",BEL
6456,2010,Spain,"Ongoing, recruiting",ESP
6457,2011,Belgium,"Ongoing, recruitment ended",BEL
6458,2012,France,"Ongoing, recruiting",FRA
6459,2013,Spain,Ended,ESP
6460,2014,Spain,"Authorised, recruitment pending",ESP
6461,2014,France,"Ongoing, recruiting",FRA
6462,2015,Netherlands,"Authorised, recruitment pending",NLD
6463,2016,Spain,"Ongoing, recruiting",ESP
6464,2017,Italy,Ended,ITA
6465,2017,Spain,Ended,ESP
6466,2017,France,Not authorised,FRA
6467,2017,Greece,Ended,GRC
6468,2018,Spain,Ended,ESP
6469,2018,France,Ended,FRA
6470,2018,Italy,Ended,ITA
6471,2019,Sweden,"Authorised, recruiting",SWE
6472,2019,Norway,"Authorised, recruiting",NOR
6473,2020,France,"Ongoing, recruitment ended",FRA
6474,2021,Spain,Ended,ESP
6475,2022,Germany,Ended,DEU
6476,2023,France,"Ongoing, recruiting",FRA
6477,2023,Spain,"Ongoing, recruiting",ESP
6478,2023,Belgium,"Ongoing, recruiting",BEL
6479,2024,Spain,"Authorised, recruitment pending",ESP
6480,2025,France,Ended,FRA
6481,2026,France,Ended,FRA
6482,2027,Germany,Ended,DEU
6483,2027,Belgium,Ended,BEL
6484,2027,Italy,Ended,ITA
6485,2027,France,Ended,FRA
6486,2027,Sweden,Ended,SWE
6487,2027,Hungary,Ended,HUN
6488,2027,Spain,Ended,ESP
6489,2027,Denmark,Ended,DNK
6490,2027,Norway,Ended,NOR
6491,2027,Ireland,Ended,IRL
6492,2027,Poland,Ended,POL
6493,2028,France,Ended,FRA
6494,2028,Netherlands,Ended,NLD
6495,2028,Germany,Ended,DEU
6496,2028,Spain,Ended,ESP
6497,2028,Ireland,Ended,IRL
6498,2028,Sweden,Ended,SWE
6499,2028,Belgium,Ended,BEL
6500,2028,Italy,Ended,ITA
6501,2028,Romania,Ended,ROU
6502,2028,Poland,Ended,POL
6503,2028,Greece,Ended,GRC
6504,2029,Spain,Ended,ESP
6505,2029,Italy,Ended,ITA
6506,2029,France,Ended,FRA
6507,2029,Poland,Ended,POL
6508,2030,Belgium,"Ongoing, recruitment ended",BEL
6509,2030,Poland,"Ongoing, recruitment ended",POL
6510,2030,France,"Ongoing, recruitment ended",FRA
6511,2030,Spain,"Ongoing, recruitment ended",ESP
6512,2030,Romania,"Ongoing, recruitment ended",ROU
6513,2030,Italy,"Ongoing, recruitment ended",ITA
6514,2030,Germany,"Ongoing, recruitment ended",DEU
6515,2030,Austria,"Ongoing, recruitment ended",AUT
6516,2031,Germany,Ended,DEU
6517,2031,France,Ended,FRA
6518,2032,Italy,"Ongoing, recruiting",ITA
6519,2032,Czechia,"Ongoing, recruiting",CZE
6520,2032,Germany,"Ongoing, recruiting",DEU
6521,2032,France,"Ongoing, recruiting",FRA
6522,2033,Netherlands,"Ongoing, recruitment ended",NLD
6523,2033,Czechia,"Ongoing, recruitment ended",CZE
6524,2033,Spain,"Ongoing, recruitment ended",ESP
6525,2033,Germany,"Ongoing, recruitment ended",DEU
6526,2033,Italy,"Ongoing, recruitment ended",ITA
6527,2033,Romania,"Ongoing, recruitment ended",ROU
6528,2033,Belgium,"Ongoing, recruitment ended",BEL
6529,2033,France,"Ongoing, recruitment ended",FRA
6530,2033,Poland,"Ongoing, recruitment ended",POL
6531,2034,Belgium,"Ongoing, recruitment ended",BEL
6532,2034,Spain,"Ongoing, recruitment ended",ESP
6533,2035,Italy,"Ongoing, recruitment ended",ITA
6534,2035,Spain,"Ongoing, recruitment ended",ESP
6535,2035,Poland,"Ongoing, recruitment ended",POL
6536,2035,France,"Ongoing, recruitment ended",FRA
6537,2036,Netherlands,"Ongoing, recruiting",NLD
6538,2037,Germany,Ended,DEU
6539,2038,Sweden,"Ongoing, recruiting",SWE
6540,2039,Italy,"Authorised, recruitment pending",ITA
6541,2040,Netherlands,Ended,NLD
6542,2040,Germany,Ended,DEU
6543,2040,France,Ended,FRA
6544,2040,Spain,Ended,ESP
6545,2040,Hungary,Ended,HUN
6546,2040,Belgium,Ended,BEL
6547,2041,Spain,Ended,ESP
6548,2042,Finland,"Authorised, recruitment pending",FIN
6549,2043,France,Ended,FRA
6550,2043,Poland,Ended,POL
6551,2043,Ireland,Ended,IRL
6552,2043,Greece,Ended,GRC
6553,2044,France,Ended,FRA
6554,2044,Germany,Ended,DEU
6555,2044,Poland,Ended,POL
6556,2045,France,"Ongoing, recruiting",FRA
6557,2045,Poland,"Ongoing, recruiting",POL
6558,2045,Spain,"Ongoing, recruiting",ESP
6559,2045,Greece,"Ongoing, recruiting",GRC
6560,2045,Belgium,"Ongoing, recruiting",BEL
6561,2045,Italy,"Ongoing, recruiting",ITA
6562,2045,Germany,"Ongoing, recruiting",DEU
6563,2046,Denmark,Ended,DNK
6564,2046,Hungary,Ended,HUN
6565,2046,Italy,Ended,ITA
6566,2046,Belgium,Ended,BEL
6567,2046,Spain,Ended,ESP
6568,2046,France,Ended,FRA
6569,2046,Norway,Ended,NOR
6570,2046,Poland,Ended,POL
6571,2046,Czechia,Ended,CZE
6572,2047,France,Ended,FRA
6573,2047,Spain,Ended,ESP
6574,2048,Finland,"Ongoing, recruitment ended",FIN
6575,2048,Spain,"Ongoing, recruitment ended",ESP
6576,2048,Denmark,"Ongoing, recruitment ended",DNK
6577,2048,Poland,"Ongoing, recruitment ended",POL
6578,2048,Germany,"Ongoing, recruitment ended",DEU
6579,2048,France,"Ongoing, recruitment ended",FRA
6580,2048,Netherlands,"Ongoing, recruitment ended",NLD
6581,2048,Italy,"Ongoing, recruitment ended",ITA
6582,2048,Sweden,"Ongoing, recruitment ended",SWE
6583,2049,France,"Authorised, recruitment pending",FRA
6584,2050,Netherlands,"Authorised, recruitment pending",NLD
6585,2050,Norway,"Authorised, recruitment pending",NOR
6586,2050,Sweden,"Authorised, recruitment pending",SWE
6587,2051,France,"Ongoing, recruiting",FRA
6588,2052,Germany,"Ongoing, recruitment ended",DEU
6589,2052,Italy,"Ongoing, recruitment ended",ITA
6590,2052,Spain,"Ongoing, recruitment ended",ESP
6591,2052,Poland,"Ongoing, recruitment ended",POL
6592,2053,Netherlands,"Authorised, recruitment pending",NLD
6593,2054,Austria,"Ongoing, recruitment ended",AUT
6594,2054,Germany,"Ongoing, recruitment ended",DEU
6595,2055,France,"Ongoing, recruiting",FRA
6596,2056,France,"Ongoing, recruiting",FRA
6597,2057,Netherlands,Ended,NLD
6598,2057,Spain,Ended,ESP
6599,2057,Germany,Ended,DEU
6600,2058,France,"Ongoing, recruitment ended",FRA
6601,2059,Italy,"Ongoing, recruiting",ITA
6602,2060,Poland,"Ongoing, recruiting",POL
6603,2061,Denmark,"Authorised, recruitment pending",DNK
6604,2062,Poland,"Ongoing, recruiting",POL
6605,2063,Germany,"Ongoing, recruitment ended",DEU
6606,2063,Bulgaria,"Ongoing, recruitment ended",BGR
6607,2063,Spain,"Ongoing, recruitment ended",ESP
6608,2063,France,"Ongoing, recruitment ended",FRA
6609,2063,Poland,"Ongoing, recruitment ended",POL
6610,2063,Italy,"Ongoing, recruitment ended",ITA
6611,2063,Austria,"Ongoing, recruitment ended",AUT
6612,2064,Italy,"Ongoing, recruitment ended",ITA
6613,2065,France,Ended,FRA
6614,2065,Germany,Ended,DEU
6615,2066,Netherlands,"Ongoing, recruiting",NLD
6616,2067,Italy,"Ongoing, recruiting",ITA
6617,2068,France,"Ongoing, recruiting",FRA
6618,2069,Spain,"Ongoing, recruiting",ESP
6619,2070,Denmark,"Ongoing, recruitment ended",DNK
6620,2071,Netherlands,Ended,NLD
6621,2072,Italy,"Ongoing, recruiting",ITA
6622,2073,Spain,"Ongoing, recruiting",ESP
6623,2073,Norway,"Ongoing, recruiting",NOR
6624,2073,Czechia,"Ongoing, recruiting",CZE
6625,2073,Netherlands,"Ongoing, recruiting",NLD
6626,2073,Germany,"Authorised, recruiting",DEU
6627,2073,Belgium,"Ongoing, recruiting",BEL
6628,2073,Italy,"Ongoing, recruiting",ITA
6629,2073,Poland,"Authorised, recruiting",POL
6630,2073,France,"Ongoing, recruiting",FRA
6631,2073,Greece,"Ongoing, recruiting",GRC
6632,2073,Denmark,"Authorised, recruiting",DNK
6633,2073,Austria,"Authorised, recruiting",AUT
6634,2074,Spain,Ended,ESP
6635,2074,Czechia,Ended,CZE
6636,2074,Italy,Ended,ITA
6637,2074,Poland,Ended,POL
6638,2075,Spain,Ended,ESP
6639,2075,France,Ended,FRA
6640,2076,France,"Authorised, recruitment pending",FRA
6641,2077,France,"Ongoing, recruiting",FRA
6642,2077,Spain,"Ongoing, recruiting",ESP
6643,2078,Netherlands,"Ongoing, recruiting",NLD
6644,2079,Netherlands,"Ongoing, recruiting",NLD
6645,2080,Hungary,"Ongoing, recruitment ended",HUN
6646,2080,Spain,"Ongoing, recruitment ended",ESP
6647,2080,France,"Ongoing, recruitment ended",FRA
6648,2080,Ireland,"Ongoing, recruitment ended",IRL
6649,2080,Portugal,"Ongoing, recruitment ended",PRT
6650,2080,Belgium,"Ongoing, recruitment ended",BEL
6651,2080,Germany,"Ongoing, recruitment ended",DEU
6652,2080,Poland,"Ongoing, recruitment ended",POL
6653,2081,France,"Ongoing, recruiting",FRA
6654,2082,France,Ended,FRA
6655,2082,Italy,Ended,ITA
6656,2082,Netherlands,Ended,NLD
6657,2082,Germany,Ended,DEU
6658,2083,Belgium,"Ongoing, recruiting",BEL
6659,2083,Italy,"Ongoing, recruiting",ITA
6660,2083,France,"Ongoing, recruiting",FRA
6661,2083,Spain,"Ongoing, recruiting",ESP
6662,2083,Greece,"Ongoing, recruiting",GRC
6663,2083,Germany,"Ongoing, recruiting",DEU
6664,2084,Spain,Ended,ESP
6665,2084,Slovakia,Ended,SVK
6666,2084,Romania,Ended,ROU
6667,2084,Italy,Ended,ITA
6668,2085,Italy,"Ongoing, recruiting",ITA
6669,2085,Sweden,"Ongoing, recruiting",SWE
6670,2085,Finland,"Ongoing, recruiting",FIN
6671,2085,Spain,"Ongoing, recruiting",ESP
6672,2085,Norway,"Ongoing, recruiting",NOR
6673,2085,Greece,"Ongoing, recruiting",GRC
6674,2086,Czechia,"Ongoing, recruitment ended",CZE
6675,2086,Spain,"Ongoing, recruitment ended",ESP
6676,2086,Belgium,Ended,BEL
6677,2086,France,"Ongoing, recruitment ended",FRA
6678,2086,Germany,Ended,DEU
6679,2087,Spain,"Ongoing, recruiting",ESP
6680,2087,Italy,"Ongoing, recruiting",ITA
6681,2087,Romania,"Ongoing, recruiting",ROU
6682,2087,France,"Ongoing, recruiting",FRA
6683,2088,Italy,Ended,ITA
6684,2088,Romania,"Ongoing, recruitment ended",ROU
6685,2088,Spain,Ended,ESP
6686,2088,Slovakia,"Ongoing, recruitment ended",SVK
6687,2089,Spain,"Authorised, recruitment pending",ESP
6688,2089,Italy,"Authorised, recruitment pending",ITA
6689,2090,Germany,"Ongoing, recruiting",DEU
6690,2091,Denmark,"Ongoing, recruiting",DNK
6691,2092,France,Ended,FRA
6692,2093,Netherlands,Ended,NLD
6693,2093,Spain,Ended,ESP
6694,2093,Italy,Ended,ITA
6695,2093,France,Ended,FRA
6696,2094,Netherlands,"Authorised, recruitment pending",NLD
6697,2095,France,"Ongoing, recruiting",FRA
6698,2096,Italy,"Ongoing, recruiting",ITA
6699,2097,Spain,Ended,ESP
6700,2097,Poland,Ended,POL
6701,2097,Belgium,Ended,BEL
6702,2097,Denmark,Ended,DNK
6703,2098,Poland,"Ongoing, recruitment ended",POL
6704,2098,Spain,"Ongoing, recruitment ended",ESP
6705,2099,Belgium,Ended,BEL
6706,2100,Belgium,Ended,BEL
6707,2100,Hungary,Ended,HUN
6708,2100,France,Ended,FRA
6709,2100,Italy,Ended,ITA
6710,2100,Portugal,Ended,PRT
6711,2100,Spain,Ended,ESP
6712,2100,Poland,"Ongoing, recruitment ended",POL
6713,2101,Belgium,Ended,BEL
6714,2102,France,"Ongoing, recruiting",FRA
6715,2102,Poland,"Ongoing, recruiting",POL
6716,2102,Germany,"Ongoing, recruiting",DEU
6717,2102,Spain,"Ongoing, recruiting",ESP
6718,2103,Spain,"Ongoing, recruiting",ESP
6719,2104,Spain,"Ongoing, recruiting",ESP
6720,2105,France,"Ongoing, recruitment ended",FRA
6721,2105,Italy,"Ongoing, recruitment ended",ITA
6722,2105,Spain,"Ongoing, recruitment ended",ESP
6723,2105,Germany,"Ongoing, recruitment ended",DEU
6724,2105,Netherlands,"Ongoing, recruitment ended",NLD
6725,2106,Poland,"Ongoing, recruiting",POL
6726,2107,Netherlands,"Ongoing, recruiting",NLD
6727,2108,France,"Ongoing, recruiting",FRA
6728,2109,Italy,"Ongoing, recruiting",ITA
6729,2110,Austria,Ended,AUT
6730,2110,Italy,Ended,ITA
6731,2110,Lithuania,Ended,LTU
6732,2110,France,Ended,FRA
6733,2111,Spain,"Ongoing, recruitment ended",ESP
6734,2111,Romania,"Ongoing, recruitment ended",ROU
6735,2111,Germany,"Ongoing, recruitment ended",DEU
6736,2112,Austria,"Authorised, recruitment pending",AUT
6737,2112,Germany,"Authorised, recruitment pending",DEU
6738,2112,Denmark,"Authorised, recruitment pending",DNK
6739,2112,Ireland,"Authorised, recruitment pending",IRL
6740,2113,Germany,Ended,DEU
6741,2113,Italy,Ended,ITA
6742,2113,Spain,Ended,ESP
6743,2114,France,"Ongoing, recruiting",FRA
6744,2114,Spain,"Ongoing, recruiting",ESP
6745,2114,Italy,"Ongoing, recruiting",ITA
6746,2115,Spain,Ended,ESP
6747,2115,Portugal,Ended,PRT
6748,2116,Spain,Ended,ESP
6749,2117,Romania,"Ongoing, recruiting",ROU
6750,2117,Spain,"Ongoing, recruiting",ESP
6751,2117,Austria,"Ongoing, recruiting",AUT
6752,2117,Italy,"Ongoing, recruiting",ITA
6753,2117,Estonia,"Authorised, recruiting",EST
6754,2117,Lithuania,"Ongoing, recruiting",LTU
6755,2117,Denmark,"Ongoing, recruiting",DNK
6756,2117,Latvia,"Ongoing, recruiting",LVA
6757,2117,Germany,"Ongoing, recruiting",DEU
6758,2117,France,"Ongoing, recruiting",FRA
6759,2117,Poland,"Ongoing, recruiting",POL
6760,2117,Sweden,"Ongoing, recruiting",SWE
6761,2117,Hungary,"Ongoing, recruiting",HUN
6762,2117,Belgium,"Authorised, recruiting",BEL
6763,2117,Slovakia,"Ongoing, recruiting",SVK
6764,2117,Bulgaria,"Ongoing, recruiting",BGR
6765,2118,Italy,Ended,ITA
6766,2118,Greece,Ended,GRC
6767,2118,Austria,Ended,AUT
6768,2118,Netherlands,Ended,NLD
6769,2118,Hungary,Ended,HUN
6770,2118,Czechia,Ended,CZE
6771,2118,Poland,Ended,POL
6772,2118,Belgium,Ended,BEL
6773,2118,Spain,Ended,ESP
6774,2118,Portugal,Ended,PRT
6775,2118,France,Ended,FRA
6776,2119,Italy,"Ongoing, recruiting",ITA
6777,2120,Belgium,"Authorised, recruitment pending",BEL
6778,2120,France,"Authorised, recruitment pending",FRA
6779,2121,Germany,"Ongoing, recruiting",DEU
6780,2122,Belgium,"Ongoing, recruiting",BEL
6781,2122,France,"Ongoing, recruiting",FRA
6782,2122,Germany,"Ongoing, recruiting",DEU
6783,2122,Ireland,"Ongoing, recruiting",IRL
6784,2122,Italy,"Ongoing, recruiting",ITA
6785,2122,Greece,"Ongoing, recruiting",GRC
6786,2122,Portugal,"Ongoing, recruiting",PRT
6787,2122,Cyprus,"Ongoing, recruiting",CYP
6788,2122,Netherlands,"Ongoing, recruiting",NLD
6789,2122,Spain,"Ongoing, recruiting",ESP
6790,2122,Sweden,"Ongoing, recruiting",SWE
6791,2123,France,"Ongoing, recruiting",FRA
6792,2124,Netherlands,Ended,NLD
6793,2125,Italy,"Ongoing, recruiting",ITA
6794,2126,Poland,Ended,POL
6795,2127,Denmark,"Ongoing, recruiting",DNK
6796,2128,Italy,"Ongoing, recruiting",ITA
6797,2129,Netherlands,"Ongoing, recruiting",NLD
6798,2130,France,"Ongoing, recruiting",FRA
6799,2131,France,"Authorised, recruitment pending",FRA
6800,2132,Italy,"Ongoing, recruiting",ITA
6801,2133,Italy,"Ongoing, recruiting",ITA
6802,2134,Netherlands,"Authorised, recruitment pending",NLD
6803,2135,Spain,"Ongoing, recruiting",ESP
6804,2136,Denmark,Ended,DNK
6805,2136,Poland,Ended,POL
6806,2136,Ireland,Ended,IRL
6807,2137,France,"Ongoing, recruitment ended",FRA
6808,2137,Austria,"Ongoing, recruitment ended",AUT
6809,2137,Germany,"Ongoing, recruitment ended",DEU
6810,2137,Netherlands,"Ongoing, recruitment ended",NLD
6811,2137,Spain,"Ongoing, recruitment ended",ESP
6812,2137,Romania,"Ongoing, recruitment ended",ROU
6813,2137,Belgium,"Ongoing, recruitment ended",BEL
6814,2137,Italy,"Ongoing, recruitment ended",ITA
6815,2138,Hungary,"Authorised, recruiting",HUN
6816,2138,Bulgaria,"Ongoing, recruiting",BGR
6817,2138,Czechia,"Ongoing, recruiting",CZE
6818,2138,Slovakia,"Ongoing, recruiting",SVK
6819,2138,Netherlands,"Ongoing, recruiting",NLD
6820,2138,Spain,"Ongoing, recruiting",ESP
6821,2138,Greece,"Ongoing, recruiting",GRC
6822,2138,Finland,"Ongoing, recruiting",FIN
6823,2138,Belgium,"Ongoing, recruiting",BEL
6824,2138,Sweden,"Ongoing, recruiting",SWE
6825,2138,Poland,"Ongoing, recruiting",POL
6826,2138,Germany,"Ongoing, recruiting",DEU
6827,2138,France,"Authorised, recruiting",FRA
6828,2138,Italy,"Ongoing, recruiting",ITA
6829,2139,Ireland,"Ongoing, recruitment ended",IRL
6830,2139,Austria,"Ongoing, recruitment ended",AUT
6831,2139,Germany,"Ongoing, recruitment ended",DEU
6832,2139,Spain,"Ongoing, recruitment ended",ESP
6833,2139,Romania,"Ongoing, recruitment ended",ROU
6834,2139,Poland,"Ongoing, recruitment ended",POL
6835,2139,Italy,"Ongoing, recruitment ended",ITA
6836,2139,Hungary,"Ongoing, recruitment ended",HUN
6837,2139,Netherlands,"Ongoing, recruitment ended",NLD
6838,2139,France,"Ongoing, recruitment ended",FRA
6839,2139,Czechia,"Ongoing, recruitment ended",CZE
6840,2139,Belgium,"Ongoing, recruitment ended",BEL
6841,2140,Germany,"Ongoing, recruiting",DEU
6842,2141,France,"Ongoing, recruiting",FRA
6843,2142,Netherlands,"Authorised, recruitment pending",NLD
6844,2143,Germany,"Authorised, recruitment pending",DEU
6845,2144,Italy,Temporarily halted,ITA
6846,2144,France,Temporarily halted,FRA
6847,2144,Spain,Temporarily halted,ESP
6848,2145,Germany,"Ongoing, recruitment ended",DEU
6849,2146,Netherlands,"Authorised, recruitment pending",NLD
6850,2147,Netherlands,"Ongoing, recruiting",NLD
6851,2147,Greece,"Ongoing, recruiting",GRC
6852,2147,Denmark,"Ongoing, recruiting",DNK
6853,2147,Poland,"Ongoing, recruiting",POL
6854,2147,Spain,"Ongoing, recruiting",ESP
6855,2147,Italy,"Ongoing, recruiting",ITA
6856,2147,Norway,"Ongoing, recruiting",NOR
6857,2147,Germany,"Ongoing, recruiting",DEU
6858,2147,Hungary,"Ongoing, recruiting",HUN
6859,2147,Belgium,"Ongoing, recruiting",BEL
6860,2147,Finland,"Ongoing, recruiting",FIN
6861,2147,Sweden,"Ongoing, recruiting",SWE
6862,2147,Austria,"Ongoing, recruiting",AUT
6863,2147,Ireland,"Ongoing, recruiting",IRL
6864,2147,France,"Ongoing, recruiting",FRA
6865,2147,Czechia,"Ongoing, recruiting",CZE
6866,2148,Denmark,"Ongoing, recruiting",DNK
6867,2149,Belgium,"Ongoing, recruiting",BEL
6868,2149,Germany,"Ongoing, recruiting",DEU
6869,2149,Italy,"Ongoing, recruiting",ITA
6870,2149,France,"Ongoing, recruiting",FRA
6871,2149,Netherlands,"Ongoing, recruiting",NLD
6872,2150,France,"Authorised, recruitment pending",FRA
6873,2151,Sweden,"Ongoing, recruiting",SWE
6874,2151,Finland,"Ongoing, recruiting",FIN
6875,2152,Italy,"Ongoing, recruiting",ITA
6876,2152,Germany,"Authorised, recruitment pending",DEU
6877,2152,Poland,"Ongoing, recruiting",POL
6878,2152,France,"Ongoing, recruiting",FRA
6879,2152,Denmark,"Ongoing, recruiting",DNK
6880,2152,Spain,"Ongoing, recruiting",ESP
6881,2153,France,Ended,FRA
6882,2154,Belgium,"Authorised, recruitment pending",BEL
6883,2154,Spain,"Authorised, recruitment pending",ESP
6884,2155,Hungary,"Ongoing, recruiting",HUN
6885,2155,Greece,"Ongoing, recruiting",GRC
6886,2155,Poland,"Ongoing, recruiting",POL
6887,2155,France,"Ongoing, recruiting",FRA
6888,2156,Spain,"Ongoing, recruiting",ESP
6889,2157,France,"Ongoing, recruiting",FRA
6890,2158,Italy,"Ongoing, recruiting",ITA
6891,2159,France,"Ongoing, recruiting",FRA
6892,2160,France,Ended,FRA
6893,2161,Norway,Ended,NOR
6894,2161,France,Ended,FRA
6895,2161,Hungary,Ended,HUN
6896,2161,Spain,Ended,ESP
6897,2161,Germany,Ended,DEU
6898,2161,Netherlands,Ended,NLD
6899,2161,Sweden,Ended,SWE
6900,2161,Latvia,Ended,LVA
6901,2161,Czechia,Ended,CZE
6902,2161,Austria,Ended,AUT
6903,2161,Italy,Ended,ITA
6904,2161,Ireland,Ended,IRL
6905,2162,Belgium,Ended,BEL
6906,2162,Spain,Ended,ESP
6907,2163,Italy,Ended,ITA
6908,2164,Netherlands,"Ongoing, recruiting",NLD
6909,2165,Spain,"Ongoing, recruiting",ESP
6910,2166,Norway,"Ongoing, recruiting",NOR
6911,2166,Denmark,"Ongoing, recruiting",DNK
6912,2166,Netherlands,"Ongoing, recruiting",NLD
6913,2166,Lithuania,"Ongoing, recruiting",LTU
6914,2166,Finland,"Ongoing, recruiting",FIN
6915,2166,Germany,"Ongoing, recruiting",DEU
6916,2166,Ireland,"Ongoing, recruiting",IRL
6917,2166,Iceland,"Ongoing, recruiting",ISL
6918,2166,France,"Ongoing, recruiting",FRA
6919,2166,Belgium,"Ongoing, recruiting",BEL
6920,2166,Estonia,"Ongoing, recruiting",EST
6921,2166,Sweden,"Ongoing, recruiting",SWE
6922,2166,Portugal,"Ongoing, recruiting",PRT
6923,2166,Spain,"Authorised, recruitment pending",ESP
6924,2167,Denmark,"Ongoing, recruitment ended",DNK
6925,2168,Spain,Ended,ESP
6926,2168,France,Ended,FRA
6927,2169,Spain,"Authorised, recruiting",ESP
6928,2169,France,"Ongoing, recruiting",FRA
6929,2170,Sweden,Ended,SWE
6930,2171,Germany,"Ongoing, recruiting",DEU
6931,2171,Spain,"Ongoing, recruiting",ESP
6932,2171,France,"Ongoing, recruiting",FRA
6933,2171,Hungary,"Authorised, recruitment pending",HUN
6934,2171,Italy,"Authorised, recruitment pending",ITA
6935,2172,France,Temporarily halted,FRA
6936,2172,Spain,Temporarily halted,ESP
6937,2172,Hungary,Temporarily halted,HUN
6938,2172,Austria,Temporarily halted,AUT
6939,2172,Italy,Temporarily halted,ITA
6940,2172,Belgium,Temporarily halted,BEL
6941,2172,Romania,Temporarily halted,ROU
6942,2173,Italy,"Ongoing, recruitment ended",ITA
6943,2173,Spain,"Ongoing, recruitment ended",ESP
6944,2173,Germany,"Ongoing, recruitment ended",DEU
6945,2173,France,"Ongoing, recruitment ended",FRA
6946,2174,Spain,"Ongoing, recruiting",ESP
6947,2175,Spain,"Ongoing, recruitment ended",ESP
6948,2175,Denmark,"Ongoing, recruitment ended",DNK
6949,2175,Netherlands,"Ongoing, recruitment ended",NLD
6950,2175,Belgium,"Ongoing, recruitment ended",BEL
6951,2175,Norway,"Ongoing, recruitment ended",NOR
6952,2175,Portugal,"Ongoing, recruitment ended",PRT
6953,2175,Czechia,"Ongoing, recruitment ended",CZE
6954,2175,Austria,"Ongoing, recruitment ended",AUT
6955,2175,Italy,"Ongoing, recruitment ended",ITA
6956,2175,France,"Ongoing, recruitment ended",FRA
6957,2175,Sweden,"Ongoing, recruitment ended",SWE
6958,2176,France,"Ongoing, recruiting",FRA
6959,2177,France,"Ongoing, recruiting",FRA
6960,2178,Netherlands,Ended,NLD
6961,2179,Poland,"Ongoing, recruiting",POL
6962,2179,Hungary,"Ongoing, recruiting",HUN
6963,2179,Czechia,"Ongoing, recruiting",CZE
6964,2179,Spain,"Ongoing, recruiting",ESP
6965,2179,Germany,"Ongoing, recruiting",DEU
6966,2179,Bulgaria,"Ongoing, recruiting",BGR
6967,2179,Italy,"Ongoing, recruiting",ITA
6968,2180,Italy,"Ongoing, recruiting",ITA
6969,2181,Spain,"Ongoing, recruitment ended",ESP
6970,2182,France,"Authorised, recruiting",FRA
6971,2182,Spain,"Ongoing, recruiting",ESP
6972,2183,Italy,Ended,ITA
6973,2184,France,"Authorised, recruitment pending",FRA
6974,2184,Sweden,"Authorised, recruitment pending",SWE
6975,2185,Italy,"Ongoing, recruitment ended",ITA
6976,2185,Czechia,Ended,CZE
6977,2185,Greece,Ended,GRC
6978,2185,Hungary,"Ongoing, recruitment ended",HUN
6979,2185,Belgium,"Ongoing, recruitment ended",BEL
6980,2185,Denmark,Ended,DNK
6981,2185,Poland,Ended,POL
6982,2185,Spain,"Ongoing, recruitment ended",ESP
6983,2185,France,"Ongoing, recruitment ended",FRA
6984,2186,France,"Ongoing, recruiting",FRA
6985,2187,Spain,"Ongoing, recruiting",ESP
6986,2187,France,"Ongoing, recruiting",FRA
6987,2188,Slovakia,"Ongoing, recruitment ended",SVK
6988,2188,Ireland,"Ongoing, recruitment ended",IRL
6989,2188,Bulgaria,"Ongoing, recruitment ended",BGR
6990,2188,Romania,Ended,ROU
6991,2188,Poland,Ended,POL
6992,2188,Greece,Ended,GRC
6993,2188,Portugal,"Ongoing, recruitment ended",PRT
6994,2188,Finland,"Ongoing, recruitment ended",FIN
6995,2188,Spain,"Ongoing, recruitment ended",ESP
6996,2188,Italy,"Ongoing, recruitment ended",ITA
6997,2188,Germany,"Ongoing, recruitment ended",DEU
6998,2188,Czechia,"Ongoing, recruitment ended",CZE
6999,2188,Denmark,Ended,DNK
7000,2188,Hungary,"Ongoing, recruitment ended",HUN
7001,2188,Belgium,"Ongoing, recruitment ended",BEL
7002,2188,France,"Ongoing, recruitment ended",FRA
7003,2189,Spain,Ended,ESP
7004,2190,France,"Authorised, recruitment pending",FRA
7005,2191,France,"Ongoing, recruitment ended",FRA
7006,2191,Spain,"Ongoing, recruitment ended",ESP
7007,2191,Portugal,"Ongoing, recruitment ended",PRT
7008,2191,Germany,"Ongoing, recruitment ended",DEU
7009,2191,Poland,"Ongoing, recruitment ended",POL
7010,2191,Greece,"Ongoing, recruitment ended",GRC
7011,2191,Belgium,"Ongoing, recruitment ended",BEL
7012,2191,Finland,"Ongoing, recruitment ended",FIN
7013,2191,Italy,"Ongoing, recruitment ended",ITA
7014,2191,Sweden,Ended,SWE
7015,2191,Netherlands,"Ongoing, recruitment ended",NLD
7016,2191,Austria,"Ongoing, recruitment ended",AUT
7017,2191,Denmark,"Ongoing, recruitment ended",DNK
7018,2192,Belgium,Ended,BEL
7019,2192,Netherlands,Ended,NLD
7020,2192,Spain,Ended,ESP
7021,2193,France,"Ongoing, recruiting",FRA
7022,2194,Belgium,"Ongoing, recruiting",BEL
7023,2194,Czechia,"Ongoing, recruiting",CZE
7024,2194,Spain,"Ongoing, recruiting",ESP
7025,2195,Czechia,"Ongoing, recruiting",CZE
7026,2196,Sweden,"Authorised, recruitment pending",SWE
7027,2197,Germany,Ended,DEU
7028,2197,Poland,Ended,POL
7029,2197,Italy,Ended,ITA
7030,2197,France,Ended,FRA
7031,2198,Netherlands,Ended,NLD
7032,2199,Sweden,Ended,SWE
7033,2200,France,"Authorised, recruitment pending",FRA
7034,2201,Italy,"Authorised, recruitment pending",ITA
7035,2201,Slovakia,"Authorised, recruitment pending",SVK
7036,2201,Spain,"Authorised, recruitment pending",ESP
7037,2201,Poland,"Authorised, recruitment pending",POL
7038,2201,Czechia,"Authorised, recruitment pending",CZE
7039,2201,Germany,"Authorised, recruitment pending",DEU
7040,2202,Belgium,"Ongoing, recruiting",BEL
7041,2202,France,"Ongoing, recruiting",FRA
7042,2202,Netherlands,"Ongoing, recruiting",NLD
7043,2203,France,"Authorised, recruitment pending",FRA
7044,2204,Belgium,"Ongoing, recruitment ended",BEL
7045,2205,Italy,"Ongoing, recruiting",ITA
7046,2206,Germany,"Authorised, recruiting",DEU
7047,2206,Italy,"Ongoing, recruiting",ITA
7048,2206,Norway,"Ongoing, recruiting",NOR
7049,2206,France,"Ongoing, recruiting",FRA
7050,2207,Spain,"Ongoing, recruitment ended",ESP
7051,2207,Poland,Ended,POL
7052,2207,Germany,Ended,DEU
7053,2207,Portugal,Ended,PRT
7054,2207,Czechia,Ended,CZE
7055,2207,Belgium,"Ongoing, recruitment ended",BEL
7056,2207,France,"Ongoing, recruitment ended",FRA
7057,2207,Greece,Ended,GRC
7058,2207,Italy,"Ongoing, recruitment ended",ITA
7059,2208,Belgium,Ended,BEL
7060,2208,Portugal,Ended,PRT
7061,2208,Italy,Ended,ITA
7062,2208,Spain,Ended,ESP
7063,2208,Norway,Ended,NOR
7064,2208,France,Ended,FRA
7065,2208,Netherlands,Ended,NLD
7066,2208,Ireland,Ended,IRL
7067,2209,France,"Ongoing, recruitment ended",FRA
7068,2209,Netherlands,"Ongoing, recruitment ended",NLD
7069,2209,Italy,"Ongoing, recruitment ended",ITA
7070,2209,Greece,"Ongoing, recruitment ended",GRC
7071,2210,France,Ended,FRA
7072,2211,Spain,Ended,ESP
7073,2212,Germany,"Authorised, recruitment pending",DEU
7074,2213,Spain,"Ongoing, recruiting",ESP
7075,2214,Germany,"Ongoing, recruitment ended",DEU
7076,2214,Italy,"Ongoing, recruitment ended",ITA
7077,2214,Denmark,Ended,DNK
7078,2214,Austria,Ended,AUT
7079,2214,France,"Ongoing, recruitment ended",FRA
7080,2214,Poland,"Ongoing, recruitment ended",POL
7081,2214,Belgium,"Ongoing, recruitment ended",BEL
7082,2214,Spain,"Ongoing, recruitment ended",ESP
7083,2214,Hungary,"Ongoing, recruitment ended",HUN
7084,2214,Bulgaria,Ended,BGR
7085,2214,Czechia,Ended,CZE
7086,2214,Ireland,Ended,IRL
7087,2214,Latvia,Ended,LVA
7088,2214,Portugal,Ended,PRT
7089,2214,Romania,Ended,ROU
7090,2214,Netherlands,Ended,NLD
7091,2214,Norway,Ended,NOR
7092,2214,Greece,Ended,GRC
7093,2215,Spain,"Ongoing, recruitment ended",ESP
7094,2215,Slovakia,"Ongoing, recruitment ended",SVK
7095,2215,Italy,"Ongoing, recruitment ended",ITA
7096,2215,Czechia,"Ongoing, recruitment ended",CZE
7097,2215,Austria,"Ongoing, recruitment ended",AUT
7098,2215,Hungary,"Ongoing, recruitment ended",HUN
7099,2215,France,"Ongoing, recruitment ended",FRA
7100,2215,Germany,"Ongoing, recruitment ended",DEU
7101,2215,Romania,"Ongoing, recruitment ended",ROU
7102,2215,Ireland,"Ongoing, recruitment ended",IRL
7103,2215,Poland,"Ongoing, recruitment ended",POL
7104,2216,Spain,"Ongoing, recruiting",ESP
7105,2217,Poland,"Ongoing, recruitment ended",POL
7106,2218,France,Ended,FRA
7107,2219,Italy,"Ongoing, recruiting",ITA
7108,2219,Spain,"Ongoing, recruiting",ESP
7109,2219,Germany,Ended,DEU
7110,2220,Spain,"Ongoing, recruitment ended",ESP
7111,2220,Greece,"Ongoing, recruitment ended",GRC
7112,2220,France,"Ongoing, recruitment ended",FRA
7113,2220,Czechia,"Ongoing, recruitment ended",CZE
7114,2220,Germany,Ended,DEU
7115,2220,Italy,"Ongoing, recruitment ended",ITA
7116,2221,Spain,"Ongoing, recruitment ended",ESP
7117,2221,France,"Ongoing, recruitment ended",FRA
7118,2221,Austria,"Ongoing, recruitment ended",AUT
7119,2221,Romania,"Ongoing, recruitment ended",ROU
7120,2221,Poland,"Ongoing, recruitment ended",POL
7121,2221,Italy,"Ongoing, recruitment ended",ITA
7122,2221,Greece,"Ongoing, recruitment ended",GRC
7123,2221,Czechia,"Ongoing, recruitment ended",CZE
7124,2222,France,Ended,FRA
7125,2222,Lithuania,Ended,LTU
7126,2222,Italy,Ended,ITA
7127,2222,Poland,"Ongoing, recruitment ended",POL
7128,2222,Belgium,Ended,BEL
7129,2222,Spain,Ended,ESP
7130,2222,Sweden,Ended,SWE
7131,2222,Germany,Ended,DEU
7132,2222,Hungary,"Ongoing, recruitment ended",HUN
7133,2223,Spain,Ended,ESP
7134,2224,Netherlands,"Ongoing, recruiting",NLD
7135,2225,Germany,Ended,DEU
7136,2225,Ireland,Ended,IRL
7137,2225,Hungary,Ended,HUN
7138,2225,Austria,Ended,AUT
7139,2225,Spain,Ended,ESP
7140,2225,Netherlands,Ended,NLD
7141,2225,Finland,Ended,FIN
7142,2225,Czechia,Ended,CZE
7143,2225,Denmark,Ended,DNK
7144,2225,Sweden,Ended,SWE
7145,2225,Belgium,Ended,BEL
7146,2225,Italy,Ended,ITA
7147,2225,France,Ended,FRA
7148,2226,Spain,"Ongoing, recruitment ended",ESP
7149,2226,France,"Ongoing, recruitment ended",FRA
7150,2226,Italy,"Ongoing, recruitment ended",ITA
7151,2226,Netherlands,"Ongoing, recruitment ended",NLD
7152,2227,Belgium,"Authorised, recruitment pending",BEL
7153,2227,Czechia,"Authorised, recruitment pending",CZE
7154,2227,France,"Authorised, recruitment pending",FRA
7155,2227,Romania,"Authorised, recruitment pending",ROU
7156,2227,Germany,"Authorised, recruitment pending",DEU
7157,2227,Poland,"Authorised, recruitment pending",POL
7158,2227,Bulgaria,"Authorised, recruitment pending",BGR
7159,2227,Spain,"Authorised, recruitment pending",ESP
7160,2228,Spain,"Ongoing, recruitment ended",ESP
7161,2228,Poland,"Ongoing, recruitment ended",POL
7162,2228,France,"Ongoing, recruitment ended",FRA
7163,2228,Germany,"Ongoing, recruitment ended",DEU
7164,2228,Italy,"Ongoing, recruitment ended",ITA
7165,2229,Finland,"Authorised, recruitment pending",FIN
7166,2230,Lithuania,"Ongoing, recruiting",LTU
7167,2230,Romania,"Ongoing, recruiting",ROU
7168,2230,Sweden,"Ongoing, recruiting",SWE
7169,2230,Italy,"Ongoing, recruiting",ITA
7170,2230,Estonia,"Ongoing, recruiting",EST
7171,2230,Germany,"Ongoing, recruiting",DEU
7172,2230,Portugal,"Ongoing, recruiting",PRT
7173,2230,Greece,"Ongoing, recruiting",GRC
7174,2230,Slovakia,"Ongoing, recruiting",SVK
7175,2230,Spain,"Ongoing, recruiting",ESP
7176,2230,France,"Ongoing, recruiting",FRA
7177,2230,Hungary,"Ongoing, recruiting",HUN
7178,2230,Latvia,"Ongoing, recruiting",LVA
7179,2230,Ireland,"Ongoing, recruiting",IRL
7180,2230,Czechia,"Ongoing, recruiting",CZE
7181,2231,Germany,Ended,DEU
7182,2231,Czechia,Ended,CZE
7183,2231,Hungary,Ended,HUN
7184,2231,Spain,Ended,ESP
7185,2231,Italy,Ended,ITA
7186,2231,Belgium,Ended,BEL
7187,2231,France,Ended,FRA
7188,2231,Poland,Ended,POL
7189,2232,Italy,"Authorised, recruitment pending",ITA
7190,2233,France,"Ongoing, recruiting",FRA
7191,2234,Austria,"Ongoing, recruiting",AUT
7192,2234,Germany,"Authorised, recruitment pending",DEU
7193,2234,Italy,"Ongoing, recruiting",ITA
7194,2234,Belgium,"Authorised, recruitment pending",BEL
7195,2235,Italy,"Authorised, recruitment pending",ITA
7196,2235,Poland,"Authorised, recruitment pending",POL
7197,2235,France,"Authorised, recruitment pending",FRA
7198,2235,Spain,"Authorised, recruitment pending",ESP
7199,2235,Germany,"Authorised, recruitment pending",DEU
7200,2236,Italy,"Ongoing, recruitment ended",ITA
7201,2236,Spain,"Ongoing, recruitment ended",ESP
7202,2236,France,Ended,FRA
7203,2236,Netherlands,"Ongoing, recruitment ended",NLD
7204,2236,Poland,"Ongoing, recruitment ended",POL
7205,2237,France,"Ongoing, recruitment ended",FRA
7206,2237,Denmark,"Authorised, recruiting",DNK
7207,2237,Italy,"Ongoing, recruitment ended",ITA
7208,2237,Spain,"Ongoing, recruitment ended",ESP
7209,2238,Poland,Ended,POL
7210,2239,Denmark,"Authorised, recruiting",DNK
7211,2239,Norway,"Authorised, recruiting",NOR
7212,2239,Italy,"Authorised, recruitment pending",ITA
7213,2239,Netherlands,"Authorised, recruiting",NLD
7214,2239,Finland,"Authorised, recruitment pending",FIN
7215,2239,Spain,"Authorised, recruiting",ESP
7216,2239,Germany,"Authorised, recruiting",DEU
7217,2239,Sweden,"Authorised, recruiting",SWE
7218,2239,Austria,"Authorised, recruiting",AUT
7219,2239,France,"Authorised, recruitment pending",FRA
7220,2239,Belgium,"Ongoing, recruiting",BEL
7221,2240,Italy,"Ongoing, recruitment ended",ITA
7222,2240,Germany,Ended,DEU
7223,2240,Spain,Ended,ESP
7224,2241,Germany,"Ongoing, recruiting",DEU
7225,2242,Czechia,"Ongoing, recruitment ended",CZE
7226,2242,Austria,"Ongoing, recruitment ended",AUT
7227,2242,Spain,"Ongoing, recruitment ended",ESP
7228,2242,Germany,"Ongoing, recruitment ended",DEU
7229,2242,Netherlands,"Ongoing, recruitment ended",NLD
7230,2242,Latvia,"Ongoing, recruitment ended",LVA
7231,2242,Hungary,"Ongoing, recruitment ended",HUN
7232,2242,Greece,"Ongoing, recruitment ended",GRC
7233,2242,Poland,"Ongoing, recruitment ended",POL
7234,2243,Romania,Ended,ROU
7235,2243,Germany,Ended,DEU
7236,2243,Italy,Ended,ITA
7237,2243,Lithuania,Ended,LTU
7238,2243,France,Ended,FRA
7239,2243,Spain,Ended,ESP
7240,2244,Netherlands,"Authorised, recruitment pending",NLD
7241,2245,Italy,"Ongoing, recruiting",ITA
7242,2246,Denmark,"Ongoing, recruiting",DNK
7243,2247,Spain,Ended,ESP
7244,2247,Italy,Ended,ITA
7245,2247,Netherlands,"Ongoing, recruitment ended",NLD
7246,2248,Italy,"Ongoing, recruiting",ITA
7247,2249,Greece,"Ongoing, recruiting",GRC
7248,2249,Italy,"Ongoing, recruiting",ITA
7249,2249,Belgium,"Ongoing, recruiting",BEL
7250,2249,Slovakia,"Ongoing, recruiting",SVK
7251,2249,Czechia,"Ongoing, recruiting",CZE
7252,2249,Germany,"Ongoing, recruiting",DEU
7253,2249,France,"Ongoing, recruiting",FRA
7254,2249,Poland,"Ongoing, recruiting",POL
7255,2249,Denmark,"Ongoing, recruiting",DNK
7256,2249,Spain,"Ongoing, recruiting",ESP
7257,2249,Netherlands,"Ongoing, recruiting",NLD
7258,2249,Sweden,"Ongoing, recruiting",SWE
7259,2249,Finland,"Ongoing, recruiting",FIN
7260,2249,Bulgaria,"Ongoing, recruiting",BGR
7261,2250,Italy,Temporarily halted,ITA
7262,2250,Germany,Temporarily halted,DEU
7263,2250,Spain,Temporarily halted,ESP
7264,2250,Netherlands,Temporarily halted,NLD
7265,2250,France,Temporarily halted,FRA
7266,2250,Romania,Temporarily halted,ROU
7267,2250,Belgium,Temporarily halted,BEL
7268,2251,Czechia,"Ongoing, recruitment ended",CZE
7269,2251,Netherlands,"Ongoing, recruitment ended",NLD
7270,2251,Italy,"Ongoing, recruitment ended",ITA
7271,2251,Austria,"Ongoing, recruitment ended",AUT
7272,2251,Norway,"Ongoing, recruitment ended",NOR
7273,2251,Spain,"Ongoing, recruitment ended",ESP
7274,2251,Greece,"Ongoing, recruitment ended",GRC
7275,2251,Sweden,"Ongoing, recruitment ended",SWE
7276,2251,Ireland,"Ongoing, recruitment ended",IRL
7277,2251,Poland,"Ongoing, recruitment ended",POL
7278,2251,Denmark,"Ongoing, recruitment ended",DNK
7279,2251,Belgium,"Ongoing, recruitment ended",BEL
7280,2252,France,"Ongoing, recruiting",FRA
7281,2253,Germany,"Ongoing, recruitment ended",DEU
7282,2254,Denmark,"Ongoing, recruitment ended",DNK
7283,2254,Spain,"Ongoing, recruitment ended",ESP
7284,2254,Germany,Ended,DEU
7285,2254,Belgium,Ended,BEL
7286,2254,Netherlands,Ended,NLD
7287,2254,France,Ended,FRA
7288,2254,Poland,Ended,POL
7289,2254,Italy,"Ongoing, recruitment ended",ITA
7290,2255,Norway,"Ongoing, recruiting",NOR
7291,2256,Spain,"Ongoing, recruiting",ESP
7292,2257,Denmark,"Ongoing, recruitment ended",DNK
7293,2258,Finland,"Authorised, recruitment pending",FIN
7294,2259,Belgium,"Ongoing, recruiting",BEL
7295,2259,France,"Ongoing, recruiting",FRA
7296,2259,Germany,"Ongoing, recruiting",DEU
7297,2259,Sweden,"Ongoing, recruiting",SWE
7298,2259,Netherlands,"Ongoing, recruiting",NLD
7299,2259,Spain,"Ongoing, recruiting",ESP
7300,2260,Italy,"Ongoing, recruiting",ITA
7301,2261,Netherlands,"Ongoing, recruiting",NLD
7302,2261,Sweden,"Ongoing, recruiting",SWE
7303,2261,Poland,"Ongoing, recruiting",POL
7304,2261,Spain,"Ongoing, recruiting",ESP
7305,2261,Belgium,"Ongoing, recruiting",BEL
7306,2261,Italy,"Ongoing, recruiting",ITA
7307,2262,Spain,"Ongoing, recruitment ended",ESP
7308,2262,France,"Ongoing, recruitment ended",FRA
7309,2262,Ireland,"Ongoing, recruitment ended",IRL
7310,2262,Belgium,"Ongoing, recruitment ended",BEL
7311,2263,France,"Ongoing, recruiting",FRA
7312,2264,France,"Ongoing, recruiting",FRA
7313,2264,Belgium,"Authorised, recruitment pending",BEL
7314,2265,Netherlands,"Ongoing, recruiting",NLD
7315,2266,Netherlands,"Ongoing, recruiting",NLD
7316,2266,Germany,"Ongoing, recruiting",DEU
7317,2266,Italy,"Ongoing, recruiting",ITA
7318,2266,Spain,"Ongoing, recruiting",ESP
7319,2266,Denmark,"Ongoing, recruiting",DNK
7320,2266,Austria,"Ongoing, recruiting",AUT
7321,2267,France,"Authorised, recruiting",FRA
7322,2267,Greece,"Authorised, recruitment pending",GRC
7323,2267,Spain,"Authorised, recruitment pending",ESP
7324,2267,Italy,"Authorised, recruitment pending",ITA
7325,2268,France,"Ongoing, recruiting",FRA
7326,2269,Denmark,"Ongoing, recruitment ended",DNK
7327,2269,France,"Ongoing, recruitment ended",FRA
7328,2269,Germany,Ended,DEU
7329,2270,Czechia,"Ongoing, recruiting",CZE
7330,2270,Poland,"Authorised, recruitment pending",POL
7331,2271,Germany,"Ongoing, recruitment ended",DEU
7332,2271,Sweden,"Ongoing, recruitment ended",SWE
7333,2271,Denmark,"Ongoing, recruitment ended",DNK
7334,2271,Italy,"Ongoing, recruitment ended",ITA
7335,2271,Austria,"Ongoing, recruitment ended",AUT
7336,2271,Czechia,"Ongoing, recruitment ended",CZE
7337,2271,Belgium,"Ongoing, recruitment ended",BEL
7338,2271,Poland,"Ongoing, recruitment ended",POL
7339,2271,Netherlands,"Ongoing, recruitment ended",NLD
7340,2271,Finland,"Ongoing, recruitment ended",FIN
7341,2271,Spain,"Ongoing, recruitment ended",ESP
7342,2271,France,"Ongoing, recruitment ended",FRA
7343,2272,Spain,"Authorised, recruitment pending",ESP
7344,2272,Italy,"Authorised, recruitment pending",ITA
7345,2272,France,"Authorised, recruitment pending",FRA
7346,2272,Denmark,"Authorised, recruitment pending",DNK
7347,2272,Belgium,"Authorised, recruitment pending",BEL
7348,2273,Spain,"Authorised, recruitment pending",ESP
7349,2274,Germany,"Ongoing, recruiting",DEU
7350,2275,Croatia,"Authorised, recruitment pending",HRV
7351,2275,Poland,"Ongoing, recruiting",POL
7352,2275,Germany,"Ongoing, recruiting",DEU
7353,2275,Czechia,"Ongoing, recruiting",CZE
7354,2275,Slovakia,"Authorised, recruitment pending",SVK
7355,2275,Bulgaria,"Ongoing, recruiting",BGR
7356,2276,Spain,"Ongoing, recruitment ended",ESP
7357,2277,Netherlands,"Ongoing, recruiting",NLD
7358,2277,Italy,"Ongoing, recruiting",ITA
7359,2277,Norway,"Ongoing, recruiting",NOR
7360,2277,Germany,"Ongoing, recruiting",DEU
7361,2277,France,"Ongoing, recruiting",FRA
7362,2277,Belgium,"Ongoing, recruiting",BEL
7363,2277,Spain,"Ongoing, recruiting",ESP
7364,2278,Netherlands,Ended,NLD
7365,2278,Hungary,Ended,HUN
7366,2278,Germany,Temporarily halted,DEU
7367,2278,Belgium,Temporarily halted,BEL
7368,2278,France,Temporarily halted,FRA
7369,2278,Spain,Temporarily halted,ESP
7370,2278,Portugal,Ended,PRT
7371,2278,Greece,Ended,GRC
7372,2278,Italy,Ended,ITA
7373,2278,Austria,Ended,AUT
7374,2279,Spain,"Ongoing, recruitment ended",ESP
7375,2279,Poland,"Ongoing, recruitment ended",POL
7376,2279,Denmark,"Ongoing, recruitment ended",DNK
7377,2279,Bulgaria,"Ongoing, recruitment ended",BGR
7378,2279,Portugal,"Ongoing, recruitment ended",PRT
7379,2279,Italy,"Ongoing, recruitment ended",ITA
7380,2279,Romania,"Ongoing, recruitment ended",ROU
7381,2279,Greece,"Ongoing, recruitment ended",GRC
7382,2279,Germany,"Ongoing, recruitment ended",DEU
7383,2279,Belgium,"Ongoing, recruitment ended",BEL
7384,2280,Hungary,"Ongoing, recruitment ended",HUN
7385,2280,Finland,"Ongoing, recruitment ended",FIN
7386,2280,Poland,"Ongoing, recruitment ended",POL
7387,2280,France,"Ongoing, recruitment ended",FRA
7388,2280,Spain,"Ongoing, recruitment ended",ESP
7389,2280,Portugal,"Ongoing, recruitment ended",PRT
7390,2280,Belgium,"Ongoing, recruitment ended",BEL
7391,2280,Romania,"Ongoing, recruitment ended",ROU
7392,2280,Ireland,"Ongoing, recruitment ended",IRL
7393,2280,Austria,"Ongoing, recruitment ended",AUT
7394,2280,Germany,"Ongoing, recruitment ended",DEU
7395,2280,Italy,"Ongoing, recruitment ended",ITA
7396,2281,Estonia,Ended,EST
7397,2281,Belgium,Ended,BEL
7398,2281,Spain,Ended,ESP
7399,2281,Germany,Ended,DEU
7400,2282,Spain,Temporarily halted,ESP
7401,2283,Spain,"Ongoing, recruitment ended",ESP
7402,2283,Denmark,"Ongoing, recruitment ended",DNK
7403,2283,Italy,"Ongoing, recruitment ended",ITA
7404,2283,Sweden,"Ongoing, recruitment ended",SWE
7405,2283,Finland,"Ongoing, recruitment ended",FIN
7406,2283,Germany,"Ongoing, recruitment ended",DEU
7407,2283,Austria,"Ongoing, recruitment ended",AUT
7408,2283,France,"Ongoing, recruitment ended",FRA
7409,2283,Belgium,"Ongoing, recruitment ended",BEL
7410,2283,Czechia,"Ongoing, recruitment ended",CZE
7411,2283,Hungary,"Ongoing, recruitment ended",HUN
7412,2283,Portugal,"Ongoing, recruitment ended",PRT
7413,2283,Netherlands,"Ongoing, recruitment ended",NLD
7414,2283,Poland,"Ongoing, recruitment ended",POL
7415,2284,Italy,"Ongoing, recruitment ended",ITA
7416,2285,France,Ended,FRA
7417,2285,Italy,Ended,ITA
7418,2286,Netherlands,"Ongoing, recruitment ended",NLD
7419,2286,Spain,"Ongoing, recruitment ended",ESP
7420,2286,Poland,"Ongoing, recruitment ended",POL
7421,2286,Italy,"Ongoing, recruitment ended",ITA
7422,2286,Germany,"Ongoing, recruitment ended",DEU
7423,2286,France,"Ongoing, recruitment ended",FRA
7424,2286,Hungary,"Ongoing, recruitment ended",HUN
7425,2286,Romania,Ended,ROU
7426,2286,Portugal,"Ongoing, recruitment ended",PRT
7427,2287,France,"Authorised, recruitment pending",FRA
7428,2288,France,"Authorised, recruitment pending",FRA
7429,2289,Belgium,"Authorised, recruitment pending",BEL
7430,2289,Italy,"Ongoing, recruiting",ITA
7431,2289,Germany,"Authorised, recruitment pending",DEU
7432,2289,Czechia,"Authorised, recruitment pending",CZE
7433,2289,Spain,"Ongoing, recruiting",ESP
7434,2289,Poland,"Authorised, recruiting",POL
7435,2289,Lithuania,"Authorised, recruiting",LTU
7436,2289,Romania,"Ongoing, recruiting",ROU
7437,2289,France,"Authorised, recruitment pending",FRA
7438,2290,Norway,"Ongoing, recruiting",NOR
7439,2291,Italy,"Ongoing, recruiting",ITA
7440,2292,Slovenia,Ended,SVN
7441,2292,Spain,Ended,ESP
7442,2293,France,"Ongoing, recruiting",FRA
7443,2294,Spain,"Ongoing, recruiting",ESP
7444,2294,France,"Ongoing, recruiting",FRA
7445,2294,Italy,"Ongoing, recruiting",ITA
7446,2294,Poland,"Ongoing, recruiting",POL
7447,2295,Norway,"Authorised, recruitment pending",NOR
7448,2296,Germany,"Ongoing, recruiting",DEU
7449,2297,Italy,"Ongoing, recruitment ended",ITA
7450,2298,Italy,"Ongoing, recruitment ended",ITA
7451,2299,Greece,"Authorised, recruitment pending",GRC
7452,2299,Hungary,"Authorised, recruitment pending",HUN
7453,2299,Croatia,"Authorised, recruitment pending",HRV
7454,2299,Slovenia,"Authorised, recruitment pending",SVN
7455,2300,France,"Ongoing, recruiting",FRA
7456,2301,France,"Ongoing, recruiting",FRA
7457,2302,Denmark,"Ongoing, recruiting",DNK
7458,2303,Norway,"Ongoing, recruitment ended",NOR
7459,2303,France,"Ongoing, recruitment ended",FRA
7460,2303,Italy,"Ongoing, recruitment ended",ITA
7461,2303,Spain,"Ongoing, recruitment ended",ESP
7462,2303,Greece,Ended,GRC
7463,2303,Belgium,"Ongoing, recruitment ended",BEL
7464,2303,Netherlands,"Ongoing, recruitment ended",NLD
7465,2303,Germany,"Ongoing, recruitment ended",DEU
7466,2303,Finland,"Ongoing, recruitment ended",FIN
7467,2303,Sweden,"Ongoing, recruitment ended",SWE
7468,2303,Estonia,"Ongoing, recruitment ended",EST
7469,2303,Portugal,"Ongoing, recruitment ended",PRT
7470,2303,Czechia,"Authorised, recruiting",CZE
7471,2303,Poland,"Ongoing, recruitment ended",POL
7472,2304,Belgium,"Ongoing, recruitment ended",BEL
7473,2304,Spain,"Ongoing, recruitment ended",ESP
7474,2304,Germany,"Ongoing, recruitment ended",DEU
7475,2304,France,"Ongoing, recruitment ended",FRA
7476,2305,Spain,"Ongoing, recruiting",ESP
7477,2305,Denmark,"Authorised, recruitment pending",DNK
7478,2305,Poland,"Ongoing, recruiting",POL
7479,2305,Czechia,"Ongoing, recruiting",CZE
7480,2305,France,"Ongoing, recruiting",FRA
7481,2306,Ireland,"Authorised, recruitment pending",IRL
7482,2307,France,"Ongoing, recruiting",FRA
7483,2308,Netherlands,"Authorised, recruiting",NLD
7484,2308,Greece,"Ongoing, recruiting",GRC
7485,2308,Italy,"Ongoing, recruiting",ITA
7486,2308,Germany,"Authorised, recruitment pending",DEU
7487,2308,Spain,"Ongoing, recruiting",ESP
7488,2308,Belgium,"Ongoing, recruiting",BEL
7489,2308,Sweden,"Ongoing, recruiting",SWE
7490,2308,France,"Ongoing, recruiting",FRA
7491,2309,Italy,"Ongoing, recruiting",ITA
7492,2310,Germany,"Ongoing, recruiting",DEU
7493,2310,Austria,"Ongoing, recruiting",AUT
7494,2310,Portugal,"Authorised, recruiting",PRT
7495,2311,France,"Authorised, recruitment pending",FRA
7496,2311,Spain,"Authorised, recruitment pending",ESP
7497,2312,Spain,"Ongoing, recruiting",ESP
7498,2312,France,"Ongoing, recruiting",FRA
7499,2312,Greece,"Ongoing, recruiting",GRC
7500,2312,Italy,"Authorised, recruiting",ITA
7501,2313,Denmark,"Ongoing, recruitment ended",DNK
7502,2313,France,"Ongoing, recruitment ended",FRA
7503,2313,Croatia,"Ongoing, recruitment ended",HRV
7504,2313,Austria,"Ongoing, recruitment ended",AUT
7505,2313,Netherlands,"Ongoing, recruitment ended",NLD
7506,2313,Poland,"Ongoing, recruitment ended",POL
7507,2313,Belgium,"Ongoing, recruitment ended",BEL
7508,2313,Slovakia,Ended,SVK
7509,2313,Italy,"Ongoing, recruitment ended",ITA
7510,2313,Portugal,"Ongoing, recruitment ended",PRT
7511,2313,Romania,Ended,ROU
7512,2313,Germany,"Ongoing, recruitment ended",DEU
7513,2313,Czechia,"Ongoing, recruitment ended",CZE
7514,2313,Bulgaria,"Ongoing, recruitment ended",BGR
7515,2313,Spain,"Ongoing, recruitment ended",ESP
7516,2313,Hungary,"Ongoing, recruitment ended",HUN
7517,2314,Spain,"Ongoing, recruiting",ESP
7518,2314,France,"Ongoing, recruiting",FRA
7519,2314,Hungary,"Ongoing, recruiting",HUN
7520,2314,Poland,"Authorised, recruiting",POL
7521,2315,Denmark,"Ongoing, recruitment ended",DNK
7522,2315,Hungary,"Ongoing, recruitment ended",HUN
7523,2315,Slovakia,"Ongoing, recruitment ended",SVK
7524,2315,Sweden,"Ongoing, recruitment ended",SWE
7525,2315,Austria,"Ongoing, recruitment ended",AUT
7526,2315,Greece,"Ongoing, recruitment ended",GRC
7527,2315,Spain,"Ongoing, recruitment ended",ESP
7528,2315,Netherlands,"Ongoing, recruitment ended",NLD
7529,2315,Czechia,"Ongoing, recruitment ended",CZE
7530,2315,Germany,"Ongoing, recruitment ended",DEU
7531,2315,France,"Ongoing, recruitment ended",FRA
7532,2315,Poland,"Ongoing, recruitment ended",POL
7533,2315,Belgium,"Ongoing, recruitment ended",BEL
7534,2315,Italy,"Ongoing, recruitment ended",ITA
7535,2316,France,"Authorised, recruitment pending",FRA
7536,2316,Italy,"Authorised, recruitment pending",ITA
7537,2316,Spain,"Authorised, recruitment pending",ESP
7538,2316,Germany,"Authorised, recruitment pending",DEU
7539,2317,Italy,Ended,ITA
7540,2317,Slovenia,Ended,SVN
7541,2317,Germany,Ended,DEU
7542,2317,Netherlands,Ended,NLD
7543,2317,Belgium,Ended,BEL
7544,2317,Norway,Ended,NOR
7545,2317,Spain,Ended,ESP
7546,2317,France,Ended,FRA
7547,2317,Ireland,Ended,IRL
7548,2318,Netherlands,"Ongoing, recruiting",NLD
7549,2319,Romania,"Ongoing, recruiting",ROU
7550,2319,Poland,"Ongoing, recruiting",POL
7551,2319,Hungary,"Ongoing, recruiting",HUN
7552,2319,Bulgaria,"Ongoing, recruiting",BGR
7553,2319,Croatia,"Ongoing, recruiting",HRV
7554,2320,Germany,"Authorised, recruiting",DEU
7555,2320,Poland,"Ongoing, recruiting",POL
7556,2320,France,"Ongoing, recruiting",FRA
7557,2320,Belgium,"Ongoing, recruiting",BEL
7558,2320,Spain,"Ongoing, recruiting",ESP
7559,2320,Italy,"Ongoing, recruiting",ITA
7560,2321,Netherlands,"Ongoing, recruitment ended",NLD
7561,2321,Finland,"Ongoing, recruitment ended",FIN
7562,2321,Estonia,"Ongoing, recruitment ended",EST
7563,2321,Spain,"Ongoing, recruitment ended",ESP
7564,2321,Sweden,"Ongoing, recruitment ended",SWE
7565,2321,France,"Ongoing, recruitment ended",FRA
7566,2321,Ireland,"Ongoing, recruitment ended",IRL
7567,2321,Belgium,"Ongoing, recruitment ended",BEL
7568,2321,Austria,"Ongoing, recruitment ended",AUT
7569,2321,Norway,"Ongoing, recruitment ended",NOR
7570,2321,Germany,"Ongoing, recruitment ended",DEU
7571,2321,Lithuania,"Ongoing, recruitment ended",LTU
7572,2322,Spain,Ended,ESP
7573,2322,Italy,Ended,ITA
7574,2322,Germany,Ended,DEU
7575,2322,Czechia,Ended,CZE
7576,2322,France,Ended,FRA
7577,2323,Netherlands,"Authorised, recruitment pending",NLD
7578,2324,Spain,Ended,ESP
7579,2324,Germany,Ended,DEU
7580,2325,Spain,"Ongoing, recruiting",ESP
7581,2326,France,"Ongoing, recruiting",FRA
7582,2327,Spain,Ended,ESP
7583,2327,Austria,Ended,AUT
7584,2328,Italy,Ended,ITA
7585,2329,Italy,"Ongoing, recruiting",ITA
7586,2329,Germany,"Authorised, recruitment pending",DEU
7587,2329,France,"Authorised, recruitment pending",FRA
7588,2329,Czechia,"Authorised, recruitment pending",CZE
7589,2329,Denmark,"Ongoing, recruiting",DNK
7590,2329,Spain,"Authorised, recruitment pending",ESP
7591,2330,Spain,"Ongoing, recruitment ended",ESP
7592,2331,Czechia,"Ongoing, recruiting",CZE
7593,2331,Spain,"Ongoing, recruiting",ESP
7594,2331,Belgium,"Ongoing, recruiting",BEL
7595,2331,Netherlands,"Ongoing, recruiting",NLD
7596,2331,France,Ended,FRA
7597,2331,Germany,"Ongoing, recruiting",DEU
7598,2331,Italy,"Ongoing, recruiting",ITA
7599,2331,Austria,"Ongoing, recruiting",AUT
7600,2331,Poland,Ended,POL
7601,2331,Finland,Ended,FIN
7602,2331,Portugal,"Ongoing, recruiting",PRT
7603,2332,Germany,"Ongoing, recruitment ended",DEU
7604,2332,France,"Ongoing, recruitment ended",FRA
7605,2332,Spain,"Ongoing, recruitment ended",ESP
7606,2333,Italy,"Authorised, recruitment pending",ITA
7607,2333,Spain,"Ongoing, recruiting",ESP
7608,2333,France,"Authorised, recruiting",FRA
7609,2334,Italy,"Ongoing, recruiting",ITA
7610,2334,Czechia,"Ongoing, recruiting",CZE
7611,2334,Denmark,"Ongoing, recruiting",DNK
7612,2334,Netherlands,"Ongoing, recruiting",NLD
7613,2334,Ireland,"Ongoing, recruiting",IRL
7614,2334,Norway,"Ongoing, recruiting",NOR
7615,2334,Greece,"Ongoing, recruiting",GRC
7616,2334,Austria,"Ongoing, recruiting",AUT
7617,2334,Germany,"Ongoing, recruiting",DEU
7618,2334,Belgium,"Ongoing, recruiting",BEL
7619,2334,Poland,"Ongoing, recruiting",POL
7620,2334,France,"Ongoing, recruiting",FRA
7621,2334,Portugal,"Ongoing, recruiting",PRT
7622,2335,Czechia,"Ongoing, recruitment ended",CZE
7623,2335,Austria,"Ongoing, recruitment ended",AUT
7624,2335,Belgium,"Ongoing, recruitment ended",BEL
7625,2335,Ireland,"Authorised, recruiting",IRL
7626,2335,Spain,"Ongoing, recruitment ended",ESP
7627,2335,Germany,"Ongoing, recruitment ended",DEU
7628,2335,Romania,"Ongoing, recruitment ended",ROU
7629,2335,Netherlands,"Authorised, recruiting",NLD
7630,2335,Slovakia,"Authorised, recruitment pending",SVK
7631,2335,Greece,"Authorised, recruiting",GRC
7632,2335,Poland,"Ongoing, recruitment ended",POL
7633,2335,Italy,"Ongoing, recruitment ended",ITA
7634,2335,Denmark,"Ongoing, recruitment ended",DNK
7635,2335,France,"Ongoing, recruitment ended",FRA
7636,2335,Sweden,"Ongoing, recruitment ended",SWE
7637,2336,Austria,"Ongoing, recruitment ended",AUT
7638,2336,Czechia,Ended,CZE
7639,2336,France,"Ongoing, recruitment ended",FRA
7640,2336,Germany,"Ongoing, recruitment ended",DEU
7641,2336,Spain,Ended,ESP
7642,2336,Portugal,Ended,PRT
7643,2336,Belgium,Ended,BEL
7644,2336,Hungary,Ended,HUN
7645,2336,Italy,Ended,ITA
7646,2336,Greece,"Ongoing, recruitment ended",GRC
7647,2337,Belgium,"Ongoing, recruitment ended",BEL
7648,2337,Romania,"Ongoing, recruitment ended",ROU
7649,2337,Poland,"Ongoing, recruitment ended",POL
7650,2337,Portugal,"Ongoing, recruitment ended",PRT
7651,2337,Netherlands,Ended,NLD
7652,2337,Denmark,Ended,DNK
7653,2337,Estonia,"Ongoing, recruitment ended",EST
7654,2337,Austria,"Ongoing, recruitment ended",AUT
7655,2337,Croatia,Ended,HRV
7656,2337,Hungary,"Ongoing, recruitment ended",HUN
7657,2337,Italy,"Ongoing, recruitment ended",ITA
7658,2337,France,"Ongoing, recruitment ended",FRA
7659,2337,Greece,"Ongoing, recruitment ended",GRC
7660,2337,Bulgaria,Ended,BGR
7661,2337,Spain,"Ongoing, recruitment ended",ESP
7662,2337,Latvia,"Ongoing, recruitment ended",LVA
7663,2337,Germany,"Ongoing, recruitment ended",DEU
7664,2338,Spain,"Authorised, recruitment pending",ESP
7665,2339,Spain,"Ongoing, recruiting",ESP
7666,2339,Germany,"Ongoing, recruiting",DEU
7667,2339,Czechia,"Authorised, recruiting",CZE
7668,2339,Italy,"Ongoing, recruiting",ITA
7669,2339,Netherlands,"Authorised, recruitment pending",NLD
7670,2340,Czechia,"Ongoing, recruiting",CZE
7671,2340,Denmark,"Ongoing, recruiting",DNK
7672,2340,Spain,"Ongoing, recruiting",ESP
7673,2340,Poland,"Ongoing, recruiting",POL
7674,2340,Germany,"Ongoing, recruiting",DEU
7675,2340,Hungary,"Ongoing, recruiting",HUN
7676,2340,Italy,"Authorised, recruitment pending",ITA
7677,2340,France,"Authorised, recruitment pending",FRA
7678,2341,Germany,Ended,DEU
7679,2341,France,"Ongoing, recruitment ended",FRA
7680,2341,Belgium,Ended,BEL
7681,2341,Spain,"Ongoing, recruitment ended",ESP
7682,2341,Netherlands,"Ongoing, recruitment ended",NLD
7683,2342,Belgium,Ended,BEL
7684,2342,France,"Ongoing, recruitment ended",FRA
7685,2342,Spain,"Ongoing, recruitment ended",ESP
7686,2342,Germany,Ended,DEU
7687,2343,Czechia,"Authorised, recruitment pending",CZE
7688,2343,Poland,"Authorised, recruitment pending",POL
7689,2343,Sweden,"Ongoing, recruiting",SWE
7690,2343,Spain,"Ongoing, recruiting",ESP
7691,2343,Netherlands,"Ongoing, recruiting",NLD
7692,2343,Germany,"Ongoing, recruiting",DEU
7693,2343,Belgium,"Ongoing, recruiting",BEL
7694,2343,Austria,"Authorised, recruitment pending",AUT
7695,2343,France,"Ongoing, recruiting",FRA
7696,2343,Italy,"Authorised, recruitment pending",ITA
7697,2344,Denmark,"Ongoing, recruitment ended",DNK
7698,2344,Poland,"Ongoing, recruitment ended",POL
7699,2344,France,"Ongoing, recruitment ended",FRA
7700,2344,Germany,"Ongoing, recruitment ended",DEU
7701,2344,Spain,"Ongoing, recruitment ended",ESP
7702,2344,Belgium,"Ongoing, recruitment ended",BEL
7703,2345,Spain,"Ongoing, recruiting",ESP
7704,2345,Germany,"Ongoing, recruiting",DEU
7705,2345,France,"Ongoing, recruiting",FRA
7706,2346,Germany,"Ongoing, recruitment ended",DEU
7707,2347,France,"Authorised, recruitment pending",FRA
7708,2348,Spain,"Ongoing, recruitment ended",ESP
7709,2348,Italy,"Ongoing, recruitment ended",ITA
7710,2348,Belgium,"Ongoing, recruitment ended",BEL
7711,2348,Germany,"Ongoing, recruitment ended",DEU
7712,2348,Portugal,"Ongoing, recruitment ended",PRT
7713,2348,France,"Ongoing, recruitment ended",FRA
7714,2348,Poland,"Ongoing, recruitment ended",POL
7715,2348,Czechia,"Ongoing, recruitment ended",CZE
7716,2348,Austria,"Ongoing, recruitment ended",AUT
7717,2349,France,"Ongoing, recruitment ended",FRA
7718,2350,France,"Authorised, recruitment pending",FRA
7719,2351,Germany,"Authorised, recruitment pending",DEU
7720,2351,Netherlands,"Authorised, recruitment pending",NLD
7721,2351,Spain,"Ongoing, recruiting",ESP
7722,2351,Denmark,"Ongoing, recruiting",DNK
7723,2351,France,"Authorised, recruitment pending",FRA
7724,2351,Belgium,"Authorised, recruitment pending",BEL
7725,2352,Italy,"Ongoing, recruiting",ITA
7726,2352,Germany,"Authorised, recruiting",DEU
7727,2352,Poland,"Ongoing, recruiting",POL
7728,2352,Hungary,"Authorised, recruiting",HUN
7729,2352,Czechia,"Ongoing, recruiting",CZE
7730,2352,Romania,"Ongoing, recruiting",ROU
7731,2352,Slovakia,"Ongoing, recruiting",SVK
7732,2352,France,"Ongoing, recruiting",FRA
7733,2352,Bulgaria,"Ongoing, recruiting",BGR
7734,2352,Spain,"Ongoing, recruiting",ESP
7735,2352,Belgium,"Ongoing, recruiting",BEL
7736,2353,Poland,"Ongoing, recruiting",POL
7737,2354,Germany,"Ongoing, recruiting",DEU
7738,2354,Poland,"Ongoing, recruiting",POL
7739,2354,Belgium,"Ongoing, recruiting",BEL
7740,2354,Spain,"Ongoing, recruiting",ESP
7741,2355,France,"Authorised, recruitment pending",FRA
7742,2355,Spain,"Authorised, recruiting",ESP
7743,2356,France,Ended,FRA
7744,2356,Netherlands,Ended,NLD
7745,2356,Czechia,Ended,CZE
7746,2356,Italy,Ended,ITA
7747,2356,Germany,Ended,DEU
7748,2356,Sweden,Ended,SWE
7749,2356,Spain,Ended,ESP
7750,2356,Ireland,Ended,IRL
7751,2356,Denmark,Ended,DNK
7752,2357,Italy,"Authorised, recruitment pending",ITA
7753,2357,Spain,"Authorised, recruiting",ESP
7754,2357,France,"Ongoing, recruiting",FRA
7755,2357,Netherlands,"Authorised, recruitment pending",NLD
7756,2358,Germany,"Authorised, recruiting",DEU
7757,2358,Italy,"Authorised, recruiting",ITA
7758,2358,Greece,"Authorised, recruitment pending",GRC
7759,2358,Spain,"Authorised, recruiting",ESP
7760,2359,Italy,"Ongoing, recruiting",ITA
7761,2360,France,"Ongoing, recruiting",FRA
7762,2361,Germany,Ended,DEU
7763,2362,Italy,"Authorised, recruitment pending",ITA
7764,2362,Spain,"Authorised, recruitment pending",ESP
7765,2362,Germany,"Authorised, recruitment pending",DEU
7766,2362,France,"Authorised, recruitment pending",FRA
7767,2363,Belgium,"Ongoing, recruitment ended",BEL
7768,2363,Greece,"Ongoing, recruitment ended",GRC
7769,2363,Germany,"Ongoing, recruitment ended",DEU
7770,2363,Austria,"Ongoing, recruitment ended",AUT
7771,2363,Portugal,"Ongoing, recruitment ended",PRT
7772,2363,Spain,"Ongoing, recruitment ended",ESP
7773,2363,Sweden,"Ongoing, recruitment ended",SWE
7774,2363,Italy,"Ongoing, recruitment ended",ITA
7775,2363,Czechia,"Ongoing, recruitment ended",CZE
7776,2363,Denmark,"Ongoing, recruitment ended",DNK
7777,2363,France,"Ongoing, recruitment ended",FRA
7778,2363,Poland,"Ongoing, recruitment ended",POL
7779,2364,Greece,"Ongoing, recruiting",GRC
7780,2364,Hungary,"Authorised, recruiting",HUN
7781,2364,Romania,"Ongoing, recruiting",ROU
7782,2364,France,"Ongoing, recruiting",FRA
7783,2364,Czechia,"Ongoing, recruiting",CZE
7784,2364,Sweden,"Ongoing, recruiting",SWE
7785,2364,Bulgaria,"Ongoing, recruiting",BGR
7786,2364,Denmark,"Ongoing, recruiting",DNK
7787,2364,Germany,"Authorised, recruitment pending",DEU
7788,2364,Belgium,"Ongoing, recruiting",BEL
7789,2364,Italy,"Ongoing, recruiting",ITA
7790,2364,Austria,"Authorised, recruitment pending",AUT
7791,2364,Spain,"Ongoing, recruiting",ESP
7792,2364,Poland,"Ongoing, recruiting",POL
7793,2365,Belgium,Ended,BEL
7794,2365,Spain,Ended,ESP
7795,2366,Spain,"Ongoing, recruiting",ESP
7796,2366,France,"Ongoing, recruiting",FRA
7797,2366,Germany,"Ongoing, recruiting",DEU
7798,2366,Belgium,"Ongoing, recruiting",BEL
7799,2366,Hungary,"Ongoing, recruiting",HUN
7800,2366,Italy,"Ongoing, recruiting",ITA
7801,2366,Netherlands,"Ongoing, recruiting",NLD
7802,2366,Poland,"Ongoing, recruiting",POL
7803,2367,Denmark,"Ongoing, recruiting",DNK
7804,2367,Spain,"Ongoing, recruiting",ESP
7805,2367,Germany,"Ongoing, recruiting",DEU
7806,2367,Poland,"Ongoing, recruiting",POL
7807,2367,Italy,"Ongoing, recruiting",ITA
7808,2368,Spain,"Ongoing, recruiting",ESP
7809,2368,Finland,Ended,FIN
7810,2368,Sweden,"Ongoing, recruiting",SWE
7811,2368,France,"Ongoing, recruiting",FRA
7812,2369,France,"Authorised, recruitment pending",FRA
7813,2370,Spain,Ended,ESP
7814,2370,Belgium,Ended,BEL
7815,2370,Netherlands,Ended,NLD
7816,2370,Poland,Not authorised,POL
7817,2370,Italy,Ended,ITA
7818,2370,France,Ended,FRA
7819,2371,Italy,Ended,ITA
7820,2371,Belgium,Ended,BEL
7821,2371,Germany,Ended,DEU
7822,2371,Spain,Ended,ESP
7823,2371,Netherlands,Ended,NLD
7824,2371,Norway,Ended,NOR
7825,2371,France,Ended,FRA
7826,2372,Italy,"Authorised, recruitment pending",ITA
7827,2372,Denmark,"Authorised, recruitment pending",DNK
7828,2372,Spain,"Authorised, recruitment pending",ESP
7829,2372,Sweden,"Authorised, recruitment pending",SWE
7830,2372,Netherlands,"Authorised, recruitment pending",NLD
7831,2372,France,"Authorised, recruitment pending",FRA
7832,2373,Belgium,"Ongoing, recruitment ended",BEL
7833,2373,Spain,"Ongoing, recruitment ended",ESP
7834,2373,France,"Ongoing, recruitment ended",FRA
7835,2373,Germany,Ended,DEU
7836,2373,Italy,"Ongoing, recruitment ended",ITA
7837,2373,Sweden,Ended,SWE
7838,2373,Norway,Ended,NOR
7839,2374,Norway,"Authorised, recruitment pending",NOR
7840,2374,Poland,"Ongoing, recruiting",POL
7841,2374,Denmark,"Authorised, recruitment pending",DNK
7842,2374,Italy,"Ongoing, recruiting",ITA
7843,2374,Romania,"Ongoing, recruiting",ROU
7844,2374,France,"Ongoing, recruiting",FRA
7845,2374,Spain,"Ongoing, recruiting",ESP
7846,2374,Sweden,"Authorised, recruitment pending",SWE
7847,2374,Germany,"Authorised, recruitment pending",DEU
7848,2374,Netherlands,"Authorised, recruitment pending",NLD
7849,2374,Belgium,"Ongoing, recruiting",BEL
7850,2375,Netherlands,Ended,NLD
7851,2375,Spain,Ended,ESP
7852,2376,Spain,"Authorised, recruiting",ESP
7853,2376,Belgium,"Authorised, recruiting",BEL
7854,2376,Germany,"Authorised, recruiting",DEU
7855,2376,Italy,"Ongoing, recruiting",ITA
7856,2377,Denmark,"Ongoing, recruiting",DNK
7857,2378,Spain,"Ongoing, recruitment ended",ESP
7858,2378,Germany,"Ongoing, recruitment ended",DEU
7859,2378,Poland,"Ongoing, recruitment ended",POL
7860,2378,Netherlands,Ended,NLD
7861,2378,Austria,Ended,AUT
7862,2378,France,"Ongoing, recruitment ended",FRA
7863,2379,France,"Ongoing, recruiting",FRA
7864,2380,Spain,"Ongoing, recruitment ended",ESP
7865,2380,Slovakia,"Ongoing, recruitment ended",SVK
7866,2380,Czechia,"Ongoing, recruitment ended",CZE
7867,2380,Sweden,"Ongoing, recruitment ended",SWE
7868,2380,Belgium,"Ongoing, recruitment ended",BEL
7869,2380,France,Ended,FRA
7870,2380,Austria,Ended,AUT
7871,2380,Germany,"Ongoing, recruitment ended",DEU
7872,2380,Netherlands,Ended,NLD
7873,2381,Sweden,"Ongoing, recruiting",SWE
7874,2381,Poland,"Authorised, recruiting",POL
7875,2381,Romania,"Ongoing, recruiting",ROU
7876,2381,Germany,"Ongoing, recruiting",DEU
7877,2381,Spain,"Ongoing, recruiting",ESP
7878,2382,Spain,"Ongoing, recruitment ended",ESP
7879,2382,Belgium,"Ongoing, recruitment ended",BEL
7880,2382,Italy,"Ongoing, recruitment ended",ITA
7881,2382,Austria,"Ongoing, recruitment ended",AUT
7882,2382,France,"Ongoing, recruitment ended",FRA
7883,2382,Germany,"Ongoing, recruitment ended",DEU
7884,2382,Netherlands,"Ongoing, recruitment ended",NLD
7885,2382,Denmark,"Ongoing, recruitment ended",DNK
7886,2382,Sweden,"Authorised, recruiting",SWE
7887,2383,Spain,"Ongoing, recruiting",ESP
7888,2383,Italy,"Ongoing, recruiting",ITA
7889,2383,Germany,"Ongoing, recruiting",DEU
7890,2383,Poland,"Authorised, recruitment pending",POL
7891,2383,Romania,"Authorised, recruiting",ROU
7892,2384,Greece,"Ongoing, recruitment ended",GRC
7893,2384,Italy,"Ongoing, recruitment ended",ITA
7894,2384,France,"Ongoing, recruitment ended",FRA
7895,2384,Germany,"Ongoing, recruitment ended",DEU
7896,2384,Netherlands,"Ongoing, recruitment ended",NLD
7897,2385,Germany,"Authorised, recruitment pending",DEU
7898,2385,Bulgaria,"Authorised, recruitment pending",BGR
7899,2385,Netherlands,"Authorised, recruitment pending",NLD
7900,2385,Sweden,"Authorised, recruitment pending",SWE
7901,2385,Italy,"Authorised, recruitment pending",ITA
7902,2385,France,"Authorised, recruitment pending",FRA
7903,2385,Denmark,"Authorised, recruitment pending",DNK
7904,2385,Slovakia,"Authorised, recruitment pending",SVK
7905,2385,Belgium,"Authorised, recruitment pending",BEL
7906,2385,Czechia,"Authorised, recruitment pending",CZE
7907,2385,Norway,"Authorised, recruitment pending",NOR
7908,2385,Lithuania,"Authorised, recruitment pending",LTU
7909,2385,Greece,"Authorised, recruitment pending",GRC
7910,2386,Sweden,"Ongoing, recruiting",SWE
7911,2386,Spain,"Ongoing, recruiting",ESP
7912,2386,Czechia,"Ongoing, recruiting",CZE
7913,2386,Romania,"Ongoing, recruiting",ROU
7914,2386,Denmark,"Ongoing, recruiting",DNK
7915,2386,Netherlands,"Ongoing, recruiting",NLD
7916,2386,Italy,"Ongoing, recruiting",ITA
7917,2386,France,"Ongoing, recruiting",FRA
7918,2386,Slovakia,Ended,SVK
7919,2386,Bulgaria,"Ongoing, recruiting",BGR
7920,2386,Portugal,"Ongoing, recruiting",PRT
7921,2386,Germany,"Ongoing, recruiting",DEU
7922,2386,Austria,"Ongoing, recruiting",AUT
7923,2386,Belgium,"Ongoing, recruiting",BEL
7924,2386,Poland,"Ongoing, recruiting",POL
7925,2386,Greece,"Ongoing, recruiting",GRC
7926,2387,Czechia,"Authorised, recruitment pending",CZE
7927,2387,Poland,"Authorised, recruitment pending",POL
7928,2387,Italy,"Authorised, recruitment pending",ITA
7929,2387,France,Not authorised,FRA
7930,2387,Belgium,"Authorised, recruitment pending",BEL
7931,2387,Netherlands,"Authorised, recruitment pending",NLD
7932,2387,Germany,"Authorised, recruitment pending",DEU
7933,2387,Spain,"Ongoing, recruiting",ESP
7934,2388,Denmark,"Ongoing, recruitment ended",DNK
7935,2388,Italy,"Ongoing, recruitment ended",ITA
7936,2388,Ireland,Ended,IRL
7937,2388,Czechia,Ended,CZE
7938,2388,Spain,"Ongoing, recruitment ended",ESP
7939,2388,Belgium,Ended,BEL
7940,2388,Portugal,Ended,PRT
7941,2388,Romania,Ended,ROU
7942,2388,Germany,"Ongoing, recruitment ended",DEU
7943,2388,Finland,"Ongoing, recruitment ended",FIN
7944,2388,Netherlands,Ended,NLD
7945,2388,Austria,Ended,AUT
7946,2388,France,"Ongoing, recruitment ended",FRA
7947,2388,Greece,"Ongoing, recruitment ended",GRC
7948,2388,Poland,Ended,POL
7949,2389,Belgium,Ended,BEL
7950,2389,Italy,Ended,ITA
7951,2389,Spain,Ended,ESP
7952,2389,France,Ended,FRA
7953,2389,Finland,Ended,FIN
7954,2389,Bulgaria,Ended,BGR
7955,2389,Denmark,Ended,DNK
7956,2389,Romania,Ended,ROU
7957,2389,Hungary,Ended,HUN
7958,2389,Austria,Ended,AUT
7959,2389,Germany,Ended,DEU
7960,2389,Poland,Ended,POL
7961,2390,Spain,"Authorised, recruitment pending",ESP
7962,2390,Germany,"Authorised, recruitment pending",DEU
7963,2390,Netherlands,"Ongoing, recruiting",NLD
7964,2391,Belgium,"Authorised, recruitment pending",BEL
7965,2392,Italy,"Ongoing, recruitment ended",ITA
7966,2392,Poland,"Ongoing, recruitment ended",POL
7967,2393,Italy,"Authorised, recruitment pending",ITA
7968,2394,Spain,"Ongoing, recruiting",ESP
7969,2394,France,"Ongoing, recruiting",FRA
7970,2395,Spain,"Authorised, recruiting",ESP
7971,2395,France,"Ongoing, recruiting",FRA
7972,2395,Belgium,"Authorised, recruiting",BEL
7973,2395,Germany,"Ongoing, recruiting",DEU
7974,2396,Portugal,"Ongoing, recruitment ended",PRT
7975,2396,Italy,"Ongoing, recruitment ended",ITA
7976,2396,Belgium,"Ongoing, recruitment ended",BEL
7977,2396,Spain,"Ongoing, recruitment ended",ESP
7978,2396,Bulgaria,"Ongoing, recruitment ended",BGR
7979,2396,Croatia,"Ongoing, recruitment ended",HRV
7980,2396,Hungary,Ended,HUN
7981,2396,Poland,Ended,POL
7982,2396,Romania,"Ongoing, recruitment ended",ROU
7983,2396,Germany,"Ongoing, recruitment ended",DEU
7984,2396,Sweden,"Ongoing, recruiting",SWE
7985,2396,Norway,"Ongoing, recruiting",NOR
7986,2396,France,"Ongoing, recruitment ended",FRA
7987,2396,Austria,"Ongoing, recruitment ended",AUT
7988,2396,Czechia,"Ongoing, recruitment ended",CZE
7989,2397,France,Ended,FRA
7990,2397,Greece,Ended,GRC
7991,2397,Spain,Ended,ESP
7992,2398,Spain,"Ongoing, recruiting",ESP
7993,2398,Belgium,"Ongoing, recruiting",BEL
7994,2398,France,"Authorised, recruitment pending",FRA
7995,2398,Italy,"Authorised, recruiting",ITA
7996,2398,Netherlands,"Authorised, recruitment pending",NLD
7997,2398,Germany,"Ongoing, recruiting",DEU
7998,2398,Poland,"Ongoing, recruiting",POL
7999,2398,Denmark,"Authorised, recruitment pending",DNK
8000,2399,Austria,"Ongoing, recruiting",AUT
8001,2400,Italy,"Ongoing, recruiting",ITA
8002,2400,Spain,"Ongoing, recruiting",ESP
8003,2400,Poland,"Ongoing, recruiting",POL
8004,2400,France,"Ongoing, recruiting",FRA
8005,2401,Spain,Ended,ESP
8006,2401,Italy,Ended,ITA
8007,2401,Poland,Ended,POL
8008,2402,Norway,"Ongoing, recruitment ended",NOR
8009,2402,Sweden,"Ongoing, recruitment ended",SWE
8010,2402,Italy,"Ongoing, recruitment ended",ITA
8011,2402,Spain,"Ongoing, recruitment ended",ESP
8012,2402,Germany,"Ongoing, recruitment ended",DEU
8013,2402,Bulgaria,"Ongoing, recruitment ended",BGR
8014,2402,Czechia,"Ongoing, recruitment ended",CZE
8015,2402,France,"Ongoing, recruitment ended",FRA
8016,2402,Netherlands,"Ongoing, recruitment ended",NLD
8017,2402,Poland,"Ongoing, recruitment ended",POL
8018,2403,France,"Ongoing, recruitment ended",FRA
8019,2403,Belgium,"Ongoing, recruitment ended",BEL
8020,2403,Spain,"Ongoing, recruitment ended",ESP
8021,2403,Netherlands,"Ongoing, recruitment ended",NLD
8022,2404,Belgium,"Ongoing, recruitment ended",BEL
8023,2404,Poland,Ended,POL
8024,2404,France,"Ongoing, recruitment ended",FRA
8025,2404,Austria,Ended,AUT
8026,2404,Spain,"Ongoing, recruitment ended",ESP
8027,2404,Italy,"Ongoing, recruitment ended",ITA
8028,2404,Sweden,"Ongoing, recruitment ended",SWE
8029,2404,Netherlands,"Ongoing, recruitment ended",NLD
8030,2405,Italy,Ended,ITA
8031,2406,Germany,"Ongoing, recruiting",DEU
8032,2407,Norway,"Ongoing, recruiting",NOR
8033,2407,Ireland,"Authorised, recruitment pending",IRL
8034,2407,Spain,"Ongoing, recruiting",ESP
8035,2407,Greece,"Authorised, recruiting",GRC
8036,2407,France,"Ongoing, recruiting",FRA
8037,2407,Poland,"Authorised, recruiting",POL
8038,2407,Denmark,"Ongoing, recruiting",DNK
8039,2407,Austria,"Authorised, recruiting",AUT
8040,2407,Hungary,"Ongoing, recruiting",HUN
8041,2407,Belgium,"Ongoing, recruiting",BEL
8042,2407,Czechia,"Ongoing, recruiting",CZE
8043,2407,Finland,"Ongoing, recruiting",FIN
8044,2407,Germany,"Authorised, recruitment pending",DEU
8045,2407,Italy,"Authorised, recruiting",ITA
8046,2407,Sweden,"Ongoing, recruiting",SWE
8047,2408,Spain,Not authorised,ESP
8048,2409,Spain,"Authorised, recruitment pending",ESP
8049,2410,Poland,"Ongoing, recruiting",POL
8050,2411,Belgium,"Authorised, recruitment pending",BEL
8051,2411,France,"Authorised, recruitment pending",FRA
8052,2412,Spain,Not authorised,ESP
8053,2412,Italy,Not authorised,ITA
8054,2412,France,Not authorised,FRA
8055,2413,Spain,Ended,ESP
8056,2413,Belgium,Ended,BEL
8057,2413,France,Ended,FRA
8058,2413,Bulgaria,Ended,BGR
8059,2413,Poland,Ended,POL
8060,2414,Spain,"Ongoing, recruiting",ESP
8061,2415,Denmark,"Ongoing, recruiting",DNK
8062,2416,Sweden,"Authorised, recruitment pending",SWE
8063,2417,France,"Ongoing, recruitment ended",FRA
8064,2418,Norway,"Ongoing, recruitment ended",NOR
8065,2418,Netherlands,"Ongoing, recruitment ended",NLD
8066,2419,Belgium,"Authorised, recruitment pending",BEL
8067,2420,Italy,Ended,ITA
8068,2421,Netherlands,"Authorised, recruitment pending",NLD
8069,2422,Poland,"Ongoing, recruitment ended",POL
8070,2423,Germany,"Authorised, recruitment pending",DEU
8071,2424,Spain,Not authorised,ESP
8072,2425,Italy,"Ongoing, recruiting",ITA
8073,2426,Belgium,"Authorised, recruitment pending",BEL
8074,2427,Germany,"Authorised, recruitment pending",DEU
8075,2428,Italy,"Authorised, recruitment pending",ITA
8076,2429,Sweden,"Ongoing, recruiting",SWE
8077,2430,Italy,"Ongoing, recruiting",ITA
8078,2431,Spain,"Ongoing, recruiting",ESP
8079,2432,Belgium,"Ongoing, recruitment ended",BEL
8080,2432,France,"Ongoing, recruitment ended",FRA
8081,2433,Sweden,Ended,SWE
8082,2434,France,"Ongoing, recruitment ended",FRA
8083,2435,Netherlands,"Authorised, recruitment pending",NLD
8084,2436,Finland,"Authorised, recruitment pending",FIN
8085,2437,Greece,"Authorised, recruitment pending",GRC
8086,2438,Austria,"Ongoing, recruitment ended",AUT
8087,2439,Finland,"Ongoing, recruiting",FIN
8088,2440,Finland,"Ongoing, recruiting",FIN
8089,2441,Norway,Ended,NOR
8090,2442,Italy,"Authorised, recruitment pending",ITA
8091,2443,Spain,"Authorised, recruitment pending",ESP
8092,2444,Germany,"Ongoing, recruiting",DEU
8093,2445,France,"Ongoing, recruiting",FRA
8094,2446,France,"Ongoing, recruiting",FRA
8095,2447,Romania,Ended,ROU
8096,2448,Germany,"Ongoing, recruiting",DEU
8097,2449,Italy,"Ongoing, recruitment ended",ITA
8098,2450,Belgium,"Ongoing, recruiting",BEL
8099,2451,France,"Ongoing, recruiting",FRA
8100,2452,Poland,"Ongoing, recruitment ended",POL
8101,2453,Poland,"Authorised, recruitment pending",POL
8102,2454,Italy,"Authorised, recruitment pending",ITA
8103,2455,Spain,"Ongoing, recruiting",ESP
8104,2456,France,Ended,FRA
8105,2457,Denmark,Ended,DNK
8106,2457,France,"Ongoing, recruitment ended",FRA
8107,2458,Italy,"Ongoing, recruitment ended",ITA
8108,2459,Spain,"Ongoing, recruiting",ESP
8109,2460,Norway,Ended,NOR
8110,2461,Denmark,"Ongoing, recruitment ended",DNK
8111,2462,Portugal,"Ongoing, recruiting",PRT
8112,2463,Netherlands,"Ongoing, recruiting",NLD
8113,2464,Netherlands,"Ongoing, recruitment ended",NLD
8114,2465,Germany,"Authorised, recruitment pending",DEU
8115,2466,Netherlands,"Ongoing, recruiting",NLD
8116,2467,Spain,"Ongoing, recruitment ended",ESP
8117,2468,Poland,Ended,POL
8118,2469,Estonia,"Ongoing, recruiting",EST
8119,2469,Norway,"Ongoing, recruiting",NOR
8120,2469,Denmark,"Ongoing, recruiting",DNK
8121,2470,Spain,Ended,ESP
8122,2471,Belgium,Ended,BEL
8123,2472,Spain,Ended,ESP
8124,2472,Netherlands,Ended,NLD
8125,2472,Germany,Ended,DEU
8126,2472,France,Ended,FRA
8127,2472,Italy,Ended,ITA
8128,2473,Spain,"Ongoing, recruiting",ESP
8129,2474,Germany,"Ongoing, recruiting",DEU
8130,2475,France,Ended,FRA
8131,2476,Netherlands,Ended,NLD
8132,2476,Italy,Ended,ITA
8133,2476,France,Ended,FRA
8134,2476,Poland,Ended,POL
8135,2476,Belgium,Ended,BEL
8136,2477,Germany,Ended,DEU
8137,2478,France,"Ongoing, recruitment ended",FRA
8138,2479,France,"Authorised, recruitment pending",FRA
8139,2480,Norway,Ended,NOR
8140,2480,Portugal,Ended,PRT
8141,2480,France,Ended,FRA
8142,2480,Greece,Ended,GRC
8143,2480,Luxembourg,Ended,LUX
8144,2480,Hungary,Ended,HUN
8145,2480,Slovakia,Ended,SVK
8146,2480,Italy,Ended,ITA
8147,2480,Czechia,Ended,CZE
8148,2480,Ireland,Ended,IRL
8149,2480,Austria,Ended,AUT
8150,2480,Spain,Ended,ESP
8151,2480,Germany,Ended,DEU
8152,2480,Belgium,Ended,BEL
8153,2481,Romania,Ended,ROU
8154,2482,Sweden,"Ongoing, recruitment ended",SWE
8155,2483,Italy,"Ongoing, recruitment ended",ITA
8156,2484,Netherlands,Ended,NLD
8157,2485,Spain,Ended,ESP
8158,2485,Italy,Ended,ITA
8159,2486,Sweden,"Authorised, recruitment pending",SWE
8160,2486,Portugal,"Authorised, recruitment pending",PRT
8161,2486,Spain,"Ongoing, recruiting",ESP
8162,2486,France,"Ongoing, recruiting",FRA
8163,2487,Belgium,Not authorised,BEL
8164,2488,Norway,Ended,NOR
8165,2488,Netherlands,"Ongoing, recruitment ended",NLD
8166,2488,Spain,Ended,ESP
8167,2488,Sweden,"Ongoing, recruitment ended",SWE
8168,2488,Italy,Ended,ITA
8169,2489,Spain,"Ongoing, recruitment ended",ESP
8170,2489,France,"Ongoing, recruitment ended",FRA
8171,2489,Italy,"Ongoing, recruitment ended",ITA
8172,2489,Poland,"Ongoing, recruitment ended",POL
8173,2489,Netherlands,"Ongoing, recruitment ended",NLD
8174,2490,Denmark,"Ongoing, recruiting",DNK
8175,2491,Germany,Ended,DEU
8176,2491,Bulgaria,Ended,BGR
8177,2491,Estonia,Ended,EST
8178,2491,Finland,Ended,FIN
8179,2491,Belgium,Ended,BEL
8180,2492,Denmark,Ended,DNK
8181,2493,Spain,Ended,ESP
8182,2493,Netherlands,Ended,NLD
8183,2494,Italy,"Authorised, recruitment pending",ITA
8184,2495,Italy,Ended,ITA
8185,2495,Denmark,Ended,DNK
8186,2495,Spain,Ended,ESP
8187,2495,France,Ended,FRA
8188,2496,Netherlands,"Ongoing, recruiting",NLD
8189,2497,Denmark,"Ongoing, recruiting",DNK
8190,2497,Netherlands,"Ongoing, recruiting",NLD
8191,2497,Germany,"Ongoing, recruiting",DEU
8192,2498,Spain,Ended,ESP
8193,2498,Italy,Ended,ITA
8194,2498,Poland,Ended,POL
8195,2499,Italy,Ended,ITA
8196,2499,Poland,Ended,POL
8197,2499,France,Ended,FRA
8198,2499,Spain,Ended,ESP
8199,2500,Netherlands,"Ongoing, recruiting",NLD
8200,2501,France,Ended,FRA
8201,2501,Italy,Ended,ITA
8202,2501,Greece,Ended,GRC
8203,2501,Poland,Ended,POL
8204,2501,Spain,Ended,ESP
8205,2501,Hungary,Ended,HUN
8206,2502,France,"Ongoing, recruitment ended",FRA
8207,2503,Austria,Ended,AUT
8208,2503,France,Ended,FRA
8209,2503,Spain,Ended,ESP
8210,2503,Italy,Ended,ITA
8211,2503,Belgium,Ended,BEL
8212,2503,Sweden,Ended,SWE
8213,2503,Germany,Ended,DEU
8214,2503,Ireland,Ended,IRL
8215,2503,Poland,Ended,POL
8216,2504,Germany,Ended,DEU
8217,2504,Belgium,Ended,BEL
8218,2505,Italy,"Ongoing, recruiting",ITA
8219,2506,France,Ended,FRA
8220,2507,Netherlands,Ended,NLD
8221,2507,Spain,Ended,ESP
8222,2507,Italy,Ended,ITA
8223,2508,Germany,Ended,DEU
8224,2508,Spain,Ended,ESP
8225,2509,France,"Authorised, recruitment pending",FRA
8226,2510,Belgium,"Ongoing, recruitment ended",BEL
8227,2511,Spain,Ended,ESP
8228,2512,Netherlands,Ended,NLD
8229,2513,France,Ended,FRA
8230,2514,Spain,Ended,ESP
8231,2514,Netherlands,Ended,NLD
8232,2514,Belgium,Ended,BEL
8233,2515,Spain,"Ongoing, recruiting",ESP
8234,2516,Italy,"Ongoing, recruiting",ITA
8235,2517,Germany,"Ongoing, recruiting",DEU
8236,2518,Poland,"Ongoing, recruiting",POL
8237,2518,Austria,"Ongoing, recruiting",AUT
8238,2518,Italy,"Ongoing, recruiting",ITA
8239,2518,France,"Ongoing, recruiting",FRA
8240,2518,Germany,"Ongoing, recruiting",DEU
8241,2519,Spain,Ended,ESP
8242,2519,Poland,Ended,POL
8243,2519,Netherlands,Ended,NLD
8244,2519,France,Ended,FRA
8245,2520,Sweden,Ended,SWE
8246,2520,Norway,Ended,NOR
8247,2520,Slovakia,Ended,SVK
8248,2521,Germany,"Ongoing, recruiting",DEU
8249,2521,Poland,"Ongoing, recruiting",POL
8250,2521,Italy,"Ongoing, recruiting",ITA
8251,2521,Spain,"Ongoing, recruiting",ESP
8252,2521,Ireland,"Ongoing, recruiting",IRL
8253,2521,Greece,"Ongoing, recruiting",GRC
8254,2521,Belgium,"Ongoing, recruiting",BEL
8255,2521,Norway,"Ongoing, recruiting",NOR
8256,2521,France,"Ongoing, recruiting",FRA
8257,2521,Czechia,"Authorised, recruiting",CZE
8258,2521,Austria,"Authorised, recruiting",AUT
8259,2522,Belgium,Ended,BEL
8260,2522,Spain,Ended,ESP
8261,2522,Italy,Ended,ITA
8262,2522,France,Ended,FRA
8263,2523,Poland,"Ongoing, recruiting",POL
8264,2524,Spain,Ended,ESP
8265,2524,Denmark,Ended,DNK
8266,2524,Sweden,Ended,SWE
8267,2525,Czechia,"Ongoing, recruiting",CZE
8268,2525,Netherlands,"Ongoing, recruiting",NLD
8269,2525,Italy,"Ongoing, recruiting",ITA
8270,2525,Spain,"Ongoing, recruiting",ESP
8271,2525,Hungary,"Ongoing, recruiting",HUN
8272,2525,Poland,"Ongoing, recruiting",POL
8273,2526,Denmark,Ended,DNK
8274,2526,Norway,Ended,NOR
8275,2526,Sweden,Ended,SWE
8276,2527,Spain,Ended,ESP
8277,2527,Germany,Ended,DEU
8278,2527,Italy,Ended,ITA
8279,2527,Sweden,Ended,SWE
8280,2527,Hungary,Ended,HUN
8281,2527,Ireland,Ended,IRL
8282,2527,France,Ended,FRA
8283,2528,Germany,Ended,DEU
8284,2529,Spain,"Authorised, recruitment pending",ESP
8285,2530,Denmark,"Ongoing, recruiting",DNK
8286,2531,Denmark,"Ongoing, recruiting",DNK
8287,2532,France,"Ongoing, recruitment ended",FRA
8288,2532,Netherlands,Ended,NLD
8289,2532,Germany,Ended,DEU
8290,2532,Denmark,Ended,DNK
8291,2532,Spain,Ended,ESP
8292,2532,Sweden,Ended,SWE
8293,2532,Italy,Ended,ITA
8294,2532,Belgium,Ended,BEL
8295,2533,France,Ended,FRA
8296,2534,Netherlands,"Ongoing, recruitment ended",NLD
8297,2535,Denmark,"Ongoing, recruiting",DNK
8298,2536,Belgium,Ended,BEL
8299,2537,Belgium,"Ongoing, recruiting",BEL
8300,2538,Belgium,Ended,BEL
8301,2539,Spain,"Authorised, recruitment pending",ESP
8302,2539,Italy,"Authorised, recruitment pending",ITA
8303,2540,France,"Ongoing, recruiting",FRA
8304,2541,France,"Ongoing, recruiting",FRA
8305,2541,Poland,"Ongoing, recruiting",POL
8306,2542,Netherlands,"Ongoing, recruiting",NLD
8307,2543,Norway,Ended,NOR
8308,2543,Sweden,Ended,SWE
8309,2543,Denmark,Ended,DNK
8310,2543,Spain,Ended,ESP
8311,2543,Netherlands,Ended,NLD
8312,2543,Germany,Ended,DEU
8313,2543,Finland,Ended,FIN
8314,2543,Italy,Ended,ITA
8315,2543,France,Ended,FRA
8316,2544,Finland,"Ongoing, recruitment ended",FIN
8317,2544,Norway,"Ongoing, recruitment ended",NOR
8318,2544,Denmark,"Ongoing, recruitment ended",DNK
8319,2544,Sweden,"Ongoing, recruitment ended",SWE
8320,2545,Ireland,Ended,IRL
8321,2545,Spain,Ended,ESP
8322,2545,France,Ended,FRA
8323,2545,Greece,Ended,GRC
8324,2546,Netherlands,"Ongoing, recruitment ended",NLD
8325,2547,Poland,Ended,POL
8326,2548,Netherlands,"Ongoing, recruiting",NLD
8327,2549,Italy,Ended,ITA
8328,2550,Italy,"Ongoing, recruitment ended",ITA
8329,2551,France,"Authorised, recruitment pending",FRA
8330,2552,Denmark,Ended,DNK
8331,2553,Poland,Ended,POL
8332,2554,Denmark,"Authorised, recruitment pending",DNK
8333,2555,Netherlands,"Ongoing, recruitment ended",NLD
8334,2556,Spain,"Ongoing, recruiting",ESP
8335,2556,Poland,"Ongoing, recruiting",POL
8336,2556,Italy,"Ongoing, recruiting",ITA
8337,2556,France,"Ongoing, recruiting",FRA
8338,2557,France,"Ongoing, recruitment ended",FRA
8339,2558,Finland,"Ongoing, recruiting",FIN
8340,2559,Germany,"Ongoing, recruiting",DEU
8341,2560,Denmark,"Ongoing, recruiting",DNK
8342,2561,Belgium,Ended,BEL
8343,2561,Italy,Ended,ITA
8344,2562,Italy,Ended,ITA
8345,2563,Estonia,Ended,EST
8346,2563,Czechia,Ended,CZE
8347,2563,Spain,Ended,ESP
8348,2563,Romania,Ended,ROU
8349,2563,Italy,Ended,ITA
8350,2563,Denmark,Ended,DNK
8351,2563,Belgium,Ended,BEL
8352,2563,Greece,Ended,GRC
8353,2564,Germany,"Ongoing, recruitment ended",DEU
8354,2564,Italy,"Ongoing, recruitment ended",ITA
8355,2564,Spain,"Ongoing, recruitment ended",ESP
8356,2564,France,"Ongoing, recruitment ended",FRA
8357,2564,Poland,"Ongoing, recruitment ended",POL
8358,2565,Germany,Ended,DEU
8359,2566,Poland,"Ongoing, recruiting",POL
8360,2567,Italy,"Ongoing, recruiting",ITA
8361,2568,Norway,"Ongoing, recruitment ended",NOR
8362,2569,Germany,"Ongoing, recruitment ended",DEU
8363,2570,Germany,"Authorised, recruitment pending",DEU
8364,2571,France,Ended,FRA
8365,2572,Ireland,"Ongoing, recruitment ended",IRL
8366,2572,Poland,"Ongoing, recruitment ended",POL
8367,2572,France,"Ongoing, recruitment ended",FRA
8368,2572,Germany,"Ongoing, recruitment ended",DEU
8369,2572,Greece,"Ongoing, recruitment ended",GRC
8370,2572,Spain,"Ongoing, recruitment ended",ESP
8371,2572,Belgium,"Ongoing, recruitment ended",BEL
8372,2572,Italy,"Ongoing, recruitment ended",ITA
8373,2573,France,"Ongoing, recruitment ended",FRA
8374,2573,Germany,"Ongoing, recruitment ended",DEU
8375,2573,Spain,"Ongoing, recruitment ended",ESP
8376,2573,Netherlands,"Ongoing, recruitment ended",NLD
8377,2573,Italy,"Ongoing, recruitment ended",ITA
8378,2574,Netherlands,"Authorised, recruitment pending",NLD
8379,2575,Spain,Ended,ESP
8380,2575,France,Ended,FRA
8381,2575,Italy,Ended,ITA
8382,2576,France,Ended,FRA
8383,2577,France,Ended,FRA
8384,2577,Netherlands,Ended,NLD
8385,2577,Belgium,Ended,BEL
8386,2577,Germany,Ended,DEU
8387,2577,Spain,Ended,ESP
8388,2577,Portugal,Ended,PRT
8389,2577,Poland,Ended,POL
8390,2577,Norway,Ended,NOR
8391,2577,Italy,Ended,ITA
8392,2577,Ireland,Ended,IRL
8393,2578,France,"Authorised, recruitment pending",FRA
8394,2579,Sweden,"Authorised, recruitment pending",SWE
8395,2580,France,"Ongoing, recruitment ended",FRA
8396,2580,Belgium,"Ongoing, recruitment ended",BEL
8397,2581,Italy,"Ongoing, recruitment ended",ITA
8398,2581,Spain,Ended,ESP
8399,2581,Germany,"Ongoing, recruitment ended",DEU
8400,2581,France,"Ongoing, recruitment ended",FRA
8401,2582,Germany,"Ongoing, recruiting",DEU
8402,2583,Belgium,"Ongoing, recruitment ended",BEL
8403,2583,Poland,"Ongoing, recruitment ended",POL
8404,2583,Italy,"Ongoing, recruitment ended",ITA
8405,2583,Spain,"Ongoing, recruitment ended",ESP
8406,2583,Greece,Ended,GRC
8407,2584,Italy,"Ongoing, recruiting",ITA
8408,2585,Ireland,"Ongoing, recruitment ended",IRL
8409,2585,Spain,Ended,ESP
8410,2585,Portugal,Ended,PRT
8411,2585,Sweden,"Ongoing, recruitment ended",SWE
8412,2585,Estonia,Ended,EST
8413,2585,Netherlands,Ended,NLD
8414,2585,Czechia,Ended,CZE
8415,2585,Germany,Ended,DEU
8416,2585,France,"Ongoing, recruitment ended",FRA
8417,2585,Belgium,Ended,BEL
8418,2585,Poland,Ended,POL
8419,2585,Italy,Ended,ITA
8420,2585,Greece,"Ongoing, recruitment ended",GRC
8421,2586,France,Ended,FRA
8422,2587,France,Ended,FRA
8423,2588,France,"Ongoing, recruitment ended",FRA
8424,2589,Belgium,Ended,BEL
8425,2589,Spain,Ended,ESP
8426,2589,France,Ended,FRA
8427,2589,Netherlands,Ended,NLD
8428,2589,Norway,Ended,NOR
8429,2589,Germany,Ended,DEU
8430,2590,Belgium,"Ongoing, recruiting",BEL
8431,2590,Spain,"Ongoing, recruiting",ESP
8432,2590,Italy,"Ongoing, recruiting",ITA
8433,2590,Poland,"Ongoing, recruiting",POL
8434,2590,France,"Ongoing, recruitment ended",FRA
8435,2591,Spain,Ended,ESP
8436,2592,Germany,Ended,DEU
8437,2592,Ireland,Ended,IRL
8438,2592,Greece,Ended,GRC
8439,2592,Bulgaria,Ended,BGR
8440,2592,Spain,Ended,ESP
8441,2592,France,Ended,FRA
8442,2592,Poland,Ended,POL
8443,2592,Netherlands,Ended,NLD
8444,2592,Italy,Ended,ITA
8445,2593,France,Temporarily halted,FRA
8446,2594,Spain,Ended,ESP
8447,2595,Belgium,Ended,BEL
8448,2595,Netherlands,Ended,NLD
8449,2596,Italy,"Ongoing, recruitment ended",ITA
8450,2596,Germany,Ended,DEU
8451,2597,France,Ended,FRA
8452,2597,Italy,Ended,ITA
8453,2597,Romania,Ended,ROU
8454,2597,Spain,Ended,ESP
8455,2598,Spain,"Ongoing, recruitment ended",ESP
8456,2598,France,Not authorised,FRA
8457,2599,Belgium,"Authorised, recruitment pending",BEL
8458,2600,Finland,"Ongoing, recruiting",FIN
8459,2601,Spain,"Ongoing, recruitment ended",ESP
8460,2602,Austria,Temporarily halted,AUT
8461,2602,Italy,"Authorised, recruitment pending",ITA
8462,2603,Netherlands,Ended,NLD
8463,2604,Spain,"Ongoing, recruiting",ESP
8464,2605,Poland,"Ongoing, recruiting",POL
8465,2605,France,"Ongoing, recruiting",FRA
8466,2605,Germany,"Ongoing, recruiting",DEU
8467,2605,Netherlands,"Ongoing, recruiting",NLD
8468,2605,Spain,"Ongoing, recruiting",ESP
8469,2605,Italy,"Ongoing, recruiting",ITA
8470,2605,Denmark,"Ongoing, recruiting",DNK
8471,2606,Italy,Ended,ITA
8472,2607,France,"Ongoing, recruiting",FRA
8473,2608,Germany,"Ongoing, recruiting",DEU
8474,2609,France,"Ongoing, recruiting",FRA
8475,2610,Spain,"Ongoing, recruiting",ESP
8476,2611,France,"Authorised, recruitment pending",FRA
8477,2612,France,"Ongoing, recruitment ended",FRA
8478,2613,Italy,"Ongoing, recruitment ended",ITA
8479,2614,France,"Ongoing, recruiting",FRA
8480,2615,Germany,"Ongoing, recruiting",DEU
8481,2616,Poland,"Ongoing, recruiting",POL
8482,2617,Sweden,"Ongoing, recruitment ended",SWE
8483,2617,Germany,"Ongoing, recruitment ended",DEU
8484,2617,Belgium,"Ongoing, recruitment ended",BEL
8485,2617,Denmark,"Ongoing, recruitment ended",DNK
8486,2617,Spain,"Ongoing, recruitment ended",ESP
8487,2617,France,"Ongoing, recruitment ended",FRA
8488,2617,Romania,"Ongoing, recruitment ended",ROU
8489,2617,Italy,"Ongoing, recruitment ended",ITA
8490,2617,Hungary,"Ongoing, recruitment ended",HUN
8491,2618,France,"Ongoing, recruiting",FRA
8492,2619,Spain,"Ongoing, recruiting",ESP
8493,2619,Italy,"Authorised, recruiting",ITA
8494,2619,France,"Ongoing, recruiting",FRA
8495,2619,Germany,"Authorised, recruiting",DEU
8496,2620,France,"Authorised, recruitment pending",FRA
8497,2620,Spain,"Ongoing, recruiting",ESP
8498,2620,Netherlands,"Ongoing, recruiting",NLD
8499,2621,Spain,"Ongoing, recruiting",ESP
8500,2622,Spain,"Authorised, recruiting",ESP
8501,2623,Norway,"Ongoing, recruiting",NOR
8502,2624,France,"Ongoing, recruiting",FRA
8503,2625,Germany,Ended,DEU
8504,2625,France,Ended,FRA
8505,2625,Spain,Ended,ESP
8506,2625,Italy,Ended,ITA
8507,2625,Norway,Ended,NOR
8508,2625,Portugal,Ended,PRT
8509,2625,Ireland,Ended,IRL
8510,2625,Poland,Ended,POL
8511,2625,Hungary,Ended,HUN
8512,2625,Greece,Ended,GRC
8513,2625,Romania,Ended,ROU
8514,2626,Netherlands,"Ongoing, recruiting",NLD
8515,2626,Spain,"Authorised, recruitment pending",ESP
8516,2627,Germany,Ended,DEU
8517,2627,Spain,Ended,ESP
8518,2628,Italy,"Ongoing, recruitment ended",ITA
8519,2628,France,Not authorised,FRA
8520,2628,Germany,Ended,DEU
8521,2628,Spain,"Ongoing, recruitment ended",ESP
8522,2629,Finland,"Ongoing, recruiting",FIN
8523,2630,Spain,Ended,ESP
8524,2630,France,Ended,FRA
8525,2631,Spain,"Ongoing, recruiting",ESP
8526,2632,France,Ended,FRA
8527,2632,Netherlands,Ended,NLD
8528,2632,Spain,Ended,ESP
8529,2632,Italy,Ended,ITA
8530,2633,Sweden,"Authorised, recruitment pending",SWE
8531,2634,Italy,"Ongoing, recruitment ended",ITA
8532,2634,Romania,Ended,ROU
8533,2634,Greece,"Ongoing, recruitment ended",GRC
8534,2634,Bulgaria,"Ongoing, recruitment ended",BGR
8535,2634,Portugal,"Ongoing, recruitment ended",PRT
8536,2634,Norway,Ended,NOR
8537,2635,France,Ended,FRA
8538,2635,Poland,Ended,POL
8539,2636,Bulgaria,Ended,BGR
8540,2636,Latvia,Ended,LVA
8541,2636,Germany,Ended,DEU
8542,2636,Italy,Ended,ITA
8543,2636,Czechia,Ended,CZE
8544,2636,Belgium,Ended,BEL
8545,2636,Hungary,Ended,HUN
8546,2636,Poland,Ended,POL
8547,2636,Sweden,Ended,SWE
8548,2636,France,Ended,FRA
8549,2637,Bulgaria,Ended,BGR
8550,2637,Czechia,Ended,CZE
8551,2637,Poland,Ended,POL
8552,2637,Denmark,Ended,DNK
8553,2637,Netherlands,Ended,NLD
8554,2637,Hungary,Ended,HUN
8555,2637,Slovakia,Ended,SVK
8556,2638,France,"Ongoing, recruiting",FRA
8557,2639,Denmark,"Ongoing, recruiting",DNK
8558,2640,Bulgaria,"Ongoing, recruitment ended",BGR
8559,2640,Poland,Ended,POL
8560,2640,Germany,"Ongoing, recruitment ended",DEU
8561,2640,Italy,"Ongoing, recruitment ended",ITA
8562,2640,Spain,"Ongoing, recruitment ended",ESP
8563,2641,Sweden,"Ongoing, recruitment ended",SWE
8564,2641,Finland,"Ongoing, recruitment ended",FIN
8565,2641,Norway,"Ongoing, recruitment ended",NOR
8566,2641,Germany,"Ongoing, recruitment ended",DEU
8567,2641,Austria,"Ongoing, recruitment ended",AUT
8568,2641,Netherlands,"Ongoing, recruitment ended",NLD
8569,2641,Spain,"Ongoing, recruitment ended",ESP
8570,2641,Denmark,"Ongoing, recruitment ended",DNK
8571,2642,Italy,"Ongoing, recruiting",ITA
8572,2643,Denmark,"Ongoing, recruitment ended",DNK
8573,2644,Spain,"Ongoing, recruiting",ESP
8574,2644,France,"Ongoing, recruiting",FRA
8575,2645,France,"Ongoing, recruiting",FRA
8576,2645,Spain,"Ongoing, recruiting",ESP
8577,2645,Netherlands,"Ongoing, recruiting",NLD
8578,2645,Germany,"Ongoing, recruiting",DEU
8579,2646,Netherlands,"Authorised, recruitment pending",NLD
8580,2647,Spain,"Ongoing, recruiting",ESP
8581,2648,Spain,"Authorised, recruitment pending",ESP
8582,2649,Spain,Ended,ESP
8583,2649,Italy,Ended,ITA
8584,2650,Netherlands,"Ongoing, recruitment ended",NLD
8585,2650,France,"Ongoing, recruitment ended",FRA
8586,2650,Denmark,"Ongoing, recruitment ended",DNK
8587,2650,Germany,"Ongoing, recruitment ended",DEU
8588,2650,Norway,"Ongoing, recruitment ended",NOR
8589,2650,Italy,"Ongoing, recruitment ended",ITA
8590,2650,Spain,"Ongoing, recruitment ended",ESP
8591,2650,Portugal,"Ongoing, recruitment ended",PRT
8592,2650,Poland,"Ongoing, recruitment ended",POL
8593,2651,Italy,Ended,ITA
8594,2652,France,"Authorised, recruiting",FRA
8595,2653,Spain,Ended,ESP
8596,2653,Romania,Ended,ROU
8597,2653,Germany,Ended,DEU
8598,2654,Germany,"Ongoing, recruiting",DEU
8599,2654,Austria,Ended,AUT
8600,2654,Spain,"Ongoing, recruiting",ESP
8601,2654,Italy,Ended,ITA
8602,2654,France,"Ongoing, recruiting",FRA
8603,2655,Spain,"Ongoing, recruiting",ESP
8604,2655,France,"Ongoing, recruiting",FRA
8605,2655,Italy,"Ongoing, recruiting",ITA
8606,2656,Denmark,"Ongoing, recruiting",DNK
8607,2657,Netherlands,"Authorised, recruiting",NLD
8608,2658,Spain,"Ongoing, recruiting",ESP
8609,2658,Portugal,"Ongoing, recruiting",PRT
8610,2658,Netherlands,"Ongoing, recruiting",NLD
8611,2658,Hungary,"Ongoing, recruiting",HUN
8612,2658,Greece,"Ongoing, recruiting",GRC
8613,2658,Denmark,"Ongoing, recruiting",DNK
8614,2658,France,"Ongoing, recruiting",FRA
8615,2658,Italy,"Ongoing, recruiting",ITA
8616,2658,Poland,"Ongoing, recruiting",POL
8617,2658,Belgium,"Ongoing, recruiting",BEL
8618,2658,Romania,"Ongoing, recruiting",ROU
8619,2659,Ireland,Ended,IRL
8620,2659,Germany,Ended,DEU
8621,2659,Spain,Ended,ESP
8622,2659,Netherlands,Ended,NLD
8623,2659,Italy,Ended,ITA
8624,2659,France,Ended,FRA
8625,2659,Belgium,Ended,BEL
8626,2660,Germany,"Ongoing, recruitment ended",DEU
8627,2660,France,Not authorised,FRA
8628,2660,Spain,"Ongoing, recruitment ended",ESP
8629,2661,Netherlands,"Ongoing, recruiting",NLD
8630,2662,France,Ended,FRA
8631,2663,Austria,Ended,AUT
8632,2663,Germany,Ended,DEU
8633,2664,Sweden,"Ongoing, recruiting",SWE
8634,2664,France,"Ongoing, recruiting",FRA
8635,2665,France,"Ongoing, recruiting",FRA
8636,2666,Hungary,"Authorised, recruiting",HUN
8637,2666,Denmark,"Authorised, recruiting",DNK
8638,2666,Netherlands,"Authorised, recruiting",NLD
8639,2666,Czechia,"Authorised, recruiting",CZE
8640,2666,Sweden,"Authorised, recruiting",SWE
8641,2666,Italy,"Ongoing, recruiting",ITA
8642,2666,Greece,"Authorised, recruiting",GRC
8643,2666,Belgium,"Authorised, recruiting",BEL
8644,2666,France,"Authorised, recruiting",FRA
8645,2666,Spain,"Ongoing, recruiting",ESP
8646,2666,Germany,"Authorised, recruiting",DEU
8647,2666,Slovakia,"Authorised, recruiting",SVK
8648,2667,Netherlands,"Ongoing, recruitment ended",NLD
8649,2667,Poland,"Ongoing, recruitment ended",POL
8650,2667,Germany,"Ongoing, recruitment ended",DEU
8651,2667,Spain,"Ongoing, recruitment ended",ESP
8652,2668,Belgium,"Ongoing, recruiting",BEL
8653,2668,Netherlands,"Ongoing, recruiting",NLD
8654,2668,Italy,"Ongoing, recruiting",ITA
8655,2668,Germany,"Ongoing, recruiting",DEU
8656,2668,Spain,"Ongoing, recruiting",ESP
8657,2669,Norway,"Ongoing, recruiting",NOR
8658,2669,Belgium,"Ongoing, recruiting",BEL
8659,2669,Poland,"Ongoing, recruiting",POL
8660,2669,Czechia,"Ongoing, recruiting",CZE
8661,2669,Portugal,"Ongoing, recruiting",PRT
8662,2669,France,"Ongoing, recruiting",FRA
8663,2669,Austria,"Ongoing, recruiting",AUT
8664,2669,Italy,"Ongoing, recruiting",ITA
8665,2669,Spain,"Ongoing, recruiting",ESP
8666,2669,Netherlands,"Ongoing, recruiting",NLD
8667,2669,Germany,"Ongoing, recruiting",DEU
8668,2669,Denmark,"Ongoing, recruiting",DNK
8669,2669,Sweden,"Ongoing, recruiting",SWE
8670,2669,Greece,"Ongoing, recruiting",GRC
8671,2670,Spain,Ended,ESP
8672,2671,France,Ended,FRA
8673,2672,Spain,"Ongoing, recruiting",ESP
8674,2673,France,"Ongoing, recruiting",FRA
8675,2674,Belgium,Ended,BEL
8676,2675,Italy,"Ongoing, recruitment ended",ITA
8677,2675,France,"Ongoing, recruitment ended",FRA
8678,2675,Spain,"Ongoing, recruitment ended",ESP
8679,2676,Spain,Ended,ESP
8680,2676,Netherlands,Ended,NLD
8681,2677,Netherlands,"Ongoing, recruitment ended",NLD
8682,2678,Denmark,"Ongoing, recruitment ended",DNK
8683,2678,France,"Ongoing, recruitment ended",FRA
8684,2679,Norway,"Ongoing, recruiting",NOR
8685,2680,Spain,"Ongoing, recruiting",ESP
8686,2681,France,Ended,FRA
8687,2681,Belgium,Ended,BEL
8688,2682,Belgium,"Ongoing, recruitment ended",BEL
8689,2682,France,Ended,FRA
8690,2682,Spain,Ended,ESP
8691,2682,Germany,Ended,DEU
8692,2682,Austria,Ended,AUT
8693,2682,Italy,Ended,ITA
8694,2682,Netherlands,Ended,NLD
8695,2682,Greece,Ended,GRC
8696,2682,Portugal,Ended,PRT
8697,2682,Poland,Ended,POL
8698,2683,France,"Ongoing, recruiting",FRA
8699,2684,Italy,"Authorised, recruiting",ITA
8700,2685,Germany,Ended,DEU
8701,2686,Netherlands,"Ongoing, recruiting",NLD
8702,2687,Belgium,"Ongoing, recruiting",BEL
8703,2688,France,Ended,FRA
8704,2689,Ireland,Temporarily halted,IRL
8705,2690,Germany,"Authorised, recruiting",DEU
8706,2690,Bulgaria,"Authorised, recruiting",BGR
8707,2690,Romania,"Authorised, recruiting",ROU
8708,2690,Poland,"Authorised, recruiting",POL
8709,2691,Denmark,"Authorised, recruiting",DNK
8710,2692,Netherlands,"Ongoing, recruiting",NLD
8711,2693,Italy,Ended,ITA
8712,2693,Germany,Ended,DEU
8713,2694,Italy,"Ongoing, recruiting",ITA
8714,2695,Italy,"Ongoing, recruiting",ITA
8715,2696,Spain,"Ongoing, recruitment ended",ESP
8716,2697,Germany,"Ongoing, recruitment ended",DEU
8717,2698,France,"Ongoing, recruiting",FRA
8718,2699,Spain,"Ongoing, recruiting",ESP
8719,2700,Italy,Ended,ITA
8720,2701,Italy,"Ongoing, recruiting",ITA
8721,2702,Belgium,"Ongoing, recruiting",BEL
8722,2702,France,"Ongoing, recruiting",FRA
8723,2703,France,Ended,FRA
8724,2704,Germany,Ended,DEU
8725,2705,France,"Ongoing, recruiting",FRA
8726,2706,Sweden,"Ongoing, recruiting",SWE
8727,2706,France,"Ongoing, recruiting",FRA
8728,2707,Netherlands,Ended,NLD
8729,2708,Netherlands,"Ongoing, recruiting",NLD
8730,2709,Spain,Ended,ESP
8731,2709,Germany,Ended,DEU
8732,2709,Denmark,Ended,DNK
8733,2709,Sweden,Ended,SWE
8734,2709,France,Ended,FRA
8735,2709,Portugal,Ended,PRT
8736,2710,France,"Authorised, recruitment pending",FRA
8737,2711,France,Ended,FRA
8738,2711,Spain,Ended,ESP
8739,2712,Belgium,Ended,BEL
8740,2712,France,Ended,FRA
8741,2712,Spain,Ended,ESP
8742,2713,Germany,Ended,DEU
8743,2713,Portugal,Ended,PRT
8744,2713,Italy,Ended,ITA
8745,2713,Ireland,Ended,IRL
8746,2713,Denmark,Ended,DNK
8747,2713,Spain,Ended,ESP
8748,2713,Hungary,Ended,HUN
8749,2713,France,Ended,FRA
8750,2713,Norway,Ended,NOR
8751,2714,Italy,"Ongoing, recruiting",ITA
8752,2715,Italy,Ended,ITA
8753,2716,Netherlands,"Ongoing, recruiting",NLD
8754,2717,Spain,"Ongoing, recruiting",ESP
8755,2718,Denmark,"Ongoing, recruiting",DNK
8756,2719,Denmark,"Ongoing, recruiting",DNK
8757,2719,Spain,"Ongoing, recruiting",ESP
8758,2719,Netherlands,"Ongoing, recruiting",NLD
8759,2719,Norway,"Authorised, recruitment pending",NOR
8760,2719,France,"Authorised, recruitment pending",FRA
8761,2720,France,"Ongoing, recruitment ended",FRA
8762,2721,Spain,"Ongoing, recruiting",ESP
8763,2721,Germany,"Authorised, recruiting",DEU
8764,2722,Slovenia,"Authorised, recruitment pending",SVN
8765,2723,Denmark,Ended,DNK
8766,2724,Germany,Ended,DEU
8767,2725,France,"Ongoing, recruitment ended",FRA
8768,2725,Belgium,"Ongoing, recruitment ended",BEL
8769,2726,Italy,"Ongoing, recruiting",ITA
8770,2727,France,"Ongoing, recruiting",FRA
8771,2727,Italy,"Authorised, recruiting",ITA
8772,2727,Czechia,"Ongoing, recruiting",CZE
8773,2727,Poland,"Ongoing, recruiting",POL
8774,2727,Germany,"Authorised, recruiting",DEU
8775,2728,Netherlands,"Ongoing, recruiting",NLD
8776,2729,Germany,"Ongoing, recruitment ended",DEU
8777,2729,France,"Ongoing, recruitment ended",FRA
8778,2729,Spain,"Ongoing, recruitment ended",ESP
8779,2730,France,Temporarily halted,FRA
8780,2730,Germany,Temporarily halted,DEU
8781,2730,Spain,Temporarily halted,ESP
8782,2730,Greece,Temporarily halted,GRC
8783,2730,Hungary,Temporarily halted,HUN
8784,2730,Italy,Temporarily halted,ITA
8785,2731,Germany,"Ongoing, recruiting",DEU
8786,2732,Poland,"Ongoing, recruitment ended",POL
8787,2733,Netherlands,"Ongoing, recruitment ended",NLD
8788,2733,Norway,"Ongoing, recruitment ended",NOR
8789,2733,Sweden,Ended,SWE
8790,2733,Denmark,"Ongoing, recruitment ended",DNK
8791,2734,Netherlands,"Ongoing, recruitment ended",NLD
8792,2735,Norway,"Authorised, recruitment pending",NOR
8793,2735,France,"Ongoing, recruiting",FRA
8794,2735,Spain,"Ongoing, recruiting",ESP
8795,2736,Norway,"Ongoing, recruiting",NOR
8796,2736,Italy,"Ongoing, recruiting",ITA
8797,2736,Germany,"Ongoing, recruiting",DEU
8798,2736,France,"Ongoing, recruiting",FRA
8799,2737,France,"Authorised, recruitment pending",FRA
8800,2737,Spain,"Authorised, recruiting",ESP
8801,2738,Finland,Ended,FIN
8802,2739,Sweden,Ended,SWE
8803,2739,Norway,Ended,NOR
8804,2740,Netherlands,"Ongoing, recruiting",NLD
8805,2741,Sweden,"Ongoing, recruitment ended",SWE
8806,2742,Italy,"Ongoing, recruiting",ITA
8807,2742,Spain,"Ongoing, recruiting",ESP
8808,2743,France,"Authorised, recruiting",FRA
8809,2744,Germany,"Ongoing, recruitment ended",DEU
8810,2745,Netherlands,"Ongoing, recruiting",NLD
8811,2746,Spain,"Ongoing, recruitment ended",ESP
8812,2746,Portugal,"Ongoing, recruitment ended",PRT
8813,2747,Hungary,Ended,HUN
8814,2747,Poland,Ended,POL
8815,2747,France,Ended,FRA
8816,2747,Belgium,Ended,BEL
8817,2747,Czechia,Ended,CZE
8818,2747,Spain,Ended,ESP
8819,2747,Germany,Ended,DEU
8820,2748,France,Ended,FRA
8821,2749,Netherlands,"Authorised, recruitment pending",NLD
8822,2750,Italy,"Authorised, recruitment pending",ITA
8823,2751,France,"Ongoing, recruiting",FRA
8824,2752,Denmark,"Ongoing, recruiting",DNK
8825,2752,Italy,"Authorised, recruiting",ITA
8826,2752,France,"Ongoing, recruiting",FRA
8827,2752,Spain,"Ongoing, recruiting",ESP
8828,2753,France,Ended,FRA
8829,2754,France,Ended,FRA
8830,2754,Netherlands,Ended,NLD
8831,2754,Belgium,Ended,BEL
8832,2754,Denmark,Ended,DNK
8833,2754,Italy,"Ongoing, recruitment ended",ITA
8834,2754,Austria,Ended,AUT
8835,2754,Poland,Ended,POL
8836,2754,Spain,Ended,ESP
8837,2755,Germany,"Ongoing, recruitment ended",DEU
8838,2755,Austria,"Ongoing, recruitment ended",AUT
8839,2756,Poland,"Ongoing, recruiting",POL
8840,2756,Italy,"Ongoing, recruiting",ITA
8841,2756,France,"Ongoing, recruiting",FRA
8842,2757,Norway,"Ongoing, recruiting",NOR
8843,2757,France,"Ongoing, recruiting",FRA
8844,2757,Italy,"Ongoing, recruiting",ITA
8845,2757,Germany,"Ongoing, recruiting",DEU
8846,2757,Portugal,Ended,PRT
8847,2757,Greece,"Ongoing, recruiting",GRC
8848,2758,Greece,"Ongoing, recruitment ended",GRC
8849,2758,Poland,"Ongoing, recruitment ended",POL
8850,2758,Germany,"Ongoing, recruitment ended",DEU
8851,2758,Czechia,"Ongoing, recruitment ended",CZE
8852,2758,France,"Ongoing, recruitment ended",FRA
8853,2758,Italy,"Ongoing, recruitment ended",ITA
8854,2758,Spain,"Ongoing, recruitment ended",ESP
8855,2759,Germany,"Ongoing, recruiting",DEU
8856,2760,Czechia,"Ongoing, recruitment ended",CZE
8857,2760,Hungary,"Ongoing, recruitment ended",HUN
8858,2760,Belgium,"Ongoing, recruitment ended",BEL
8859,2760,Germany,"Ongoing, recruitment ended",DEU
8860,2760,Austria,"Ongoing, recruitment ended",AUT
8861,2760,Ireland,"Ongoing, recruitment ended",IRL
8862,2760,Croatia,"Ongoing, recruitment ended",HRV
8863,2760,Poland,"Ongoing, recruitment ended",POL
8864,2760,Italy,"Ongoing, recruitment ended",ITA
8865,2760,France,"Ongoing, recruitment ended",FRA
8866,2760,Spain,"Ongoing, recruitment ended",ESP
8867,2761,France,Ended,FRA
8868,2762,Spain,"Ongoing, recruitment ended",ESP
8869,2763,Germany,Ended,DEU
8870,2764,Spain,Ended,ESP
8871,2765,Italy,"Ongoing, recruiting",ITA
8872,2765,Czechia,"Authorised, recruitment pending",CZE
8873,2766,Italy,"Ongoing, recruiting",ITA
8874,2767,Germany,Ended,DEU
8875,2768,Spain,Ended,ESP
8876,2768,Poland,"Ongoing, recruitment ended",POL
8877,2768,Netherlands,"Ongoing, recruitment ended",NLD
8878,2768,Italy,Ended,ITA
8879,2769,Spain,"Ongoing, recruiting",ESP
8880,2770,Poland,"Ongoing, recruitment ended",POL
8881,2770,France,"Ongoing, recruitment ended",FRA
8882,2770,Spain,"Ongoing, recruitment ended",ESP
8883,2770,Germany,Ended,DEU
8884,2771,Romania,Ended,ROU
8885,2771,Austria,Ended,AUT
8886,2771,Germany,Ended,DEU
8887,2771,Spain,Ended,ESP
8888,2771,France,Ended,FRA
8889,2771,Poland,Ended,POL
8890,2772,Sweden,"Ongoing, recruiting",SWE
8891,2772,Croatia,"Ongoing, recruiting",HRV
8892,2772,Norway,"Ongoing, recruiting",NOR
8893,2772,Slovakia,"Ongoing, recruitment ended",SVK
8894,2772,France,"Ongoing, recruiting",FRA
8895,2772,Lithuania,"Ongoing, recruitment ended",LTU
8896,2772,Finland,"Ongoing, recruitment ended",FIN
8897,2772,Poland,"Ongoing, recruiting",POL
8898,2772,Romania,"Ongoing, recruiting",ROU
8899,2772,Netherlands,"Ongoing, recruiting",NLD
8900,2772,Hungary,"Ongoing, recruiting",HUN
8901,2772,Italy,"Ongoing, recruiting",ITA
8902,2772,Austria,"Ongoing, recruiting",AUT
8903,2772,Czechia,"Ongoing, recruiting",CZE
8904,2772,Belgium,"Ongoing, recruiting",BEL
8905,2772,Germany,"Ongoing, recruiting",DEU
8906,2772,Latvia,"Ongoing, recruitment ended",LVA
8907,2772,Denmark,"Ongoing, recruiting",DNK
8908,2772,Estonia,"Ongoing, recruiting",EST
8909,2772,Greece,"Ongoing, recruiting",GRC
8910,2772,Spain,"Ongoing, recruiting",ESP
8911,2772,Bulgaria,"Ongoing, recruiting",BGR
8912,2772,Portugal,"Ongoing, recruiting",PRT
8913,2773,Germany,"Ongoing, recruitment ended",DEU
8914,2773,Netherlands,"Ongoing, recruitment ended",NLD
8915,2773,France,"Ongoing, recruiting",FRA
8916,2773,Italy,"Ongoing, recruitment ended",ITA
8917,2773,Spain,"Ongoing, recruitment ended",ESP
8918,2773,Belgium,Ended,BEL
8919,2774,Germany,"Ongoing, recruitment ended",DEU
8920,2774,Spain,"Ongoing, recruitment ended",ESP
8921,2774,Italy,"Ongoing, recruitment ended",ITA
8922,2774,Slovakia,"Ongoing, recruitment ended",SVK
8923,2774,Netherlands,"Ongoing, recruitment ended",NLD
8924,2774,Czechia,"Ongoing, recruitment ended",CZE
8925,2774,France,"Ongoing, recruitment ended",FRA
8926,2774,Denmark,"Ongoing, recruitment ended",DNK
8927,2774,Belgium,"Ongoing, recruitment ended",BEL
8928,2775,France,"Ongoing, recruiting",FRA
8929,2776,Austria,"Ongoing, recruiting",AUT
8930,2776,Italy,"Ongoing, recruiting",ITA
8931,2776,Germany,"Authorised, recruitment pending",DEU
8932,2777,Germany,"Ongoing, recruiting",DEU
8933,2778,Netherlands,"Ongoing, recruiting",NLD
8934,2778,Spain,"Authorised, recruiting",ESP
8935,2778,Germany,"Ongoing, recruiting",DEU
8936,2779,Germany,"Ongoing, recruiting",DEU
8937,2780,France,"Authorised, recruitment pending",FRA
8938,2781,Germany,Ended,DEU
8939,2782,France,Ended,FRA
8940,2783,Italy,"Ongoing, recruiting",ITA
8941,2784,Germany,"Ongoing, recruitment ended",DEU
8942,2784,France,"Ongoing, recruitment ended",FRA
8943,2784,Poland,"Ongoing, recruitment ended",POL
8944,2785,Belgium,"Ongoing, recruitment ended",BEL
8945,2785,France,"Ongoing, recruitment ended",FRA
8946,2786,Netherlands,Ended,NLD
8947,2787,Bulgaria,Ended,BGR
8948,2787,Poland,Ended,POL
8949,2787,Spain,Ended,ESP
8950,2787,Slovakia,Ended,SVK
8951,2788,France,"Ongoing, recruiting",FRA
8952,2789,Germany,"Ongoing, recruiting",DEU
8953,2790,Germany,"Ongoing, recruiting",DEU
8954,2790,Greece,"Ongoing, recruiting",GRC
8955,2791,Netherlands,Ended,NLD
8956,2792,Poland,"Ongoing, recruitment ended",POL
8957,2792,Italy,"Ongoing, recruitment ended",ITA
8958,2792,France,"Ongoing, recruitment ended",FRA
8959,2792,Germany,"Ongoing, recruitment ended",DEU
8960,2793,Spain,"Ongoing, recruitment ended",ESP
8961,2793,France,"Ongoing, recruitment ended",FRA
8962,2793,Germany,"Ongoing, recruitment ended",DEU
8963,2793,Italy,"Ongoing, recruitment ended",ITA
8964,2793,Poland,"Ongoing, recruitment ended",POL
8965,2793,Portugal,"Ongoing, recruitment ended",PRT
8966,2794,Spain,"Ongoing, recruitment ended",ESP
8967,2794,Germany,Ended,DEU
8968,2794,Poland,Not authorised,POL
8969,2795,Spain,"Ongoing, recruiting",ESP
8970,2796,France,"Authorised, recruiting",FRA
8971,2796,Spain,"Authorised, recruitment pending",ESP
8972,2797,Denmark,"Authorised, recruitment pending",DNK
8973,2798,Germany,"Ongoing, recruiting",DEU
8974,2798,Portugal,"Ongoing, recruiting",PRT
8975,2798,Spain,"Ongoing, recruiting",ESP
8976,2798,Belgium,"Ongoing, recruiting",BEL
8977,2798,France,"Ongoing, recruiting",FRA
8978,2798,Austria,"Ongoing, recruiting",AUT
8979,2799,Netherlands,"Ongoing, recruiting",NLD
8980,2800,Spain,"Ongoing, recruitment ended",ESP
8981,2801,Germany,"Ongoing, recruiting",DEU
8982,2802,Belgium,"Authorised, recruitment pending",BEL
8983,2803,Belgium,Ended,BEL
8984,2803,Italy,Ended,ITA
8985,2804,Italy,Ended,ITA
8986,2804,Germany,Ended,DEU
8987,2804,Czechia,Ended,CZE
8988,2805,Sweden,"Ongoing, recruiting",SWE
8989,2806,Poland,Ended,POL
8990,2807,Spain,"Authorised, recruitment pending",ESP
8991,2807,Italy,"Ongoing, recruitment ended",ITA
8992,2808,Austria,Ended,AUT
8993,2808,Poland,Ended,POL
8994,2808,Spain,Ended,ESP
8995,2808,Italy,Ended,ITA
8996,2808,Greece,Ended,GRC
8997,2809,Denmark,"Ongoing, recruiting",DNK
8998,2809,Spain,"Ongoing, recruiting",ESP
8999,2809,Poland,"Ongoing, recruiting",POL
9000,2809,Greece,"Ongoing, recruiting",GRC
9001,2809,Belgium,"Ongoing, recruiting",BEL
9002,2809,Hungary,"Ongoing, recruiting",HUN
9003,2809,France,"Ongoing, recruiting",FRA
9004,2809,Netherlands,"Ongoing, recruiting",NLD
9005,2809,Norway,"Ongoing, recruiting",NOR
9006,2809,Portugal,"Ongoing, recruiting",PRT
9007,2809,Germany,"Ongoing, recruiting",DEU
9008,2809,Finland,"Ongoing, recruiting",FIN
9009,2809,Austria,"Ongoing, recruiting",AUT
9010,2809,Italy,"Ongoing, recruiting",ITA
9011,2809,Sweden,"Authorised, recruiting",SWE
9012,2809,Czechia,"Ongoing, recruiting",CZE
9013,2809,Romania,"Ongoing, recruiting",ROU
9014,2810,Sweden,"Ongoing, recruiting",SWE
9015,2811,Italy,"Ongoing, recruiting",ITA
9016,2811,Poland,"Ongoing, recruiting",POL
9017,2811,Germany,"Ongoing, recruiting",DEU
9018,2811,Spain,"Ongoing, recruiting",ESP
9019,2811,Hungary,"Ongoing, recruiting",HUN
9020,2811,France,"Ongoing, recruiting",FRA
9021,2811,Netherlands,"Ongoing, recruiting",NLD
9022,2812,Germany,"Authorised, recruitment pending",DEU
9023,2812,Austria,"Authorised, recruitment pending",AUT
9024,2812,France,"Authorised, recruitment pending",FRA
9025,2813,Italy,Ended,ITA
9026,2813,France,Ended,FRA
9027,2813,Spain,"Ongoing, recruitment ended",ESP
9028,2814,France,Temporarily halted,FRA
9029,2815,Germany,"Ongoing, recruiting",DEU
9030,2815,France,"Authorised, recruiting",FRA
9031,2815,Italy,"Ongoing, recruiting",ITA
9032,2815,Netherlands,"Ongoing, recruiting",NLD
9033,2815,Spain,"Ongoing, recruiting",ESP
9034,2815,Belgium,"Ongoing, recruiting",BEL
9035,2815,Sweden,"Ongoing, recruiting",SWE
9036,2815,Czechia,Ended,CZE
9037,2815,Greece,Ended,GRC
9038,2815,Finland,"Authorised, recruiting",FIN
9039,2815,Poland,Ended,POL
9040,2815,Slovenia,Ended,SVN
9041,2816,Poland,"Ongoing, recruiting",POL
9042,2816,Germany,"Authorised, recruiting",DEU
9043,2816,Italy,"Ongoing, recruiting",ITA
9044,2816,Spain,"Ongoing, recruiting",ESP
9045,2816,Hungary,"Ongoing, recruiting",HUN
9046,2817,Sweden,"Authorised, recruitment pending",SWE
9047,2818,Italy,Ended,ITA
9048,2818,Germany,Ended,DEU
9049,2818,Belgium,Ended,BEL
9050,2818,Greece,Ended,GRC
9051,2818,Czechia,Ended,CZE
9052,2818,Spain,Ended,ESP
9053,2819,Greece,"Ongoing, recruiting",GRC
9054,2819,Poland,"Ongoing, recruiting",POL
9055,2819,France,"Ongoing, recruiting",FRA
9056,2819,Italy,"Ongoing, recruiting",ITA
9057,2819,Spain,"Ongoing, recruiting",ESP
9058,2819,Hungary,"Ongoing, recruiting",HUN
9059,2819,Germany,"Authorised, recruiting",DEU
9060,2820,Spain,"Ongoing, recruitment ended",ESP
9061,2820,Italy,Ended,ITA
9062,2821,Spain,"Ongoing, recruiting",ESP
9063,2822,Germany,"Ongoing, recruiting",DEU
9064,2823,Spain,Ended,ESP
9065,2823,France,Ended,FRA
9066,2823,Denmark,Ended,DNK
9067,2823,Belgium,Ended,BEL
9068,2823,Germany,Ended,DEU
9069,2823,Poland,Ended,POL
9070,2824,France,"Ongoing, recruitment ended",FRA
9071,2825,Poland,"Ongoing, recruiting",POL
9072,2825,Spain,"Ongoing, recruiting",ESP
9073,2825,France,"Ongoing, recruiting",FRA
9074,2825,Italy,"Authorised, recruitment pending",ITA
9075,2825,Germany,"Ongoing, recruiting",DEU
9076,2825,Romania,"Ongoing, recruiting",ROU
9077,2825,Netherlands,"Authorised, recruitment pending",NLD
9078,2826,Romania,Ended,ROU
9079,2826,Netherlands,Ended,NLD
9080,2826,Ireland,"Ongoing, recruitment ended",IRL
9081,2826,Italy,Ended,ITA
9082,2826,France,Ended,FRA
9083,2826,Germany,Ended,DEU
9084,2826,Poland,"Ongoing, recruitment ended",POL
9085,2826,Hungary,Ended,HUN
9086,2826,Spain,"Ongoing, recruitment ended",ESP
9087,2826,Belgium,Ended,BEL
9088,2827,France,Ended,FRA
9089,2828,Italy,"Ongoing, recruitment ended",ITA
9090,2829,Netherlands,"Authorised, recruitment pending",NLD
9091,2830,Germany,"Ongoing, recruitment ended",DEU
9092,2830,Czechia,Ended,CZE
9093,2830,Norway,Ended,NOR
9094,2830,Finland,Ended,FIN
9095,2830,France,Ended,FRA
9096,2830,Spain,Ended,ESP
9097,2830,Poland,"Ongoing, recruitment ended",POL
9098,2830,Belgium,Ended,BEL
9099,2830,Netherlands,Ended,NLD
9100,2830,Denmark,Ended,DNK
9101,2830,Romania,"Ongoing, recruitment ended",ROU
9102,2830,Italy,Ended,ITA
9103,2830,Greece,Ended,GRC
9104,2831,Netherlands,Ended,NLD
9105,2831,France,"Ongoing, recruitment ended",FRA
9106,2831,Poland,Ended,POL
9107,2831,Spain,Ended,ESP
9108,2831,Hungary,Ended,HUN
9109,2832,Germany,"Ongoing, recruiting",DEU
9110,2833,Spain,"Ongoing, recruitment ended",ESP
9111,2833,France,"Ongoing, recruitment ended",FRA
9112,2833,Belgium,"Ongoing, recruitment ended",BEL
9113,2833,Poland,"Ongoing, recruitment ended",POL
9114,2834,Poland,"Ongoing, recruiting",POL
9115,2834,Spain,"Ongoing, recruiting",ESP
9116,2834,France,"Ongoing, recruiting",FRA
9117,2835,Spain,"Ongoing, recruiting",ESP
9118,2836,France,"Ongoing, recruiting",FRA
9119,2836,Spain,"Ongoing, recruiting",ESP
9120,2837,Poland,"Ongoing, recruitment ended",POL
9121,2837,Spain,"Ongoing, recruitment ended",ESP
9122,2837,Italy,"Ongoing, recruitment ended",ITA
9123,2837,Denmark,"Ongoing, recruitment ended",DNK
9124,2838,Spain,Ended,ESP
9125,2839,Netherlands,Ended,NLD
9126,2840,France,"Ongoing, recruiting",FRA
9127,2841,Spain,"Ongoing, recruiting",ESP
9128,2841,Germany,"Authorised, recruiting",DEU
9129,2842,Norway,"Ongoing, recruiting",NOR
9130,2843,Denmark,Ended,DNK
9131,2843,Sweden,Ended,SWE
9132,2843,Czechia,Ended,CZE
9133,2843,Belgium,Ended,BEL
9134,2843,Hungary,Ended,HUN
9135,2843,Spain,Ended,ESP
9136,2843,Netherlands,Ended,NLD
9137,2843,France,Ended,FRA
9138,2843,Norway,Ended,NOR
9139,2843,Italy,Ended,ITA
9140,2843,Germany,Ended,DEU
9141,2843,Poland,Ended,POL
9142,2843,Greece,Ended,GRC
9143,2844,Spain,"Authorised, recruitment pending",ESP
9144,2844,Netherlands,"Authorised, recruitment pending",NLD
9145,2844,Czechia,"Authorised, recruitment pending",CZE
9146,2844,Sweden,"Authorised, recruitment pending",SWE
9147,2844,Belgium,"Authorised, recruitment pending",BEL
9148,2844,Finland,"Authorised, recruitment pending",FIN
9149,2844,France,"Authorised, recruitment pending",FRA
9150,2844,Germany,"Authorised, recruitment pending",DEU
9151,2844,Austria,"Authorised, recruitment pending",AUT
9152,2844,Italy,"Authorised, recruitment pending",ITA
9153,2845,Denmark,"Authorised, recruitment pending",DNK
9154,2846,France,"Ongoing, recruiting",FRA
9155,2846,Poland,"Ongoing, recruiting",POL
9156,2846,Romania,"Ongoing, recruiting",ROU
9157,2846,Italy,"Ongoing, recruiting",ITA
9158,2846,Spain,"Ongoing, recruiting",ESP
9159,2847,Netherlands,"Ongoing, recruitment ended",NLD
9160,2847,Spain,Ended,ESP
9161,2847,Belgium,Ended,BEL
9162,2848,Belgium,"Ongoing, recruiting",BEL
9163,2848,Spain,"Ongoing, recruiting",ESP
9164,2849,Germany,"Ongoing, recruitment ended",DEU
9165,2849,Italy,Ended,ITA
9166,2849,Poland,"Ongoing, recruitment ended",POL
9167,2849,Netherlands,"Ongoing, recruitment ended",NLD
9168,2849,Spain,"Ongoing, recruitment ended",ESP
9169,2849,Sweden,Ended,SWE
9170,2849,Greece,"Ongoing, recruitment ended",GRC
9171,2849,France,"Ongoing, recruitment ended",FRA
9172,2850,Germany,"Authorised, recruiting",DEU
9173,2850,Spain,"Ongoing, recruiting",ESP
9174,2850,Finland,"Ongoing, recruiting",FIN
9175,2850,Greece,"Ongoing, recruiting",GRC
9176,2850,Portugal,"Ongoing, recruiting",PRT
9177,2850,Italy,"Ongoing, recruiting",ITA
9178,2850,Belgium,"Ongoing, recruiting",BEL
9179,2850,Poland,"Ongoing, recruiting",POL
9180,2850,France,"Ongoing, recruiting",FRA
9181,2851,France,"Ongoing, recruiting",FRA
9182,2852,Italy,"Ongoing, recruitment ended",ITA
9183,2852,Spain,"Ongoing, recruitment ended",ESP
9184,2853,Italy,"Ongoing, recruitment ended",ITA
9185,2854,Italy,"Ongoing, recruiting",ITA
9186,2855,Italy,"Ongoing, recruitment ended",ITA
9187,2855,Sweden,"Ongoing, recruitment ended",SWE
9188,2855,Finland,Ended,FIN
9189,2855,Greece,"Ongoing, recruitment ended",GRC
9190,2855,Spain,"Ongoing, recruitment ended",ESP
9191,2855,Czechia,"Ongoing, recruitment ended",CZE
9192,2855,France,"Ongoing, recruitment ended",FRA
9193,2856,Netherlands,"Ongoing, recruiting",NLD
9194,2857,France,Ended,FRA
9195,2857,Belgium,Ended,BEL
9196,2858,Spain,Ended,ESP
9197,2859,Germany,"Authorised, recruitment pending",DEU
9198,2859,Hungary,"Authorised, recruitment pending",HUN
9199,2859,Spain,"Authorised, recruitment pending",ESP
9200,2859,Poland,"Authorised, recruitment pending",POL
9201,2859,Greece,"Authorised, recruitment pending",GRC
9202,2859,Belgium,"Authorised, recruitment pending",BEL
9203,2859,France,"Authorised, recruitment pending",FRA
9204,2859,Italy,"Authorised, recruitment pending",ITA
9205,2859,Romania,"Authorised, recruitment pending",ROU
9206,2860,Spain,"Ongoing, recruitment ended",ESP
9207,2861,France,"Ongoing, recruiting",FRA
9208,2861,Belgium,"Ongoing, recruiting",BEL
9209,2861,Germany,"Authorised, recruitment pending",DEU
9210,2861,Portugal,"Ongoing, recruiting",PRT
9211,2861,Italy,"Ongoing, recruiting",ITA
9212,2861,Greece,"Ongoing, recruiting",GRC
9213,2861,Romania,"Authorised, recruitment pending",ROU
9214,2861,Spain,"Ongoing, recruiting",ESP
9215,2861,Poland,Ended,POL
9216,2862,Sweden,"Authorised, recruiting",SWE
9217,2862,Netherlands,"Authorised, recruitment pending",NLD
9218,2863,Germany,"Ongoing, recruiting",DEU
9219,2864,Netherlands,"Ongoing, recruiting",NLD
9220,2865,Romania,Ended,ROU
9221,2865,Spain,Ended,ESP
9222,2865,Belgium,Ended,BEL
9223,2865,Netherlands,Ended,NLD
9224,2865,Italy,Ended,ITA
9225,2865,Poland,Ended,POL
9226,2865,Greece,Ended,GRC
9227,2866,Belgium,Ended,BEL
9228,2866,Spain,Ended,ESP
9229,2866,Sweden,Ended,SWE
9230,2866,Italy,Ended,ITA
9231,2866,France,Ended,FRA
9232,2867,Portugal,"Ongoing, recruiting",PRT
9233,2867,Netherlands,"Ongoing, recruiting",NLD
9234,2867,Denmark,"Authorised, recruiting",DNK
9235,2867,Spain,"Ongoing, recruiting",ESP
9236,2867,Italy,"Ongoing, recruiting",ITA
9237,2867,Germany,"Authorised, recruiting",DEU
9238,2867,France,"Ongoing, recruiting",FRA
9239,2867,Greece,"Authorised, recruitment pending",GRC
9240,2868,Spain,"Ongoing, recruiting",ESP
9241,2868,Denmark,"Ongoing, recruiting",DNK
9242,2868,France,"Ongoing, recruiting",FRA
9243,2868,Austria,"Ongoing, recruiting",AUT
9244,2868,Ireland,"Ongoing, recruitment ended",IRL
9245,2868,Belgium,"Ongoing, recruiting",BEL
9246,2868,Poland,"Ongoing, recruiting",POL
9247,2868,Italy,"Ongoing, recruiting",ITA
9248,2868,Czechia,"Ongoing, recruiting",CZE
9249,2868,Germany,"Ongoing, recruiting",DEU
9250,2869,Spain,"Ongoing, recruiting",ESP
9251,2869,France,"Ongoing, recruiting",FRA
9252,2870,Poland,"Ongoing, recruitment ended",POL
9253,2870,Germany,"Ongoing, recruitment ended",DEU
9254,2871,France,"Authorised, recruitment pending",FRA
9255,2872,Germany,"Ongoing, recruiting",DEU
9256,2872,Spain,"Ongoing, recruiting",ESP
9257,2872,Italy,"Ongoing, recruiting",ITA
9258,2872,Poland,"Ongoing, recruiting",POL
9259,2872,Romania,"Ongoing, recruiting",ROU
9260,2872,France,"Ongoing, recruiting",FRA
9261,2873,Poland,Ended,POL
9262,2874,Spain,Ended,ESP
9263,2874,Portugal,Ended,PRT
9264,2875,Poland,"Ongoing, recruitment ended",POL
9265,2875,Romania,"Ongoing, recruitment ended",ROU
9266,2875,Spain,"Ongoing, recruitment ended",ESP
9267,2875,France,Ended,FRA
9268,2875,Hungary,"Ongoing, recruitment ended",HUN
9269,2876,France,"Ongoing, recruiting",FRA
9270,2877,Italy,"Authorised, recruiting",ITA
9271,2877,Spain,"Ongoing, recruiting",ESP
9272,2877,Slovakia,"Authorised, recruiting",SVK
9273,2877,Romania,"Authorised, recruiting",ROU
9274,2877,Portugal,"Authorised, recruiting",PRT
9275,2877,Greece,"Authorised, recruiting",GRC
9276,2877,Poland,"Authorised, recruitment pending",POL
9277,2878,France,"Ongoing, recruitment ended",FRA
9278,2878,Denmark,"Ongoing, recruitment ended",DNK
9279,2878,Poland,"Ongoing, recruitment ended",POL
9280,2878,Italy,"Ongoing, recruitment ended",ITA
9281,2878,Belgium,"Ongoing, recruitment ended",BEL
9282,2878,Netherlands,"Ongoing, recruitment ended",NLD
9283,2878,Germany,"Ongoing, recruitment ended",DEU
9284,2878,Spain,"Ongoing, recruitment ended",ESP
9285,2878,Austria,"Ongoing, recruitment ended",AUT
9286,2879,France,"Ongoing, recruitment ended",FRA
9287,2880,Spain,"Ongoing, recruitment ended",ESP
9288,2880,France,"Ongoing, recruitment ended",FRA
9289,2880,Germany,"Ongoing, recruitment ended",DEU
9290,2881,Netherlands,"Ongoing, recruiting",NLD
9291,2882,Sweden,"Authorised, recruitment pending",SWE
9292,2883,Spain,"Authorised, recruitment pending",ESP
9293,2884,Ireland,"Authorised, recruitment pending",IRL
9294,2884,Germany,"Ongoing, recruiting",DEU
9295,2884,Finland,"Ongoing, recruiting",FIN
9296,2884,Italy,"Ongoing, recruiting",ITA
9297,2884,Spain,"Ongoing, recruiting",ESP
9298,2884,Bulgaria,"Authorised, recruitment pending",BGR
9299,2884,France,"Ongoing, recruiting",FRA
9300,2884,Hungary,"Authorised, recruitment pending",HUN
9301,2884,Greece,"Authorised, recruitment pending",GRC
9302,2884,Romania,"Authorised, recruitment pending",ROU
9303,2884,Portugal,"Authorised, recruitment pending",PRT
9304,2885,Italy,Ended,ITA
9305,2885,Germany,Ended,DEU
9306,2885,Czechia,Ended,CZE
9307,2885,France,Ended,FRA
9308,2885,Hungary,Ended,HUN
9309,2885,Poland,Ended,POL
9310,2885,Belgium,Ended,BEL
9311,2885,Spain,Ended,ESP
9312,2886,Spain,Ended,ESP
9313,2886,Germany,Ended,DEU
9314,2887,France,"Ongoing, recruitment ended",FRA
9315,2887,Bulgaria,"Ongoing, recruitment ended",BGR
9316,2887,Czechia,"Ongoing, recruitment ended",CZE
9317,2887,Italy,"Ongoing, recruitment ended",ITA
9318,2887,Poland,"Ongoing, recruitment ended",POL
9319,2887,Hungary,"Ongoing, recruitment ended",HUN
9320,2887,Austria,"Ongoing, recruitment ended",AUT
9321,2887,Spain,"Ongoing, recruitment ended",ESP
9322,2887,Romania,"Ongoing, recruitment ended",ROU
9323,2887,Portugal,"Ongoing, recruitment ended",PRT
9324,2888,Spain,"Ongoing, recruiting",ESP
9325,2889,Italy,"Ongoing, recruiting",ITA
9326,2890,France,"Ongoing, recruiting",FRA
9327,2890,Spain,"Ongoing, recruiting",ESP
9328,2890,Germany,"Ongoing, recruiting",DEU
9329,2890,Hungary,"Ongoing, recruiting",HUN
9330,2890,Czechia,"Ongoing, recruiting",CZE
9331,2890,Bulgaria,"Ongoing, recruiting",BGR
9332,2890,Poland,"Ongoing, recruiting",POL
9333,2890,Italy,"Ongoing, recruiting",ITA
9334,2891,Italy,"Ongoing, recruiting",ITA
9335,2891,Belgium,"Ongoing, recruiting",BEL
9336,2891,Spain,"Ongoing, recruiting",ESP
9337,2891,France,"Authorised, recruitment pending",FRA
9338,2891,Germany,"Authorised, recruiting",DEU
9339,2892,Ireland,"Ongoing, recruitment ended",IRL
9340,2893,France,"Ongoing, recruitment ended",FRA
9341,2894,France,"Ongoing, recruiting",FRA
9342,2894,Spain,"Ongoing, recruiting",ESP
9343,2894,Czechia,"Ongoing, recruiting",CZE
9344,2894,Germany,"Ongoing, recruiting",DEU
9345,2894,Italy,"Ongoing, recruiting",ITA
9346,2894,Poland,"Ongoing, recruiting",POL
9347,2894,Greece,"Ongoing, recruiting",GRC
9348,2894,Slovakia,"Authorised, recruitment pending",SVK
9349,2894,Netherlands,"Ongoing, recruiting",NLD
9350,2894,Denmark,"Ongoing, recruiting",DNK
9351,2895,Italy,"Ongoing, recruitment ended",ITA
9352,2896,Belgium,"Ongoing, recruitment ended",BEL
9353,2896,Poland,Ended,POL
9354,2896,Spain,Ended,ESP
9355,2896,Hungary,"Ongoing, recruitment ended",HUN
9356,2896,Norway,"Ongoing, recruitment ended",NOR
9357,2896,Germany,"Ongoing, recruitment ended",DEU
9358,2896,Finland,"Ongoing, recruitment ended",FIN
9359,2896,Netherlands,"Ongoing, recruitment ended",NLD
9360,2896,Denmark,"Ongoing, recruitment ended",DNK
9361,2896,Greece,Ended,GRC
9362,2896,Sweden,"Ongoing, recruitment ended",SWE
9363,2896,Italy,"Ongoing, recruitment ended",ITA
9364,2896,Czechia,"Ongoing, recruitment ended",CZE
9365,2897,Romania,Ended,ROU
9366,2897,Portugal,Ended,PRT
9367,2897,Slovenia,Ended,SVN
9368,2897,Hungary,Ended,HUN
9369,2897,Spain,Temporarily halted,ESP
9370,2897,Finland,Ended,FIN
9371,2897,Italy,Temporarily halted,ITA
9372,2897,Iceland,Ended,ISL
9373,2897,Greece,Ended,GRC
9374,2898,Netherlands,"Ongoing, recruitment ended",NLD
9375,2898,Italy,"Ongoing, recruitment ended",ITA
9376,2898,Spain,"Ongoing, recruitment ended",ESP
9377,2899,Germany,Ended,DEU
9378,2900,Germany,"Authorised, recruiting",DEU
9379,2900,Austria,"Authorised, recruiting",AUT
9380,2901,Italy,"Authorised, recruitment pending",ITA
9381,2902,Spain,"Ongoing, recruitment ended",ESP
9382,2902,Sweden,"Ongoing, recruitment ended",SWE
9383,2902,Italy,"Ongoing, recruitment ended",ITA
9384,2902,Belgium,"Ongoing, recruitment ended",BEL
9385,2902,Finland,Ended,FIN
9386,2902,France,Ended,FRA
9387,2902,Netherlands,"Ongoing, recruitment ended",NLD
9388,2902,Norway,"Ongoing, recruitment ended",NOR
9389,2902,Czechia,"Ongoing, recruitment ended",CZE
9390,2902,Denmark,"Ongoing, recruitment ended",DNK
9391,2903,Poland,"Authorised, recruitment pending",POL
9392,2903,Spain,"Ongoing, recruiting",ESP
9393,2903,Germany,"Ongoing, recruiting",DEU
9394,2903,France,"Ongoing, recruiting",FRA
9395,2903,Italy,"Authorised, recruiting",ITA
9396,2904,Spain,"Ongoing, recruitment ended",ESP
9397,2904,Poland,"Ongoing, recruitment ended",POL
9398,2904,Germany,"Ongoing, recruitment ended",DEU
9399,2904,France,"Ongoing, recruitment ended",FRA
9400,2904,Italy,"Ongoing, recruitment ended",ITA
9401,2905,Netherlands,"Authorised, recruitment pending",NLD
9402,2906,Germany,"Ongoing, recruiting",DEU
9403,2907,Germany,"Ongoing, recruitment ended",DEU
9404,2907,Italy,"Ongoing, recruiting",ITA
9405,2908,Italy,"Ongoing, recruiting",ITA
9406,2908,Greece,"Ongoing, recruiting",GRC
9407,2908,Romania,"Ongoing, recruitment ended",ROU
9408,2908,France,"Ongoing, recruitment ended",FRA
9409,2908,Poland,"Ongoing, recruitment ended",POL
9410,2909,Italy,"Ongoing, recruiting",ITA
9411,2909,Poland,"Ongoing, recruiting",POL
9412,2909,Spain,"Ongoing, recruiting",ESP
9413,2909,Hungary,"Ongoing, recruiting",HUN
9414,2909,France,"Ongoing, recruiting",FRA
9415,2909,Netherlands,"Ongoing, recruiting",NLD
9416,2909,Belgium,"Ongoing, recruiting",BEL
9417,2909,Germany,"Ongoing, recruiting",DEU
9418,2910,Spain,"Authorised, recruitment pending",ESP
9419,2910,France,"Authorised, recruitment pending",FRA
9420,2910,Belgium,"Authorised, recruitment pending",BEL
9421,2910,Denmark,"Authorised, recruitment pending",DNK
9422,2911,Sweden,"Authorised, recruitment pending",SWE
9423,2911,Denmark,"Ongoing, recruiting",DNK
9424,2911,France,"Ongoing, recruiting",FRA
9425,2912,Germany,Ended,DEU
9426,2912,Spain,Ended,ESP
9427,2912,France,Ended,FRA
9428,2912,Italy,"Ongoing, recruitment ended",ITA
9429,2913,Italy,"Authorised, recruitment pending",ITA
9430,2914,Spain,"Ongoing, recruitment ended",ESP
9431,2914,Belgium,"Ongoing, recruitment ended",BEL
9432,2914,Germany,"Ongoing, recruitment ended",DEU
9433,2914,France,"Ongoing, recruitment ended",FRA
9434,2914,Sweden,"Ongoing, recruitment ended",SWE
9435,2914,Netherlands,"Ongoing, recruitment ended",NLD
9436,2915,Spain,"Ongoing, recruitment ended",ESP
9437,2915,Iceland,"Ongoing, recruitment ended",ISL
9438,2915,Sweden,"Ongoing, recruitment ended",SWE
9439,2915,Netherlands,"Ongoing, recruitment ended",NLD
9440,2915,Poland,"Ongoing, recruitment ended",POL
9441,2915,Germany,"Ongoing, recruitment ended",DEU
9442,2915,Belgium,"Ongoing, recruitment ended",BEL
9443,2915,Hungary,"Ongoing, recruitment ended",HUN
9444,2915,France,"Ongoing, recruitment ended",FRA
9445,2915,Portugal,"Ongoing, recruitment ended",PRT
9446,2915,Italy,"Ongoing, recruitment ended",ITA
9447,2915,Austria,"Ongoing, recruitment ended",AUT
9448,2916,Poland,Ended,POL
9449,2916,Germany,Ended,DEU
9450,2917,France,Temporarily halted,FRA
9451,2917,Spain,Temporarily halted,ESP
9452,2918,Germany,"Ongoing, recruitment ended",DEU
9453,2918,Spain,"Ongoing, recruitment ended",ESP
9454,2918,France,Ended,FRA
9455,2918,Netherlands,Ended,NLD
9456,2918,Portugal,Ended,PRT
9457,2918,Italy,Ended,ITA
9458,2919,Spain,"Ongoing, recruitment ended",ESP
9459,2919,France,"Ongoing, recruitment ended",FRA
9460,2919,Germany,"Ongoing, recruitment ended",DEU
9461,2919,Poland,"Ongoing, recruitment ended",POL
9462,2919,Italy,"Ongoing, recruitment ended",ITA
9463,2920,Spain,"Ongoing, recruitment ended",ESP
9464,2921,France,"Authorised, recruitment pending",FRA
9465,2922,Poland,Ended,POL
9466,2922,Spain,Ended,ESP
9467,2922,France,Ended,FRA
9468,2922,Italy,"Ongoing, recruitment ended",ITA
9469,2922,Belgium,Ended,BEL
9470,2922,Germany,Ended,DEU
9471,2922,Hungary,Ended,HUN
9472,2923,Hungary,"Ongoing, recruiting",HUN
9473,2923,France,"Ongoing, recruiting",FRA
9474,2923,Portugal,"Ongoing, recruiting",PRT
9475,2923,Greece,"Ongoing, recruiting",GRC
9476,2923,Sweden,"Ongoing, recruiting",SWE
9477,2923,Ireland,"Authorised, recruitment pending",IRL
9478,2923,Poland,"Authorised, recruitment pending",POL
9479,2923,Bulgaria,"Ongoing, recruiting",BGR
9480,2923,Romania,"Ongoing, recruiting",ROU
9481,2923,Finland,"Ongoing, recruiting",FIN
9482,2923,Italy,"Ongoing, recruiting",ITA
9483,2923,Germany,"Ongoing, recruiting",DEU
9484,2923,Spain,"Ongoing, recruiting",ESP
9485,2924,Italy,"Ongoing, recruitment ended",ITA
9486,2924,Spain,"Ongoing, recruitment ended",ESP
9487,2924,France,"Ongoing, recruitment ended",FRA
9488,2925,France,"Authorised, recruitment pending",FRA
9489,2925,Spain,"Authorised, recruitment pending",ESP
9490,2925,Sweden,"Authorised, recruitment pending",SWE
9491,2925,Germany,"Authorised, recruitment pending",DEU
9492,2925,Italy,"Authorised, recruitment pending",ITA
9493,2925,Belgium,"Authorised, recruitment pending",BEL
9494,2925,Denmark,"Authorised, recruitment pending",DNK
9495,2926,Spain,"Ongoing, recruiting",ESP
9496,2926,France,"Authorised, recruitment pending",FRA
9497,2926,Denmark,"Authorised, recruitment pending",DNK
9498,2927,Germany,"Ongoing, recruiting",DEU
9499,2927,Austria,"Ongoing, recruiting",AUT
9500,2928,Spain,"Ongoing, recruiting",ESP
9501,2929,France,Temporarily halted,FRA
9502,2930,Spain,"Ongoing, recruiting",ESP
9503,2930,Italy,"Ongoing, recruiting",ITA
9504,2930,France,"Ongoing, recruiting",FRA
9505,2930,Germany,"Ongoing, recruiting",DEU
9506,2931,Italy,"Ongoing, recruiting",ITA
9507,2932,Bulgaria,"Ongoing, recruitment ended",BGR
9508,2932,Czechia,"Ongoing, recruitment ended",CZE
9509,2932,Poland,"Ongoing, recruitment ended",POL
9510,2932,Hungary,"Ongoing, recruitment ended",HUN
9511,2932,Sweden,"Ongoing, recruitment ended",SWE
9512,2932,Italy,"Ongoing, recruitment ended",ITA
9513,2932,Belgium,"Ongoing, recruitment ended",BEL
9514,2932,Netherlands,"Ongoing, recruitment ended",NLD
9515,2932,France,"Ongoing, recruitment ended",FRA
9516,2932,Spain,"Ongoing, recruitment ended",ESP
9517,2932,Denmark,"Ongoing, recruitment ended",DNK
9518,2932,Germany,"Ongoing, recruitment ended",DEU
9519,2932,Portugal,"Ongoing, recruitment ended",PRT
9520,2933,Belgium,Ended,BEL
9521,2933,Czechia,Ended,CZE
9522,2933,France,Ended,FRA
9523,2933,Germany,Ended,DEU
9524,2933,Austria,Ended,AUT
9525,2933,Poland,Ended,POL
9526,2933,Italy,Ended,ITA
9527,2933,Spain,Ended,ESP
9528,2934,Spain,"Ongoing, recruiting",ESP
9529,2935,Spain,"Ongoing, recruitment ended",ESP
9530,2935,Czechia,"Ongoing, recruitment ended",CZE
9531,2935,Belgium,Ended,BEL
9532,2935,Sweden,"Ongoing, recruitment ended",SWE
9533,2935,France,"Ongoing, recruitment ended",FRA
9534,2935,Netherlands,"Ongoing, recruitment ended",NLD
9535,2935,Austria,"Ongoing, recruitment ended",AUT
9536,2935,Italy,"Ongoing, recruitment ended",ITA
9537,2936,Italy,"Authorised, recruiting",ITA
9538,2937,Germany,"Authorised, recruitment pending",DEU
9539,2937,France,"Authorised, recruitment pending",FRA
9540,2937,Czechia,"Authorised, recruitment pending",CZE
9541,2937,Netherlands,"Authorised, recruitment pending",NLD
9542,2937,Spain,"Authorised, recruitment pending",ESP
9543,2938,France,"Authorised, recruiting",FRA
9544,2938,Czechia,"Authorised, recruitment pending",CZE
9545,2938,Romania,"Authorised, recruiting",ROU
9546,2938,Italy,"Authorised, recruiting",ITA
9547,2938,Germany,"Authorised, recruiting",DEU
9548,2938,Poland,"Ongoing, recruiting",POL
9549,2938,Spain,"Authorised, recruiting",ESP
9550,2938,Bulgaria,"Ongoing, recruiting",BGR
9551,2938,Norway,"Authorised, recruiting",NOR
9552,2938,Ireland,"Authorised, recruitment pending",IRL
9553,2938,Netherlands,"Authorised, recruitment pending",NLD
9554,2939,Germany,"Ongoing, recruiting",DEU
9555,2939,Austria,"Ongoing, recruiting",AUT
9556,2940,Germany,"Ongoing, recruiting",DEU
9557,2940,Austria,"Ongoing, recruiting",AUT
9558,2941,Sweden,Not authorised,SWE
9559,2941,Czechia,"Authorised, recruiting",CZE
9560,2941,Belgium,"Ongoing, recruiting",BEL
9561,2941,Romania,"Ongoing, recruiting",ROU
9562,2941,Netherlands,Not authorised,NLD
9563,2941,Italy,"Ongoing, recruiting",ITA
9564,2941,France,"Ongoing, recruiting",FRA
9565,2941,Spain,"Ongoing, recruiting",ESP
9566,2941,Germany,"Ongoing, recruiting",DEU
9567,2941,Poland,"Authorised, recruiting",POL
9568,2941,Austria,"Authorised, recruiting",AUT
9569,2942,Spain,"Authorised, recruitment pending",ESP
9570,2942,Ireland,"Authorised, recruitment pending",IRL
9571,2942,Italy,"Authorised, recruitment pending",ITA
9572,2942,France,"Authorised, recruitment pending",FRA
9573,2942,Romania,"Authorised, recruitment pending",ROU
9574,2943,Spain,Ended,ESP
9575,2944,Italy,"Ongoing, recruiting",ITA
9576,2945,Germany,"Ongoing, recruitment ended",DEU
9577,2945,Italy,"Ongoing, recruitment ended",ITA
9578,2945,France,"Ongoing, recruitment ended",FRA
9579,2945,Poland,"Ongoing, recruitment ended",POL
9580,2946,France,"Authorised, recruitment pending",FRA
9581,2947,Germany,"Ongoing, recruiting",DEU
9582,2947,Austria,"Authorised, recruiting",AUT
9583,2947,France,"Ongoing, recruiting",FRA
9584,2947,Netherlands,"Ongoing, recruiting",NLD
9585,2947,Czechia,"Authorised, recruiting",CZE
9586,2947,Greece,"Authorised, recruiting",GRC
9587,2947,Italy,"Ongoing, recruiting",ITA
9588,2947,Spain,"Ongoing, recruiting",ESP
9589,2947,Denmark,"Authorised, recruiting",DNK
9590,2948,Sweden,"Ongoing, recruiting",SWE
9591,2949,Netherlands,Ended,NLD
9592,2950,Poland,"Ongoing, recruitment ended",POL
9593,2950,Netherlands,"Ongoing, recruitment ended",NLD
9594,2950,Belgium,"Ongoing, recruitment ended",BEL
9595,2950,Czechia,"Ongoing, recruitment ended",CZE
9596,2950,Italy,"Ongoing, recruitment ended",ITA
9597,2950,Germany,"Ongoing, recruitment ended",DEU
9598,2950,France,"Ongoing, recruitment ended",FRA
9599,2950,Spain,"Ongoing, recruitment ended",ESP
9600,2951,France,"Ongoing, recruitment ended",FRA
9601,2951,Spain,"Ongoing, recruitment ended",ESP
9602,2951,Germany,"Ongoing, recruitment ended",DEU
9603,2951,Poland,"Ongoing, recruitment ended",POL
9604,2951,Italy,"Ongoing, recruitment ended",ITA
9605,2952,France,"Ongoing, recruiting",FRA
9606,2953,France,"Ongoing, recruiting",FRA
9607,2954,Netherlands,"Ongoing, recruiting",NLD
9608,2955,Spain,"Ongoing, recruitment ended",ESP
9609,2956,Italy,"Ongoing, recruiting",ITA
9610,2956,France,"Ongoing, recruiting",FRA
9611,2956,Spain,"Ongoing, recruiting",ESP
9612,2957,Austria,Ended,AUT
9613,2957,Italy,Ended,ITA
9614,2957,Netherlands,Ended,NLD
9615,2957,Germany,Ended,DEU
9616,2957,Hungary,Ended,HUN
9617,2957,Ireland,Ended,IRL
9618,2957,Spain,Ended,ESP
9619,2957,Bulgaria,Ended,BGR
9620,2957,Czechia,Ended,CZE
9621,2957,Poland,Ended,POL
9622,2957,France,Ended,FRA
9623,2958,Netherlands,"Ongoing, recruiting",NLD
9624,2958,Belgium,"Ongoing, recruiting",BEL
9625,2958,Czechia,"Ongoing, recruiting",CZE
9626,2958,France,"Ongoing, recruiting",FRA
9627,2958,Germany,"Ongoing, recruiting",DEU
9628,2958,Italy,"Ongoing, recruiting",ITA
9629,2959,Hungary,Ended,HUN
9630,2959,Spain,"Ongoing, recruitment ended",ESP
9631,2959,Czechia,Ended,CZE
9632,2959,Poland,"Ongoing, recruitment ended",POL
9633,2959,Bulgaria,Ended,BGR
9634,2960,Greece,"Ongoing, recruitment ended",GRC
9635,2960,Portugal,Ended,PRT
9636,2960,Romania,"Ongoing, recruitment ended",ROU
9637,2960,Poland,"Ongoing, recruitment ended",POL
9638,2960,Spain,"Ongoing, recruitment ended",ESP
9639,2961,France,"Ongoing, recruitment ended",FRA
9640,2961,Belgium,Ended,BEL
9641,2961,Spain,Ended,ESP
9642,2961,Poland,Ended,POL
9643,2961,Bulgaria,Ended,BGR
9644,2961,Italy,Ended,ITA
9645,2961,Lithuania,Ended,LTU
9646,2962,Spain,"Ongoing, recruitment ended",ESP
9647,2963,Netherlands,"Ongoing, recruiting",NLD
9648,2964,Portugal,"Ongoing, recruiting",PRT
9649,2964,Bulgaria,"Ongoing, recruiting",BGR
9650,2964,Germany,"Ongoing, recruiting",DEU
9651,2964,Spain,"Ongoing, recruiting",ESP
9652,2964,Romania,"Ongoing, recruiting",ROU
9653,2964,Italy,"Authorised, recruiting",ITA
9654,2964,France,"Ongoing, recruiting",FRA
9655,2964,Poland,"Ongoing, recruiting",POL
9656,2965,Norway,"Ongoing, recruiting",NOR
9657,2966,Netherlands,Ended,NLD
9658,2967,Sweden,Ended,SWE
9659,2967,Italy,Ended,ITA
9660,2967,Germany,Ended,DEU
9661,2967,Spain,Ended,ESP
9662,2967,Romania,Ended,ROU
9663,2967,Poland,Ended,POL
9664,2967,France,Ended,FRA
9665,2967,Latvia,Ended,LVA
9666,2968,Czechia,"Ongoing, recruiting",CZE
9667,2968,Netherlands,"Ongoing, recruiting",NLD
9668,2968,France,"Ongoing, recruiting",FRA
9669,2968,Denmark,"Authorised, recruiting",DNK
9670,2968,Spain,"Ongoing, recruiting",ESP
9671,2968,Portugal,"Ongoing, recruiting",PRT
9672,2968,Norway,"Ongoing, recruiting",NOR
9673,2968,Belgium,"Ongoing, recruiting",BEL
9674,2968,Italy,"Ongoing, recruiting",ITA
9675,2968,Ireland,Ended,IRL
9676,2968,Finland,"Ongoing, recruiting",FIN
9677,2968,Austria,"Ongoing, recruiting",AUT
9678,2968,Sweden,"Authorised, recruiting",SWE
9679,2968,Germany,"Ongoing, recruiting",DEU
9680,2969,Netherlands,"Ongoing, recruitment ended",NLD
9681,2969,Finland,"Ongoing, recruitment ended",FIN
9682,2969,Norway,"Ongoing, recruitment ended",NOR
9683,2969,Lithuania,"Ongoing, recruitment ended",LTU
9684,2969,Austria,"Ongoing, recruitment ended",AUT
9685,2969,Germany,"Ongoing, recruitment ended",DEU
9686,2969,Sweden,"Ongoing, recruitment ended",SWE
9687,2969,Belgium,"Ongoing, recruitment ended",BEL
9688,2969,Denmark,"Ongoing, recruitment ended",DNK
9689,2970,Denmark,"Ongoing, recruiting",DNK
9690,2970,Spain,"Ongoing, recruiting",ESP
9691,2970,Netherlands,"Ongoing, recruiting",NLD
9692,2970,Germany,"Authorised, recruitment pending",DEU
9693,2970,France,"Ongoing, recruiting",FRA
9694,2970,Czechia,"Ongoing, recruiting",CZE
9695,2970,Poland,"Ongoing, recruiting",POL
9696,2970,Italy,"Ongoing, recruiting",ITA
9697,2970,Greece,"Authorised, recruiting",GRC
9698,2971,Belgium,Ended,BEL
9699,2971,France,Ended,FRA
9700,2971,Hungary,Ended,HUN
9701,2971,Italy,"Ongoing, recruitment ended",ITA
9702,2971,Denmark,Ended,DNK
9703,2971,Spain,"Ongoing, recruitment ended",ESP
9704,2971,Poland,"Ongoing, recruitment ended",POL
9705,2972,Spain,"Authorised, recruitment pending",ESP
9706,2973,Denmark,"Ongoing, recruiting",DNK
9707,2973,Germany,"Ongoing, recruiting",DEU
9708,2973,Finland,"Ongoing, recruiting",FIN
9709,2973,Slovakia,"Ongoing, recruiting",SVK
9710,2973,Spain,"Ongoing, recruiting",ESP
9711,2973,Bulgaria,"Ongoing, recruiting",BGR
9712,2973,France,"Ongoing, recruiting",FRA
9713,2973,Netherlands,"Ongoing, recruiting",NLD
9714,2973,Greece,"Ongoing, recruiting",GRC
9715,2973,Sweden,"Authorised, recruiting",SWE
9716,2973,Hungary,"Ongoing, recruiting",HUN
9717,2973,Poland,"Ongoing, recruiting",POL
9718,2973,Czechia,"Ongoing, recruiting",CZE
9719,2973,Italy,"Ongoing, recruiting",ITA
9720,2974,Germany,"Ongoing, recruitment ended",DEU
9721,2975,Belgium,"Ongoing, recruitment ended",BEL
9722,2975,Sweden,"Ongoing, recruitment ended",SWE
9723,2975,Italy,"Ongoing, recruitment ended",ITA
9724,2975,Netherlands,"Ongoing, recruitment ended",NLD
9725,2975,France,"Ongoing, recruitment ended",FRA
9726,2975,Portugal,"Ongoing, recruitment ended",PRT
9727,2975,Norway,"Ongoing, recruitment ended",NOR
9728,2975,Germany,"Ongoing, recruitment ended",DEU
9729,2975,Spain,"Ongoing, recruitment ended",ESP
9730,2975,Poland,"Ongoing, recruitment ended",POL
9731,2975,Greece,Ended,GRC
9732,2975,Austria,"Ongoing, recruitment ended",AUT
9733,2975,Hungary,Not authorised,HUN
9734,2976,France,Ended,FRA
9735,2976,Italy,Ended,ITA
9736,2976,Spain,Ended,ESP
9737,2977,Germany,"Ongoing, recruiting",DEU
9738,2977,Austria,"Authorised, recruitment pending",AUT
9739,2977,Belgium,"Ongoing, recruiting",BEL
9740,2977,Estonia,"Authorised, recruiting",EST
9741,2977,Finland,"Authorised, recruitment pending",FIN
9742,2977,Lithuania,"Authorised, recruitment pending",LTU
9743,2977,Netherlands,"Ongoing, recruiting",NLD
9744,2977,Norway,"Ongoing, recruiting",NOR
9745,2978,Czechia,"Ongoing, recruitment ended",CZE
9746,2978,Spain,"Ongoing, recruitment ended",ESP
9747,2978,Belgium,"Ongoing, recruitment ended",BEL
9748,2978,Italy,"Ongoing, recruitment ended",ITA
9749,2978,Austria,"Ongoing, recruitment ended",AUT
9750,2978,Germany,"Ongoing, recruitment ended",DEU
9751,2978,Denmark,Ended,DNK
9752,2978,Greece,Ended,GRC
9753,2978,Sweden,Ended,SWE
9754,2978,Netherlands,"Ongoing, recruitment ended",NLD
9755,2978,France,"Ongoing, recruitment ended",FRA
9756,2978,Ireland,Ended,IRL
9757,2979,Belgium,"Ongoing, recruitment ended",BEL
9758,2979,Netherlands,"Ongoing, recruitment ended",NLD
9759,2979,Denmark,"Ongoing, recruitment ended",DNK
9760,2979,France,"Ongoing, recruitment ended",FRA
9761,2979,Spain,"Ongoing, recruitment ended",ESP
9762,2980,Italy,"Authorised, recruitment pending",ITA
9763,2980,Spain,"Authorised, recruiting",ESP
9764,2980,Poland,"Authorised, recruitment pending",POL
9765,2981,Sweden,Ended,SWE
9766,2982,Germany,"Ongoing, recruiting",DEU
9767,2983,Czechia,"Ongoing, recruitment ended",CZE
9768,2983,Slovakia,"Ongoing, recruitment ended",SVK
9769,2983,Hungary,"Ongoing, recruitment ended",HUN
9770,2983,Sweden,"Ongoing, recruitment ended",SWE
9771,2983,Bulgaria,"Ongoing, recruitment ended",BGR
9772,2983,Netherlands,"Ongoing, recruitment ended",NLD
9773,2983,Poland,"Ongoing, recruitment ended",POL
9774,2983,Denmark,"Ongoing, recruitment ended",DNK
9775,2983,Spain,"Ongoing, recruitment ended",ESP
9776,2983,Austria,"Ongoing, recruitment ended",AUT
9777,2983,France,"Ongoing, recruitment ended",FRA
9778,2983,Italy,"Ongoing, recruitment ended",ITA
9779,2983,Germany,"Ongoing, recruitment ended",DEU
9780,2984,Italy,"Ongoing, recruitment ended",ITA
9781,2984,Denmark,"Ongoing, recruitment ended",DNK
9782,2984,Poland,"Ongoing, recruitment ended",POL
9783,2984,Ireland,"Ongoing, recruitment ended",IRL
9784,2984,Sweden,"Ongoing, recruitment ended",SWE
9785,2984,France,"Ongoing, recruitment ended",FRA
9786,2984,Germany,"Ongoing, recruitment ended",DEU
9787,2984,Hungary,"Ongoing, recruitment ended",HUN
9788,2984,Belgium,"Ongoing, recruitment ended",BEL
9789,2984,Spain,"Ongoing, recruitment ended",ESP
9790,2985,Spain,"Ongoing, recruiting",ESP
9791,2986,Germany,Ended,DEU
9792,2986,Spain,"Ongoing, recruitment ended",ESP
9793,2986,France,"Ongoing, recruitment ended",FRA
9794,2986,Austria,"Ongoing, recruitment ended",AUT
9795,2986,Belgium,Ended,BEL
9796,2986,Czechia,Ended,CZE
9797,2986,Italy,Ended,ITA
9798,2986,Netherlands,Ended,NLD
9799,2987,Poland,Ended,POL
9800,2987,Germany,"Ongoing, recruitment ended",DEU
9801,2987,Hungary,Ended,HUN
9802,2987,Romania,"Ongoing, recruitment ended",ROU
9803,2987,Bulgaria,"Authorised, recruiting",BGR
9804,2987,Italy,"Authorised, recruiting",ITA
9805,2987,Spain,"Ongoing, recruitment ended",ESP
9806,2987,France,"Ongoing, recruitment ended",FRA
9807,2988,France,"Ongoing, recruiting",FRA
9808,2988,Sweden,"Ongoing, recruiting",SWE
9809,2988,Poland,"Ongoing, recruiting",POL
9810,2988,Spain,"Ongoing, recruiting",ESP
9811,2988,Finland,"Ongoing, recruiting",FIN
9812,2988,Portugal,"Ongoing, recruiting",PRT
9813,2988,Belgium,"Ongoing, recruiting",BEL
9814,2988,Czechia,"Ongoing, recruiting",CZE
9815,2988,Germany,"Ongoing, recruiting",DEU
9816,2988,Greece,"Ongoing, recruiting",GRC
9817,2988,Hungary,"Ongoing, recruiting",HUN
9818,2988,Italy,"Ongoing, recruiting",ITA
9819,2988,Romania,"Ongoing, recruiting",ROU
9820,2988,Norway,"Ongoing, recruiting",NOR
9821,2989,Czechia,"Ongoing, recruiting",CZE
9822,2989,Italy,"Authorised, recruitment pending",ITA
9823,2989,Austria,"Authorised, recruitment pending",AUT
9824,2989,Belgium,"Authorised, recruitment pending",BEL
9825,2989,Spain,"Ongoing, recruiting",ESP
9826,2989,Poland,"Authorised, recruiting",POL
9827,2990,Netherlands,"Authorised, recruiting",NLD
9828,2990,Italy,"Authorised, recruiting",ITA
9829,2991,Denmark,Ended,DNK
9830,2992,Sweden,"Authorised, recruitment pending",SWE
9831,2993,Czechia,Ended,CZE
9832,2993,Netherlands,Ended,NLD
9833,2993,Belgium,Ended,BEL
9834,2993,Ireland,Ended,IRL
9835,2993,Spain,Ended,ESP
9836,2993,Italy,Ended,ITA
9837,2994,Hungary,Not authorised,HUN
9838,2994,France,"Ongoing, recruiting",FRA
9839,2994,Romania,"Authorised, recruitment pending",ROU
9840,2994,Czechia,"Authorised, recruitment pending",CZE
9841,2994,Italy,"Authorised, recruiting",ITA
9842,2994,Spain,"Ongoing, recruiting",ESP
9843,2994,Bulgaria,Ended,BGR
9844,2994,Greece,"Authorised, recruitment pending",GRC
9845,2995,Belgium,"Ongoing, recruiting",BEL
9846,2995,Netherlands,"Ongoing, recruitment ended",NLD
9847,2995,Germany,"Ongoing, recruitment ended",DEU
9848,2995,Sweden,Ended,SWE
9849,2995,Finland,Ended,FIN
9850,2995,Poland,"Ongoing, recruitment ended",POL
9851,2995,Italy,"Ongoing, recruiting",ITA
9852,2995,France,"Ongoing, recruitment ended",FRA
9853,2995,Spain,"Ongoing, recruitment ended",ESP
9854,2995,Hungary,"Ongoing, recruitment ended",HUN
9855,2995,Austria,"Ongoing, recruitment ended",AUT
9856,2996,Germany,"Ongoing, recruiting",DEU
9857,2997,Belgium,"Authorised, recruiting",BEL
9858,2997,Italy,"Authorised, recruiting",ITA
9859,2997,Spain,"Ongoing, recruiting",ESP
9860,2997,Germany,"Authorised, recruiting",DEU
9861,2997,France,"Ongoing, recruiting",FRA
9862,2997,Poland,"Ongoing, recruiting",POL
9863,2997,Czechia,"Ongoing, recruiting",CZE
9864,2997,Hungary,"Authorised, recruitment pending",HUN
9865,2998,Germany,"Ongoing, recruiting",DEU
9866,2999,Poland,"Ongoing, recruiting",POL
9867,2999,France,"Ongoing, recruiting",FRA
9868,2999,Spain,"Ongoing, recruiting",ESP
9869,2999,Czechia,"Ongoing, recruiting",CZE
9870,2999,Italy,"Ongoing, recruiting",ITA
9871,3000,Spain,"Ongoing, recruitment ended",ESP
9872,3000,Germany,"Ongoing, recruitment ended",DEU
9873,3000,Hungary,"Ongoing, recruitment ended",HUN
9874,3000,Italy,"Ongoing, recruitment ended",ITA
9875,3001,Spain,Ended,ESP
9876,3001,Czechia,Ended,CZE
9877,3001,Germany,Ended,DEU
9878,3001,France,Ended,FRA
9879,3001,Italy,Ended,ITA
9880,3001,Sweden,Ended,SWE
9881,3001,Netherlands,Ended,NLD
9882,3001,Austria,Ended,AUT
9883,3001,Belgium,Ended,BEL
9884,3001,Denmark,Ended,DNK
9885,3001,Ireland,Ended,IRL
9886,3001,Poland,Ended,POL
9887,3002,Portugal,Ended,PRT
9888,3002,Estonia,Ended,EST
9889,3002,Romania,Ended,ROU
9890,3002,France,Ended,FRA
9891,3002,Italy,Ended,ITA
9892,3002,Germany,"Ongoing, recruitment ended",DEU
9893,3002,Denmark,"Ongoing, recruitment ended",DNK
9894,3002,Belgium,Ended,BEL
9895,3002,Hungary,Ended,HUN
9896,3002,Czechia,Ended,CZE
9897,3003,Italy,"Ongoing, recruiting",ITA
9898,3004,Austria,"Ongoing, recruiting",AUT
9899,3004,Italy,"Ongoing, recruiting",ITA
9900,3004,Czechia,"Ongoing, recruiting",CZE
9901,3004,Romania,"Ongoing, recruiting",ROU
9902,3004,Sweden,"Ongoing, recruiting",SWE
9903,3004,Spain,"Ongoing, recruiting",ESP
9904,3004,France,"Ongoing, recruiting",FRA
9905,3004,Germany,"Ongoing, recruiting",DEU
9906,3005,Italy,"Authorised, recruitment pending",ITA
9907,3005,Hungary,"Authorised, recruitment pending",HUN
9908,3005,Czechia,"Authorised, recruitment pending",CZE
9909,3005,Belgium,"Authorised, recruitment pending",BEL
9910,3005,Bulgaria,"Authorised, recruitment pending",BGR
9911,3005,Germany,"Authorised, recruitment pending",DEU
9912,3006,Czechia,"Ongoing, recruiting",CZE
9913,3006,Spain,"Ongoing, recruiting",ESP
9914,3006,Poland,"Authorised, recruitment pending",POL
9915,3006,Belgium,"Ongoing, recruiting",BEL
9916,3006,Finland,"Authorised, recruiting",FIN
9917,3006,Germany,"Authorised, recruitment pending",DEU
9918,3006,France,"Ongoing, recruiting",FRA
9919,3006,Netherlands,"Ongoing, recruiting",NLD
9920,3006,Hungary,"Ongoing, recruiting",HUN
9921,3006,Denmark,"Authorised, recruitment pending",DNK
9922,3007,Bulgaria,"Authorised, recruitment pending",BGR
9923,3007,France,"Authorised, recruitment pending",FRA
9924,3007,Spain,"Authorised, recruitment pending",ESP
9925,3008,Denmark,"Authorised, recruiting",DNK
9926,3008,Italy,"Authorised, recruitment pending",ITA
9927,3008,Czechia,"Authorised, recruitment pending",CZE
9928,3008,Sweden,"Authorised, recruitment pending",SWE
9929,3008,Poland,"Authorised, recruitment pending",POL
9930,3008,Netherlands,"Authorised, recruitment pending",NLD
9931,3008,Germany,"Authorised, recruitment pending",DEU
9932,3008,Austria,"Authorised, recruitment pending",AUT
9933,3009,Belgium,"Ongoing, recruiting",BEL
9934,3009,Portugal,"Authorised, recruiting",PRT
9935,3009,Sweden,"Ongoing, recruiting",SWE
9936,3009,Italy,"Authorised, recruiting",ITA
9937,3009,France,"Ongoing, recruiting",FRA
9938,3009,Poland,"Ongoing, recruiting",POL
9939,3009,Germany,"Ongoing, recruiting",DEU
9940,3010,Germany,"Ongoing, recruitment ended",DEU
9941,3010,France,"Ongoing, recruitment ended",FRA
9942,3010,Italy,"Ongoing, recruitment ended",ITA
9943,3010,Belgium,"Ongoing, recruitment ended",BEL
9944,3010,Poland,"Ongoing, recruitment ended",POL
9945,3010,Denmark,"Ongoing, recruitment ended",DNK
9946,3010,Sweden,"Ongoing, recruitment ended",SWE
9947,3010,Spain,"Ongoing, recruitment ended",ESP
9948,3010,Portugal,"Ongoing, recruitment ended",PRT
9949,3010,Greece,"Ongoing, recruitment ended",GRC
9950,3011,Germany,"Ongoing, recruitment ended",DEU
9951,3011,Finland,"Ongoing, recruitment ended",FIN
9952,3011,Spain,"Ongoing, recruitment ended",ESP
9953,3011,Belgium,"Ongoing, recruitment ended",BEL
9954,3011,Norway,"Ongoing, recruitment ended",NOR
9955,3011,Czechia,"Ongoing, recruitment ended",CZE
9956,3011,Denmark,"Ongoing, recruitment ended",DNK
9957,3011,Slovakia,Ended,SVK
9958,3011,Italy,"Ongoing, recruitment ended",ITA
9959,3011,Sweden,"Ongoing, recruitment ended",SWE
9960,3011,Poland,"Ongoing, recruitment ended",POL
9961,3011,Bulgaria,"Ongoing, recruitment ended",BGR
9962,3011,Netherlands,"Ongoing, recruitment ended",NLD
9963,3012,France,"Authorised, recruitment pending",FRA
9964,3012,Spain,"Ongoing, recruiting",ESP
9965,3012,Poland,"Authorised, recruitment pending",POL
9966,3012,Italy,"Ongoing, recruiting",ITA
9967,3012,Czechia,"Authorised, recruiting",CZE
9968,3012,Belgium,"Ongoing, recruiting",BEL
9969,3012,Austria,"Authorised, recruitment pending",AUT
9970,3012,Netherlands,"Authorised, recruitment pending",NLD
9971,3012,Denmark,"Authorised, recruitment pending",DNK
9972,3012,Germany,"Authorised, recruiting",DEU
9973,3013,Czechia,"Authorised, recruiting",CZE
9974,3013,Slovakia,"Ongoing, recruiting",SVK
9975,3013,Poland,"Ongoing, recruiting",POL
9976,3013,Hungary,"Authorised, recruiting",HUN
9977,3013,Bulgaria,"Ongoing, recruiting",BGR
9978,3014,Spain,"Ongoing, recruiting",ESP
9979,3014,Italy,"Ongoing, recruiting",ITA
9980,3014,Portugal,"Ongoing, recruiting",PRT
9981,3014,Poland,"Ongoing, recruiting",POL
9982,3015,Netherlands,"Ongoing, recruiting",NLD
9983,3016,Germany,"Ongoing, recruiting",DEU
9984,3017,Netherlands,Ended,NLD
9985,3017,Poland,Ended,POL
9986,3017,Hungary,Ended,HUN
9987,3017,Romania,Ended,ROU
9988,3017,Germany,Ended,DEU
9989,3017,Bulgaria,Ended,BGR
9990,3017,Sweden,Ended,SWE
9991,3017,Greece,Ended,GRC
9992,3017,France,Ended,FRA
9993,3017,Spain,Ended,ESP
9994,3017,Norway,Ended,NOR
9995,3017,Italy,Ended,ITA
9996,3017,Belgium,Ended,BEL
9997,3017,Ireland,Ended,IRL
9998,3018,Spain,Ended,ESP
9999,3018,Poland,"Ongoing, recruitment ended",POL
10000,3018,Germany,"Ongoing, recruitment ended",DEU
10001,3018,France,Ended,FRA
10002,3019,Denmark,"Ongoing, recruitment ended",DNK
10003,3019,Iceland,"Ongoing, recruitment ended",ISL
10004,3020,Spain,"Authorised, recruitment pending",ESP
10005,3021,Italy,Ended,ITA
10006,3022,France,Not authorised,FRA
10007,3023,France,"Ongoing, recruitment ended",FRA
10008,3024,Spain,"Authorised, recruitment pending",ESP
10009,3025,Spain,"Ongoing, recruiting",ESP
10010,3026,Sweden,"Authorised, recruitment pending",SWE
10011,3027,Italy,Not authorised,ITA
10012,3028,France,"Authorised, recruitment pending",FRA
10013,3029,Spain,Not authorised,ESP
10014,3030,Germany,Not authorised,DEU
10015,3030,Spain,Not authorised,ESP
10016,3030,Portugal,Not authorised,PRT
10017,3031,France,Not authorised,FRA
10018,3032,Sweden,Ended,SWE
10019,3033,Denmark,"Ongoing, recruiting",DNK
10020,3034,Belgium,"Ongoing, recruiting",BEL
10021,3035,Netherlands,"Ongoing, recruiting",NLD
10022,3036,France,"Ongoing, recruitment ended",FRA
10023,3037,Sweden,"Authorised, recruitment pending",SWE
10024,3038,Sweden,"Authorised, recruitment pending",SWE
10025,3039,Sweden,"Authorised, recruitment pending",SWE
10026,3039,Norway,"Authorised, recruitment pending",NOR
10027,3040,Italy,Ended,ITA
10028,3040,Spain,Ended,ESP
10029,3040,Belgium,Ended,BEL
10030,3040,Denmark,Ended,DNK
10031,3040,Poland,Ended,POL
10032,3041,Czechia,"Authorised, recruitment pending",CZE
10033,3042,France,"Ongoing, recruiting",FRA
10034,3043,Spain,Not authorised,ESP
10035,3043,Czechia,Not authorised,CZE
10036,3043,Poland,Not authorised,POL
10037,3043,Denmark,Not authorised,DNK
10038,3043,Greece,Not authorised,GRC
10039,3043,Italy,Not authorised,ITA
10040,3044,Belgium,Not authorised,BEL
10041,3045,Spain,Expired,ESP
10042,3046,Denmark,"Ongoing, recruitment ended",DNK
10043,3047,Netherlands,Suspended,NLD
10044,3048,Spain,"Ongoing, recruiting",ESP
10045,3049,Spain,"Authorised, recruitment pending",ESP
10046,3050,Netherlands,"Ongoing, recruitment ended",NLD
10047,3051,Spain,Not authorised,ESP
10048,3052,Spain,"Ongoing, recruiting",ESP
10049,3053,Netherlands,"Ongoing, recruiting",NLD
10050,3054,Netherlands,Ended,NLD
10051,3055,Norway,"Authorised, recruitment pending",NOR
10052,3056,Belgium,Ended,BEL
10053,3056,France,Ended,FRA
10054,3056,Poland,Ended,POL
10055,3056,Italy,Ended,ITA
10056,3056,Netherlands,Ended,NLD
10057,3056,Spain,Ended,ESP
10058,3056,Germany,Ended,DEU
10059,3057,Spain,"Authorised, recruitment pending",ESP
10060,3058,Denmark,"Authorised, recruitment pending",DNK
10061,3059,France,"Ongoing, recruitment ended",FRA
10062,3060,Netherlands,Ended,NLD
10063,3060,France,Ended,FRA
10064,3060,Spain,Ended,ESP
10065,3060,Italy,Ended,ITA
10066,3061,Norway,"Ongoing, recruitment ended",NOR
10067,3061,Denmark,"Ongoing, recruitment ended",DNK
10068,3062,Czechia,"Ongoing, recruitment ended",CZE
10069,3062,France,"Ongoing, recruitment ended",FRA
10070,3063,Germany,Ended,DEU
10071,3063,Spain,Ended,ESP
10072,3063,France,Ended,FRA
10073,3063,Belgium,Ended,BEL
10074,3063,Italy,Ended,ITA
10075,3064,Sweden,"Ongoing, recruiting",SWE
10076,3065,Italy,"Authorised, recruitment pending",ITA
10077,3066,France,Ended,FRA
10078,3067,France,"Ongoing, recruitment ended",FRA
10079,3068,Italy,Ended,ITA
10080,3069,France,Ended,FRA
10081,3070,Netherlands,"Ongoing, recruiting",NLD
10082,3071,France,"Ongoing, recruiting",FRA
10083,3072,France,"Authorised, recruitment pending",FRA
10084,3073,Denmark,"Ongoing, recruiting",DNK
10085,3074,Netherlands,"Authorised, recruitment pending",NLD
10086,3075,Finland,Ended,FIN
10087,3076,Netherlands,"Authorised, recruitment pending",NLD
10088,3077,Belgium,"Ongoing, recruiting",BEL
10089,3078,Netherlands,"Ongoing, recruiting",NLD
10090,3079,Spain,"Ongoing, recruiting",ESP
10091,3080,France,"Ongoing, recruiting",FRA
10092,3080,Belgium,"Authorised, recruitment pending",BEL
10093,3081,France,"Ongoing, recruiting",FRA
10094,3082,Netherlands,Ended,NLD
10095,3083,France,"Authorised, recruiting",FRA
10096,3084,Denmark,"Ongoing, recruitment ended",DNK
10097,3085,Italy,"Ongoing, recruiting",ITA
10098,3086,Italy,"Ongoing, recruiting",ITA
10099,3087,Netherlands,"Ongoing, recruitment ended",NLD
10100,3088,Italy,"Authorised, recruitment pending",ITA
10101,3089,France,"Ongoing, recruitment ended",FRA
10102,3090,Austria,"Authorised, recruitment pending",AUT
10103,3091,Netherlands,"Ongoing, recruiting",NLD
10104,3091,France,"Authorised, recruiting",FRA
10105,3092,Italy,Ended,ITA
10106,3092,Spain,"Ongoing, recruitment ended",ESP
10107,3092,France,"Ongoing, recruitment ended",FRA
10108,3092,Belgium,"Ongoing, recruitment ended",BEL
10109,3093,Italy,"Ongoing, recruitment ended",ITA
10110,3094,Sweden,"Ongoing, recruiting",SWE
10111,3095,Italy,"Authorised, recruitment pending",ITA
10112,3096,Netherlands,"Ongoing, recruiting",NLD
10113,3097,Germany,"Ongoing, recruiting",DEU
10114,3098,Italy,"Ongoing, recruitment ended",ITA
10115,3099,Spain,Not authorised,ESP
10116,3099,Austria,Not authorised,AUT
10117,3100,Germany,"Ongoing, recruitment ended",DEU
10118,3101,Czechia,Ended,CZE
10119,3101,Bulgaria,Ended,BGR
10120,3101,Poland,Ended,POL
10121,3102,Spain,"Ongoing, recruiting",ESP
10122,3103,Spain,Ended,ESP
10123,3103,Norway,Ended,NOR
10124,3104,France,Ended,FRA
10125,3104,Spain,Ended,ESP
10126,3105,Italy,"Ongoing, recruitment ended",ITA
10127,3106,Spain,"Ongoing, recruiting",ESP
10128,3106,Germany,"Ongoing, recruiting",DEU
10129,3106,Austria,"Ongoing, recruiting",AUT
10130,3107,Hungary,Ended,HUN
10131,3107,Norway,Ended,NOR
10132,3107,Croatia,Ended,HRV
10133,3107,Denmark,Ended,DNK
10134,3107,Slovakia,Ended,SVK
10135,3107,Belgium,Ended,BEL
10136,3107,Netherlands,Ended,NLD
10137,3107,Sweden,Ended,SWE
10138,3107,Italy,Ended,ITA
10139,3107,Portugal,Ended,PRT
10140,3107,Slovenia,Ended,SVN
10141,3107,France,Ended,FRA
10142,3107,Poland,Ended,POL
10143,3107,Bulgaria,Ended,BGR
10144,3108,Denmark,Ended,DNK
10145,3108,France,Ended,FRA
10146,3108,Italy,Ended,ITA
10147,3109,France,"Ongoing, recruitment ended",FRA
10148,3110,France,"Authorised, recruiting",FRA
10149,3111,France,"Authorised, recruitment pending",FRA
10150,3112,Spain,Ended,ESP
10151,3112,France,Ended,FRA
10152,3113,Poland,"Ongoing, recruitment ended",POL
10153,3114,Netherlands,"Ongoing, recruitment ended",NLD
10154,3115,Netherlands,"Ongoing, recruitment ended",NLD
10155,3116,Netherlands,Ended,NLD
10156,3117,Netherlands,"Ongoing, recruitment ended",NLD
10157,3118,France,"Ongoing, recruiting",FRA
10158,3118,Netherlands,"Ongoing, recruiting",NLD
10159,3118,Denmark,"Ongoing, recruiting",DNK
10160,3119,France,Ended,FRA
10161,3119,Romania,Ended,ROU
10162,3120,Spain,"Ongoing, recruitment ended",ESP
10163,3120,Netherlands,"Ongoing, recruitment ended",NLD
10164,3120,Germany,"Ongoing, recruitment ended",DEU
10165,3120,France,Ended,FRA
10166,3120,Belgium,"Ongoing, recruitment ended",BEL
10167,3121,Italy,"Authorised, recruitment pending",ITA
10168,3122,Sweden,"Ongoing, recruitment ended",SWE
10169,3123,Sweden,Ended,SWE
10170,3123,Spain,Ended,ESP
10171,3123,Denmark,Ended,DNK
10172,3123,Italy,Ended,ITA
10173,3123,Norway,Ended,NOR
10174,3123,Portugal,Ended,PRT
10175,3124,Denmark,"Ongoing, recruiting",DNK
10176,3125,Italy,Ended,ITA
10177,3126,Belgium,"Authorised, recruitment pending",BEL
10178,3127,Italy,"Authorised, recruitment pending",ITA
10179,3128,France,"Ongoing, recruitment ended",FRA
10180,3129,Germany,Ended,DEU
10181,3129,France,Ended,FRA
10182,3129,Norway,Ended,NOR
10183,3129,Denmark,Ended,DNK
10184,3129,Sweden,Ended,SWE
10185,3129,Spain,Ended,ESP
10186,3129,Italy,Ended,ITA
10187,3129,Belgium,Ended,BEL
10188,3130,Netherlands,"Authorised, recruitment pending",NLD
10189,3130,Belgium,"Ongoing, recruiting",BEL
10190,3131,Spain,Ended,ESP
10191,3131,Netherlands,Ended,NLD
10192,3131,Italy,Ended,ITA
10193,3132,Netherlands,Ended,NLD
10194,3133,Germany,"Ongoing, recruitment ended",DEU
10195,3134,Spain,Ended,ESP
10196,3135,Austria,Ended,AUT
10197,3136,France,Ended,FRA
10198,3137,Netherlands,"Ongoing, recruiting",NLD
10199,3138,France,"Ongoing, recruiting",FRA
10200,3139,Germany,Ended,DEU
10201,3140,Portugal,"Ongoing, recruiting",PRT
10202,3141,Poland,Ended,POL
10203,3141,Italy,Ended,ITA
10204,3141,Czechia,Ended,CZE
10205,3142,Belgium,"Ongoing, recruiting",BEL
10206,3143,France,"Authorised, recruiting",FRA
10207,3144,Netherlands,"Ongoing, recruitment ended",NLD
10208,3145,Italy,"Ongoing, recruiting",ITA
10209,3146,Italy,Ended,ITA
10210,3147,France,"Authorised, recruitment pending",FRA
10211,3148,Netherlands,"Ongoing, recruitment ended",NLD
10212,3149,Poland,"Authorised, recruitment pending",POL
10213,3150,Italy,"Ongoing, recruiting",ITA
10214,3151,Spain,Ended,ESP
10215,3151,Germany,Ended,DEU
10216,3152,Germany,Ended,DEU
10217,3152,Poland,Ended,POL
10218,3152,Austria,Ended,AUT
10219,3152,Czechia,Ended,CZE
10220,3152,Portugal,Ended,PRT
10221,3152,Spain,Ended,ESP
10222,3152,Bulgaria,Ended,BGR
10223,3152,France,Ended,FRA
10224,3152,Romania,Ended,ROU
10225,3152,Belgium,Ended,BEL
10226,3152,Italy,Ended,ITA
10227,3152,Hungary,Ended,HUN
10228,3153,Sweden,"Ongoing, recruiting",SWE
10229,3154,Sweden,"Ongoing, recruitment ended",SWE
10230,3155,Germany,"Ongoing, recruitment ended",DEU
10231,3155,Poland,"Ongoing, recruitment ended",POL
10232,3155,Spain,"Ongoing, recruitment ended",ESP
10233,3155,France,"Ongoing, recruitment ended",FRA
10234,3155,Austria,"Ongoing, recruitment ended",AUT
10235,3155,Belgium,"Ongoing, recruitment ended",BEL
10236,3155,Bulgaria,"Ongoing, recruitment ended",BGR
10237,3155,Greece,"Ongoing, recruitment ended",GRC
10238,3155,Italy,"Ongoing, recruitment ended",ITA
10239,3156,Norway,"Ongoing, recruitment ended",NOR
10240,3157,Denmark,"Ongoing, recruitment ended",DNK
10241,3157,France,"Ongoing, recruitment ended",FRA
10242,3157,Poland,"Ongoing, recruitment ended",POL
10243,3158,Spain,"Ongoing, recruitment ended",ESP
10244,3158,Netherlands,"Ongoing, recruitment ended",NLD
10245,3158,Poland,"Ongoing, recruitment ended",POL
10246,3159,Italy,"Ongoing, recruiting",ITA
10247,3160,Belgium,Ended,BEL
10248,3160,France,Ended,FRA
10249,3161,Spain,"Ongoing, recruiting",ESP
10250,3162,Germany,Ended,DEU
10251,3162,Denmark,Ended,DNK
10252,3162,Spain,Ended,ESP
10253,3163,France,Ended,FRA
10254,3164,Spain,Ended,ESP
10255,3165,Spain,Ended,ESP
10256,3166,Spain,Ended,ESP
10257,3166,Ireland,Ended,IRL
10258,3166,Italy,Ended,ITA
10259,3166,Belgium,Ended,BEL
10260,3166,Germany,Ended,DEU
10261,3166,France,Ended,FRA
10262,3167,France,"Ongoing, recruiting",FRA
10263,3168,France,"Ongoing, recruitment ended",FRA
10264,3168,Romania,"Ongoing, recruitment ended",ROU
10265,3168,Netherlands,"Ongoing, recruitment ended",NLD
10266,3168,Germany,"Ongoing, recruitment ended",DEU
10267,3168,Bulgaria,"Ongoing, recruitment ended",BGR
10268,3168,Italy,"Ongoing, recruitment ended",ITA
10269,3169,Spain,"Ongoing, recruiting",ESP
10270,3170,France,Ended,FRA
10271,3171,Spain,Ended,ESP
10272,3172,Hungary,"Ongoing, recruitment ended",HUN
10273,3172,Poland,"Ongoing, recruitment ended",POL
10274,3172,Austria,"Ongoing, recruitment ended",AUT
10275,3172,France,"Ongoing, recruitment ended",FRA
10276,3172,Netherlands,"Ongoing, recruitment ended",NLD
10277,3172,Italy,"Ongoing, recruitment ended",ITA
10278,3172,Spain,"Ongoing, recruitment ended",ESP
10279,3172,Belgium,"Ongoing, recruitment ended",BEL
10280,3172,Germany,"Ongoing, recruitment ended",DEU
10281,3173,Germany,Ended,DEU
10282,3173,Hungary,Ended,HUN
10283,3173,Slovakia,Ended,SVK
10284,3173,Italy,Ended,ITA
10285,3173,Netherlands,Ended,NLD
10286,3173,Ireland,Ended,IRL
10287,3173,Romania,Ended,ROU
10288,3173,Portugal,Ended,PRT
10289,3173,Czechia,Ended,CZE
10290,3173,Croatia,Ended,HRV
10291,3173,Poland,Ended,POL
10292,3173,Spain,Ended,ESP
10293,3173,Latvia,Ended,LVA
10294,3173,Bulgaria,Ended,BGR
10295,3173,France,Ended,FRA
10296,3174,Sweden,"Ongoing, recruiting",SWE
10297,3174,Spain,"Ongoing, recruiting",ESP
10298,3175,Netherlands,"Authorised, recruitment pending",NLD
10299,3176,France,Ended,FRA
10300,3176,Netherlands,Ended,NLD
10301,3177,Netherlands,"Ongoing, recruiting",NLD
10302,3178,Italy,"Ongoing, recruitment ended",ITA
10303,3179,Hungary,Ended,HUN
10304,3179,Spain,Ended,ESP
10305,3179,Italy,Ended,ITA
10306,3179,Poland,Ended,POL
10307,3179,Norway,Ended,NOR
10308,3179,France,Ended,FRA
10309,3179,Germany,Ended,DEU
10310,3180,Denmark,"Ongoing, recruiting",DNK
10311,3181,Denmark,"Ongoing, recruiting",DNK
10312,3182,Germany,"Ongoing, recruitment ended",DEU
10313,3183,Sweden,"Ongoing, recruiting",SWE
10314,3183,Germany,"Ongoing, recruiting",DEU
10315,3183,Netherlands,"Ongoing, recruiting",NLD
10316,3184,Belgium,Ended,BEL
10317,3184,Netherlands,Ended,NLD
10318,3185,Spain,"Authorised, recruitment pending",ESP
10319,3185,Italy,"Ongoing, recruiting",ITA
10320,3186,France,Ended,FRA
10321,3187,Spain,"Ongoing, recruiting",ESP
10322,3188,Netherlands,Ended,NLD
10323,3189,Sweden,"Ongoing, recruiting",SWE
10324,3190,Slovakia,Ended,SVK
10325,3191,Spain,"Ongoing, recruitment ended",ESP
10326,3192,Spain,Ended,ESP
10327,3192,Bulgaria,"Ongoing, recruiting",BGR
10328,3192,Poland,"Ongoing, recruiting",POL
10329,3193,Norway,"Ongoing, recruiting",NOR
10330,3194,France,"Ongoing, recruitment ended",FRA
10331,3195,Denmark,"Ongoing, recruiting",DNK
10332,3196,France,"Ongoing, recruiting",FRA
10333,3197,Germany,Ended,DEU
10334,3198,Norway,Ended,NOR
10335,3199,Poland,Ended,POL
10336,3199,France,Ended,FRA
10337,3199,Italy,Ended,ITA
10338,3200,Austria,Ended,AUT
10339,3200,Germany,Ended,DEU
10340,3201,France,Ended,FRA
10341,3201,Belgium,Ended,BEL
10342,3201,Spain,Ended,ESP
10343,3201,Poland,Ended,POL
10344,3201,Italy,Ended,ITA
10345,3201,Germany,Ended,DEU
10346,3202,Spain,Ended,ESP
10347,3202,Netherlands,Ended,NLD
10348,3202,Austria,Ended,AUT
10349,3202,France,Ended,FRA
10350,3203,France,"Ongoing, recruitment ended",FRA
10351,3204,Netherlands,"Authorised, recruitment pending",NLD
10352,3205,France,"Authorised, recruitment pending",FRA
10353,3205,Denmark,"Authorised, recruitment pending",DNK
10354,3205,Germany,"Authorised, recruitment pending",DEU
10355,3205,Belgium,"Authorised, recruitment pending",BEL
10356,3205,Netherlands,"Authorised, recruitment pending",NLD
10357,3206,Spain,"Ongoing, recruitment ended",ESP
10358,3207,Spain,Ended,ESP
10359,3207,Poland,Ended,POL
10360,3208,Poland,"Ongoing, recruiting",POL
10361,3208,Germany,"Ongoing, recruiting",DEU
10362,3208,France,"Ongoing, recruiting",FRA
10363,3208,Spain,"Ongoing, recruiting",ESP
10364,3209,Denmark,"Ongoing, recruiting",DNK
10365,3209,Norway,"Ongoing, recruiting",NOR
10366,3209,Germany,"Authorised, recruitment pending",DEU
10367,3210,France,Ended,FRA
10368,3210,Germany,Ended,DEU
10369,3210,Austria,Ended,AUT
10370,3210,Spain,Ended,ESP
10371,3210,Netherlands,Ended,NLD
10372,3210,Croatia,Ended,HRV
10373,3210,Romania,Ended,ROU
10374,3210,Bulgaria,Ended,BGR
10375,3210,Italy,Ended,ITA
10376,3210,Poland,Ended,POL
10377,3211,Italy,"Authorised, recruitment pending",ITA
10378,3212,Hungary,Ended,HUN
10379,3213,France,"Ongoing, recruitment ended",FRA
10380,3214,Italy,"Ongoing, recruiting",ITA
10381,3215,Spain,Ended,ESP
10382,3215,Belgium,Ended,BEL
10383,3215,France,Ended,FRA
10384,3215,Italy,Ended,ITA
10385,3216,Germany,"Ongoing, recruitment ended",DEU
10386,3216,Portugal,"Ongoing, recruitment ended",PRT
10387,3216,Belgium,"Ongoing, recruitment ended",BEL
10388,3216,France,"Ongoing, recruitment ended",FRA
10389,3216,Spain,"Ongoing, recruitment ended",ESP
10390,3216,Italy,"Ongoing, recruitment ended",ITA
10391,3217,Germany,"Ongoing, recruiting",DEU
10392,3217,Italy,"Authorised, recruitment pending",ITA
10393,3218,Denmark,Ended,DNK
10394,3218,Spain,Ended,ESP
10395,3218,France,Ended,FRA
10396,3219,France,Ended,FRA
10397,3220,Netherlands,"Ongoing, recruiting",NLD
10398,3221,Austria,Ended,AUT
10399,3221,Ireland,Ended,IRL
10400,3221,Spain,Ended,ESP
10401,3222,Belgium,"Ongoing, recruitment ended",BEL
10402,3222,Germany,"Ongoing, recruitment ended",DEU
10403,3222,Poland,"Ongoing, recruitment ended",POL
10404,3222,Bulgaria,"Ongoing, recruitment ended",BGR
10405,3222,France,"Ongoing, recruitment ended",FRA
10406,3222,Italy,"Ongoing, recruitment ended",ITA
10407,3223,Spain,"Authorised, recruitment pending",ESP
10408,3224,Belgium,Ended,BEL
10409,3224,Germany,Ended,DEU
10410,3224,France,Ended,FRA
10411,3224,Italy,Ended,ITA
10412,3224,Poland,Ended,POL
10413,3224,Spain,Ended,ESP
10414,3224,Czechia,Ended,CZE
10415,3225,Belgium,"Ongoing, recruitment ended",BEL
10416,3226,Italy,"Ongoing, recruitment ended",ITA
10417,3226,France,"Ongoing, recruitment ended",FRA
10418,3227,Spain,Ended,ESP
10419,3227,Latvia,Ended,LVA
10420,3227,Lithuania,Ended,LTU
10421,3228,France,"Ongoing, recruiting",FRA
10422,3229,Spain,"Ongoing, recruitment ended",ESP
10423,3229,Germany,"Ongoing, recruitment ended",DEU
10424,3229,Italy,"Ongoing, recruitment ended",ITA
10425,3229,France,"Ongoing, recruitment ended",FRA
10426,3229,Poland,"Ongoing, recruitment ended",POL
10427,3230,France,"Ongoing, recruiting",FRA
10428,3231,Spain,"Ongoing, recruitment ended",ESP
10429,3232,Spain,Ended,ESP
10430,3232,Greece,Ended,GRC
10431,3232,Germany,Ended,DEU
10432,3232,Poland,Ended,POL
10433,3232,Bulgaria,Ended,BGR
10434,3232,France,Ended,FRA
10435,3233,Belgium,"Ongoing, recruitment ended",BEL
10436,3233,Norway,"Ongoing, recruitment ended",NOR
10437,3233,Spain,"Ongoing, recruitment ended",ESP
10438,3233,France,"Ongoing, recruitment ended",FRA
10439,3233,Netherlands,"Ongoing, recruitment ended",NLD
10440,3233,Italy,"Ongoing, recruitment ended",ITA
10441,3233,Sweden,"Ongoing, recruitment ended",SWE
10442,3233,Denmark,"Ongoing, recruitment ended",DNK
10443,3234,Spain,"Ongoing, recruitment ended",ESP
10444,3235,Netherlands,Ended,NLD
10445,3236,France,"Ongoing, recruitment ended",FRA
10446,3236,Belgium,"Ongoing, recruitment ended",BEL
10447,3236,Poland,"Ongoing, recruitment ended",POL
10448,3236,Germany,"Ongoing, recruitment ended",DEU
10449,3236,Portugal,"Ongoing, recruitment ended",PRT
10450,3236,Denmark,"Ongoing, recruitment ended",DNK
10451,3236,Spain,"Ongoing, recruitment ended",ESP
10452,3236,Italy,"Ongoing, recruitment ended",ITA
10453,3237,Belgium,Ended,BEL
10454,3237,Poland,Ended,POL
10455,3237,Italy,Ended,ITA
10456,3237,Netherlands,Ended,NLD
10457,3237,Spain,Ended,ESP
10458,3238,Netherlands,Ended,NLD
10459,3238,France,Ended,FRA
10460,3238,Spain,Ended,ESP
10461,3239,Denmark,"Ongoing, recruitment ended",DNK
10462,3240,Belgium,"Ongoing, recruiting",BEL
10463,3240,Romania,"Ongoing, recruiting",ROU
10464,3240,Germany,"Ongoing, recruiting",DEU
10465,3240,Poland,"Ongoing, recruiting",POL
10466,3240,Hungary,"Ongoing, recruiting",HUN
10467,3240,Italy,"Ongoing, recruiting",ITA
10468,3240,France,"Ongoing, recruiting",FRA
10469,3240,Spain,"Ongoing, recruiting",ESP
10470,3240,Norway,"Ongoing, recruiting",NOR
10471,3240,Greece,"Ongoing, recruiting",GRC
10472,3241,Denmark,"Ongoing, recruiting",DNK
10473,3241,Norway,"Ongoing, recruiting",NOR
10474,3241,Sweden,"Authorised, recruitment pending",SWE
10475,3242,Netherlands,"Ongoing, recruiting",NLD
10476,3243,Norway,"Ongoing, recruiting",NOR
10477,3244,Italy,"Authorised, recruitment pending",ITA
10478,3245,Spain,"Ongoing, recruitment ended",ESP
10479,3246,Austria,Ended,AUT
10480,3247,Germany,Ended,DEU
10481,3248,Netherlands,"Ongoing, recruiting",NLD
10482,3249,Spain,"Ongoing, recruitment ended",ESP
10483,3249,France,"Ongoing, recruitment ended",FRA
10484,3250,Norway,"Ongoing, recruiting",NOR
10485,3250,Belgium,"Ongoing, recruiting",BEL
10486,3250,Spain,"Ongoing, recruiting",ESP
10487,3250,Denmark,"Ongoing, recruiting",DNK
10488,3250,Czechia,"Ongoing, recruiting",CZE
10489,3250,Sweden,"Ongoing, recruiting",SWE
10490,3250,France,"Ongoing, recruiting",FRA
10491,3250,Netherlands,"Ongoing, recruiting",NLD
10492,3250,Germany,"Ongoing, recruiting",DEU
10493,3250,Italy,"Ongoing, recruiting",ITA
10494,3250,Finland,"Ongoing, recruiting",FIN
10495,3250,Greece,"Ongoing, recruiting",GRC
10496,3250,Croatia,"Ongoing, recruiting",HRV
10497,3250,Portugal,"Ongoing, recruiting",PRT
10498,3250,Slovenia,"Authorised, recruiting",SVN
10499,3250,Slovakia,"Ongoing, recruiting",SVK
10500,3251,France,"Ongoing, recruitment ended",FRA
10501,3252,Spain,"Ongoing, recruitment ended",ESP
10502,3252,Belgium,"Ongoing, recruitment ended",BEL
10503,3253,Bulgaria,"Ongoing, recruitment ended",BGR
10504,3253,Italy,Ended,ITA
10505,3253,Netherlands,"Ongoing, recruitment ended",NLD
10506,3253,Germany,"Ongoing, recruitment ended",DEU
10507,3253,Belgium,"Ongoing, recruitment ended",BEL
10508,3253,Spain,"Ongoing, recruitment ended",ESP
10509,3253,Romania,"Ongoing, recruitment ended",ROU
10510,3253,France,"Ongoing, recruitment ended",FRA
10511,3254,Spain,Ended,ESP
10512,3255,Italy,Expired,ITA
10513,3256,France,"Ongoing, recruiting",FRA
10514,3257,Poland,Ended,POL
10515,3258,Spain,"Ongoing, recruiting",ESP
10516,3259,Germany,"Ongoing, recruiting",DEU
10517,3260,France,"Ongoing, recruiting",FRA
10518,3261,Italy,"Ongoing, recruitment ended",ITA
10519,3261,Spain,Ended,ESP
10520,3262,Italy,"Authorised, recruitment pending",ITA
10521,3262,Spain,"Ongoing, recruiting",ESP
10522,3262,Belgium,"Authorised, recruitment pending",BEL
10523,3262,France,"Ongoing, recruiting",FRA
10524,3263,Italy,"Authorised, recruitment pending",ITA
10525,3264,Spain,"Ongoing, recruitment ended",ESP
10526,3264,France,"Ongoing, recruitment ended",FRA
10527,3264,Portugal,"Ongoing, recruitment ended",PRT
10528,3264,Finland,"Ongoing, recruitment ended",FIN
10529,3264,Italy,"Ongoing, recruitment ended",ITA
10530,3264,Germany,"Ongoing, recruitment ended",DEU
10531,3264,Netherlands,"Ongoing, recruitment ended",NLD
10532,3264,Austria,"Ongoing, recruitment ended",AUT
10533,3264,Poland,"Ongoing, recruitment ended",POL
10534,3264,Hungary,"Ongoing, recruitment ended",HUN
10535,3264,Belgium,"Ongoing, recruitment ended",BEL
10536,3264,Greece,"Ongoing, recruitment ended",GRC
10537,3264,Norway,"Ongoing, recruitment ended",NOR
10538,3265,Germany,"Ongoing, recruitment ended",DEU
10539,3266,Germany,"Ongoing, recruitment ended",DEU
10540,3266,France,"Ongoing, recruitment ended",FRA
10541,3266,Spain,"Ongoing, recruitment ended",ESP
10542,3266,Italy,"Ongoing, recruitment ended",ITA
10543,3266,Portugal,"Ongoing, recruitment ended",PRT
10544,3267,Spain,Ended,ESP
10545,3267,Germany,Ended,DEU
10546,3267,France,Ended,FRA
10547,3267,Denmark,Ended,DNK
10548,3267,Hungary,Ended,HUN
10549,3267,Czechia,Ended,CZE
10550,3267,Italy,Ended,ITA
10551,3268,Germany,Ended,DEU
10552,3269,Hungary,"Ongoing, recruitment ended",HUN
10553,3269,France,"Ongoing, recruitment ended",FRA
10554,3269,Poland,"Ongoing, recruitment ended",POL
10555,3269,Belgium,"Ongoing, recruitment ended",BEL
10556,3269,Czechia,"Ongoing, recruitment ended",CZE
10557,3269,Spain,"Ongoing, recruitment ended",ESP
10558,3270,Netherlands,"Ongoing, recruiting",NLD
10559,3271,Belgium,"Ongoing, recruitment ended",BEL
10560,3271,Spain,"Ongoing, recruitment ended",ESP
10561,3271,Italy,"Ongoing, recruitment ended",ITA
10562,3272,Ireland,"Ongoing, recruitment ended",IRL
10563,3273,Spain,Ended,ESP
10564,3273,Italy,Ended,ITA
10565,3273,France,Ended,FRA
10566,3273,Germany,Ended,DEU
10567,3274,Spain,"Authorised, recruiting",ESP
10568,3274,Greece,"Ongoing, recruiting",GRC
10569,3274,Italy,"Authorised, recruitment pending",ITA
10570,3274,France,"Ongoing, recruiting",FRA
10571,3274,Czechia,"Ongoing, recruiting",CZE
10572,3274,Austria,"Ongoing, recruiting",AUT
10573,3275,Netherlands,"Ongoing, recruiting",NLD
10574,3276,France,"Ongoing, recruiting",FRA
10575,3277,Belgium,"Ongoing, recruitment ended",BEL
10576,3277,Spain,"Ongoing, recruitment ended",ESP
10577,3278,Poland,"Ongoing, recruiting",POL
10578,3279,France,"Ongoing, recruiting",FRA
10579,3280,Netherlands,"Ongoing, recruiting",NLD
10580,3281,Poland,Not authorised,POL
10581,3281,Sweden,"Ongoing, recruiting",SWE
10582,3281,Belgium,"Ongoing, recruiting",BEL
10583,3281,Germany,"Ongoing, recruiting",DEU
10584,3281,Austria,"Ongoing, recruiting",AUT
10585,3281,Italy,"Authorised, recruitment pending",ITA
10586,3282,France,Ended,FRA
10587,3282,Netherlands,Ended,NLD
10588,3283,France,"Ongoing, recruiting",FRA
10589,3284,Spain,"Ongoing, recruitment ended",ESP
10590,3284,Poland,"Ongoing, recruitment ended",POL
10591,3284,Italy,"Ongoing, recruitment ended",ITA
10592,3284,Germany,Ended,DEU
10593,3285,Germany,"Ongoing, recruitment ended",DEU
10594,3285,Netherlands,"Ongoing, recruitment ended",NLD
10595,3285,France,"Ongoing, recruitment ended",FRA
10596,3285,Spain,"Ongoing, recruitment ended",ESP
10597,3285,Italy,"Ongoing, recruitment ended",ITA
10598,3285,Norway,"Ongoing, recruitment ended",NOR
10599,3285,Poland,"Ongoing, recruitment ended",POL
10600,3286,Italy,Ended,ITA
10601,3287,Italy,"Ongoing, recruitment ended",ITA
10602,3287,France,"Ongoing, recruitment ended",FRA
10603,3287,Spain,"Ongoing, recruitment ended",ESP
10604,3288,Italy,"Ongoing, recruiting",ITA
10605,3288,Spain,"Ongoing, recruiting",ESP
10606,3288,Czechia,"Ongoing, recruiting",CZE
10607,3288,Belgium,"Ongoing, recruiting",BEL
10608,3289,Spain,"Ongoing, recruiting",ESP
10609,3289,Finland,"Ongoing, recruiting",FIN
10610,3289,France,"Ongoing, recruiting",FRA
10611,3290,Spain,"Ongoing, recruiting",ESP
10612,3290,Germany,"Ongoing, recruiting",DEU
10613,3291,Italy,"Ongoing, recruiting",ITA
10614,3291,Portugal,"Authorised, recruitment pending",PRT
10615,3292,Slovenia,"Authorised, recruitment pending",SVN
10616,3293,Czechia,"Ongoing, recruitment ended",CZE
10617,3293,Romania,"Ongoing, recruitment ended",ROU
10618,3293,Austria,"Ongoing, recruitment ended",AUT
10619,3293,Italy,"Ongoing, recruitment ended",ITA
10620,3293,Ireland,"Ongoing, recruitment ended",IRL
10621,3293,Spain,"Ongoing, recruitment ended",ESP
10622,3293,France,"Ongoing, recruitment ended",FRA
10623,3293,Belgium,"Ongoing, recruitment ended",BEL
10624,3293,Bulgaria,"Ongoing, recruitment ended",BGR
10625,3293,Germany,Ended,DEU
10626,3293,Greece,"Ongoing, recruitment ended",GRC
10627,3293,Portugal,"Ongoing, recruitment ended",PRT
10628,3293,Netherlands,Ended,NLD
10629,3293,Poland,"Ongoing, recruitment ended",POL
10630,3294,Italy,"Ongoing, recruitment ended",ITA
10631,3294,Denmark,"Ongoing, recruitment ended",DNK
10632,3295,France,"Ongoing, recruiting",FRA
10633,3296,France,Ended,FRA
10634,3296,Italy,Ended,ITA
10635,3296,Germany,Ended,DEU
10636,3296,Belgium,Ended,BEL
10637,3296,Spain,Ended,ESP
10638,3297,Poland,Ended,POL
10639,3297,France,Ended,FRA
10640,3297,Spain,Ended,ESP
10641,3297,Italy,Ended,ITA
10642,3297,Germany,Ended,DEU
10643,3297,Netherlands,Ended,NLD
10644,3298,Czechia,"Ongoing, recruitment ended",CZE
10645,3298,Spain,Ended,ESP
10646,3298,Romania,"Ongoing, recruitment ended",ROU
10647,3299,Germany,"Ongoing, recruiting",DEU
10648,3299,Spain,"Ongoing, recruitment ended",ESP
10649,3300,Germany,"Authorised, recruiting",DEU
10650,3300,Spain,"Ongoing, recruiting",ESP
10651,3300,Norway,"Ongoing, recruiting",NOR
10652,3301,Spain,"Ongoing, recruiting",ESP
10653,3301,France,"Ongoing, recruiting",FRA
10654,3301,Italy,"Ongoing, recruiting",ITA
10655,3302,Denmark,"Ongoing, recruiting",DNK
10656,3302,Sweden,"Ongoing, recruiting",SWE
10657,3302,Czechia,"Ongoing, recruiting",CZE
10658,3303,Spain,"Ongoing, recruiting",ESP
10659,3303,France,"Ongoing, recruiting",FRA
10660,3303,Italy,"Ongoing, recruiting",ITA
10661,3303,Germany,"Ongoing, recruiting",DEU
10662,3304,Italy,"Ongoing, recruitment ended",ITA
10663,3304,France,"Ongoing, recruitment ended",FRA
10664,3304,Belgium,"Ongoing, recruitment ended",BEL
10665,3304,Spain,"Ongoing, recruitment ended",ESP
10666,3305,Denmark,Ended,DNK
10667,3305,Sweden,Ended,SWE
10668,3306,Netherlands,"Ongoing, recruiting",NLD
10669,3307,Denmark,"Ongoing, recruiting",DNK
10670,3307,Spain,"Ongoing, recruiting",ESP
10671,3307,Netherlands,"Authorised, recruitment pending",NLD
10672,3308,France,"Ongoing, recruitment ended",FRA
10673,3309,Spain,"Ongoing, recruitment ended",ESP
10674,3309,Italy,"Ongoing, recruitment ended",ITA
10675,3309,Belgium,"Ongoing, recruitment ended",BEL
10676,3309,France,"Ongoing, recruitment ended",FRA
10677,3309,Austria,Ended,AUT
10678,3309,Denmark,"Ongoing, recruitment ended",DNK
10679,3309,Hungary,Ended,HUN
10680,3310,Ireland,"Authorised, recruiting",IRL
10681,3310,Sweden,"Ongoing, recruiting",SWE
10682,3310,Norway,"Authorised, recruiting",NOR
10683,3310,France,"Authorised, recruiting",FRA
10684,3311,Spain,"Ongoing, recruiting",ESP
10685,3312,Spain,Ended,ESP
10686,3312,Norway,Ended,NOR
10687,3312,Sweden,"Ongoing, recruitment ended",SWE
10688,3312,Poland,Ended,POL
10689,3312,France,"Ongoing, recruitment ended",FRA
10690,3312,Germany,Ended,DEU
10691,3312,Netherlands,Ended,NLD
10692,3312,Italy,"Ongoing, recruitment ended",ITA
10693,3312,Belgium,"Ongoing, recruitment ended",BEL
10694,3313,Italy,"Ongoing, recruitment ended",ITA
10695,3314,France,"Ongoing, recruiting",FRA
10696,3314,Germany,"Authorised, recruitment pending",DEU
10697,3314,Poland,"Authorised, recruitment pending",POL
10698,3315,Ireland,"Ongoing, recruitment ended",IRL
10699,3316,Denmark,Ended,DNK
10700,3317,Greece,"Ongoing, recruiting",GRC
10701,3317,Germany,"Ongoing, recruiting",DEU
10702,3317,Poland,"Ongoing, recruiting",POL
10703,3317,Spain,"Ongoing, recruiting",ESP
10704,3317,France,"Ongoing, recruiting",FRA
10705,3317,Italy,"Ongoing, recruiting",ITA
10706,3317,Portugal,"Ongoing, recruiting",PRT
10707,3318,Belgium,"Ongoing, recruitment ended",BEL
10708,3318,Poland,"Ongoing, recruitment ended",POL
10709,3318,Spain,"Ongoing, recruitment ended",ESP
10710,3318,Italy,"Ongoing, recruitment ended",ITA
10711,3319,Italy,"Ongoing, recruitment ended",ITA
10712,3320,Netherlands,"Ongoing, recruiting",NLD
10713,3321,Denmark,"Ongoing, recruitment ended",DNK
10714,3321,Italy,"Ongoing, recruitment ended",ITA
10715,3321,Poland,"Ongoing, recruitment ended",POL
10716,3321,Czechia,"Ongoing, recruitment ended",CZE
10717,3321,Belgium,"Ongoing, recruitment ended",BEL
10718,3321,Netherlands,"Ongoing, recruitment ended",NLD
10719,3321,Spain,"Ongoing, recruitment ended",ESP
10720,3321,Greece,"Ongoing, recruitment ended",GRC
10721,3321,Norway,"Ongoing, recruitment ended",NOR
10722,3321,France,"Ongoing, recruitment ended",FRA
10723,3321,Germany,"Ongoing, recruitment ended",DEU
10724,3322,Italy,"Ongoing, recruitment ended",ITA
10725,3322,Portugal,"Ongoing, recruitment ended",PRT
10726,3322,Germany,"Ongoing, recruitment ended",DEU
10727,3322,France,"Ongoing, recruitment ended",FRA
10728,3322,Spain,"Ongoing, recruitment ended",ESP
10729,3323,Poland,"Ongoing, recruiting",POL
10730,3323,Italy,"Ongoing, recruiting",ITA
10731,3323,Norway,"Ongoing, recruiting",NOR
10732,3323,Denmark,"Ongoing, recruiting",DNK
10733,3323,Germany,"Ongoing, recruiting",DEU
10734,3323,Spain,"Ongoing, recruiting",ESP
10735,3324,Italy,"Ongoing, recruiting",ITA
10736,3325,Ireland,"Ongoing, recruitment ended",IRL
10737,3326,Germany,"Ongoing, recruiting",DEU
10738,3326,Denmark,"Ongoing, recruiting",DNK
10739,3326,Netherlands,"Ongoing, recruiting",NLD
10740,3326,Sweden,"Ongoing, recruiting",SWE
10741,3327,Italy,"Ongoing, recruiting",ITA
10742,3328,Spain,"Ongoing, recruiting",ESP
10743,3328,Hungary,"Ongoing, recruiting",HUN
10744,3328,Germany,"Ongoing, recruiting",DEU
10745,3328,Poland,"Ongoing, recruiting",POL
10746,3329,Norway,"Ongoing, recruitment ended",NOR
10747,3329,Denmark,"Ongoing, recruitment ended",DNK
10748,3329,Estonia,"Ongoing, recruitment ended",EST
10749,3330,Bulgaria,"Ongoing, recruitment ended",BGR
10750,3330,Hungary,Ended,HUN
10751,3331,France,"Ongoing, recruiting",FRA
10752,3332,Spain,"Ongoing, recruiting",ESP
10753,3333,Italy,"Ongoing, recruitment ended",ITA
10754,3334,France,"Ongoing, recruiting",FRA
10755,3335,Czechia,Ended,CZE
10756,3335,Hungary,Ended,HUN
10757,3335,Poland,Ended,POL
10758,3335,Spain,Ended,ESP
10759,3335,Germany,Ended,DEU
10760,3335,Denmark,Ended,DNK
10761,3335,Netherlands,Ended,NLD
10762,3335,Italy,Ended,ITA
10763,3336,Italy,"Ongoing, recruitment ended",ITA
10764,3337,Netherlands,"Ongoing, recruiting",NLD
10765,3338,Spain,"Ongoing, recruiting",ESP
10766,3339,Netherlands,"Ongoing, recruitment ended",NLD
10767,3340,Italy,"Ongoing, recruitment ended",ITA
10768,3341,Germany,Ended,DEU
10769,3341,Norway,Ended,NOR
10770,3341,Ireland,Ended,IRL
10771,3341,Belgium,Ended,BEL
10772,3341,Spain,Ended,ESP
10773,3341,France,Ended,FRA
10774,3341,Czechia,Ended,CZE
10775,3341,Italy,Ended,ITA
10776,3341,Sweden,Ended,SWE
10777,3341,Hungary,Ended,HUN
10778,3341,Austria,Ended,AUT
10779,3341,Greece,Ended,GRC
10780,3342,Germany,"Ongoing, recruitment ended",DEU
10781,3342,Spain,"Ongoing, recruitment ended",ESP
10782,3342,Romania,"Ongoing, recruitment ended",ROU
10783,3342,Belgium,"Ongoing, recruitment ended",BEL
10784,3342,Italy,"Ongoing, recruitment ended",ITA
10785,3342,Sweden,"Ongoing, recruitment ended",SWE
10786,3342,Slovakia,"Ongoing, recruitment ended",SVK
10787,3342,Czechia,"Ongoing, recruitment ended",CZE
10788,3342,Austria,"Ongoing, recruitment ended",AUT
10789,3342,France,"Ongoing, recruitment ended",FRA
10790,3342,Norway,"Ongoing, recruitment ended",NOR
10791,3342,Netherlands,"Ongoing, recruitment ended",NLD
10792,3342,Poland,"Ongoing, recruiting",POL
10793,3342,Finland,"Ongoing, recruitment ended",FIN
10794,3342,Denmark,"Ongoing, recruitment ended",DNK
10795,3343,Spain,Ended,ESP
10796,3343,Germany,Ended,DEU
10797,3343,France,Ended,FRA
10798,3344,Netherlands,"Ongoing, recruitment ended",NLD
10799,3345,Germany,"Ongoing, recruiting",DEU
10800,3345,Austria,"Ongoing, recruiting",AUT
10801,3345,Spain,"Ongoing, recruiting",ESP
10802,3345,Czechia,"Ongoing, recruiting",CZE
10803,3345,Belgium,"Ongoing, recruiting",BEL
10804,3345,Italy,"Ongoing, recruiting",ITA
10805,3346,Netherlands,"Ongoing, recruiting",NLD
10806,3347,France,Ended,FRA
10807,3348,Sweden,"Ongoing, recruiting",SWE
10808,3348,Germany,"Authorised, recruitment pending",DEU
10809,3349,France,"Ongoing, recruiting",FRA
10810,3350,Spain,"Ongoing, recruiting",ESP
10811,3351,Belgium,"Ongoing, recruiting",BEL
10812,3352,Spain,"Ongoing, recruiting",ESP
10813,3352,Czechia,"Ongoing, recruiting",CZE
10814,3352,Poland,"Ongoing, recruiting",POL
10815,3352,Austria,"Ongoing, recruiting",AUT
10816,3352,Germany,"Ongoing, recruiting",DEU
10817,3352,Belgium,"Ongoing, recruiting",BEL
10818,3352,France,"Ongoing, recruiting",FRA
10819,3352,Italy,"Ongoing, recruiting",ITA
10820,3353,Germany,"Ongoing, recruiting",DEU
10821,3354,Spain,"Ongoing, recruitment ended",ESP
10822,3354,France,"Ongoing, recruitment ended",FRA
10823,3354,Germany,"Ongoing, recruitment ended",DEU
10824,3354,Italy,"Ongoing, recruitment ended",ITA
10825,3355,Netherlands,Ended,NLD
10826,3356,Belgium,Ended,BEL
10827,3356,France,Ended,FRA
10828,3357,Germany,"Ongoing, recruitment ended",DEU
10829,3358,Belgium,"Ongoing, recruiting",BEL
10830,3358,Germany,"Ongoing, recruiting",DEU
10831,3358,Spain,"Ongoing, recruiting",ESP
10832,3358,Italy,"Ongoing, recruiting",ITA
10833,3359,France,Ended,FRA
10834,3360,Poland,Ended,POL
10835,3360,France,Ended,FRA
10836,3360,Germany,Ended,DEU
10837,3360,Austria,Ended,AUT
10838,3360,Denmark,Ended,DNK
10839,3360,Italy,Ended,ITA
10840,3360,Bulgaria,Ended,BGR
10841,3360,Spain,Ended,ESP
10842,3360,Belgium,Ended,BEL
10843,3360,Romania,Ended,ROU
10844,3360,Hungary,Ended,HUN
10845,3361,Netherlands,"Ongoing, recruitment ended",NLD
10846,3361,Italy,"Ongoing, recruitment ended",ITA
10847,3361,France,"Ongoing, recruitment ended",FRA
10848,3361,Germany,"Ongoing, recruitment ended",DEU
10849,3361,Spain,"Ongoing, recruitment ended",ESP
10850,3361,Poland,"Ongoing, recruitment ended",POL
10851,3362,Germany,"Ongoing, recruiting",DEU
10852,3363,Italy,Ended,ITA
10853,3364,Poland,"Ongoing, recruiting",POL
10854,3364,Greece,"Ongoing, recruiting",GRC
10855,3364,France,"Ongoing, recruiting",FRA
10856,3364,Belgium,"Ongoing, recruiting",BEL
10857,3364,Spain,"Ongoing, recruiting",ESP
10858,3365,France,"Ongoing, recruiting",FRA
10859,3365,Italy,"Ongoing, recruiting",ITA
10860,3365,Denmark,"Ongoing, recruiting",DNK
10861,3365,Germany,"Ongoing, recruiting",DEU
10862,3365,Spain,"Ongoing, recruiting",ESP
10863,3365,Czechia,"Ongoing, recruiting",CZE
10864,3365,Hungary,"Authorised, recruiting",HUN
10865,3365,Poland,"Authorised, recruiting",POL
10866,3366,Netherlands,"Ongoing, recruiting",NLD
10867,3366,France,"Ongoing, recruiting",FRA
10868,3366,Germany,"Authorised, recruitment pending",DEU
10869,3366,Spain,"Ongoing, recruiting",ESP
10870,3366,Austria,"Authorised, recruiting",AUT
10871,3366,Italy,"Ongoing, recruiting",ITA
10872,3366,Poland,"Authorised, recruitment pending",POL
10873,3367,Czechia,Ended,CZE
10874,3367,Sweden,Ended,SWE
10875,3367,Italy,Ended,ITA
10876,3367,France,Ended,FRA
10877,3367,Bulgaria,Ended,BGR
10878,3367,Poland,Ended,POL
10879,3367,Germany,Ended,DEU
10880,3367,Hungary,Ended,HUN
10881,3368,Italy,Ended,ITA
10882,3368,France,Ended,FRA
10883,3368,Spain,Ended,ESP
10884,3369,Spain,Ended,ESP
10885,3370,Greece,"Authorised, recruitment pending",GRC
10886,3371,France,"Ongoing, recruitment ended",FRA
10887,3371,Netherlands,"Ongoing, recruitment ended",NLD
10888,3371,Italy,"Authorised, recruiting",ITA
10889,3371,Denmark,"Ongoing, recruitment ended",DNK
10890,3371,Spain,Ended,ESP
10891,3372,Finland,Ended,FIN
10892,3372,Belgium,Ended,BEL
10893,3372,Netherlands,Ended,NLD
10894,3372,Spain,Ended,ESP
10895,3372,Sweden,Not authorised,SWE
10896,3373,Netherlands,Ended,NLD
10897,3373,Greece,Ended,GRC
10898,3373,Romania,Ended,ROU
10899,3373,Germany,Ended,DEU
10900,3374,Portugal,Ended,PRT
10901,3374,Spain,Ended,ESP
10902,3375,France,"Ongoing, recruitment ended",FRA
10903,3375,Poland,"Ongoing, recruitment ended",POL
10904,3375,Italy,"Ongoing, recruitment ended",ITA
10905,3375,Germany,"Ongoing, recruitment ended",DEU
10906,3375,Spain,Ended,ESP
10907,3376,Netherlands,"Ongoing, recruiting",NLD
10908,3377,Italy,"Ongoing, recruitment ended",ITA
10909,3377,Spain,"Ongoing, recruitment ended",ESP
10910,3377,Hungary,"Ongoing, recruitment ended",HUN
10911,3377,Germany,"Ongoing, recruitment ended",DEU
10912,3378,Italy,"Ongoing, recruiting",ITA
10913,3379,Belgium,"Ongoing, recruiting",BEL
10914,3379,France,"Ongoing, recruiting",FRA
10915,3379,Poland,"Ongoing, recruiting",POL
10916,3379,Greece,"Ongoing, recruiting",GRC
10917,3380,France,"Ongoing, recruiting",FRA
10918,3381,Netherlands,"Ongoing, recruiting",NLD
10919,3382,France,"Authorised, recruitment pending",FRA
10920,3383,Germany,"Authorised, recruiting",DEU
10921,3384,Germany,"Ongoing, recruiting",DEU
10922,3384,Italy,"Ongoing, recruiting",ITA
10923,3385,Italy,"Ongoing, recruitment ended",ITA
10924,3385,Bulgaria,"Ongoing, recruitment ended",BGR
10925,3385,Denmark,"Ongoing, recruitment ended",DNK
10926,3385,Spain,"Ongoing, recruitment ended",ESP
10927,3385,Poland,"Ongoing, recruitment ended",POL
10928,3385,Belgium,"Ongoing, recruitment ended",BEL
10929,3385,Hungary,"Ongoing, recruitment ended",HUN
10930,3385,France,"Ongoing, recruitment ended",FRA
10931,3385,Romania,"Ongoing, recruitment ended",ROU
10932,3385,Germany,"Ongoing, recruitment ended",DEU
10933,3386,Netherlands,Ended,NLD
10934,3387,Denmark,"Ongoing, recruitment ended",DNK
10935,3387,Belgium,"Ongoing, recruitment ended",BEL
10936,3387,Spain,"Ongoing, recruitment ended",ESP
10937,3387,Sweden,"Ongoing, recruitment ended",SWE
10938,3387,Germany,"Ongoing, recruitment ended",DEU
10939,3387,Italy,"Ongoing, recruitment ended",ITA
10940,3387,France,"Ongoing, recruitment ended",FRA
10941,3387,Greece,"Ongoing, recruitment ended",GRC
10942,3388,France,"Ongoing, recruiting",FRA
10943,3389,Belgium,"Ongoing, recruitment ended",BEL
10944,3389,Italy,"Ongoing, recruitment ended",ITA
10945,3389,Spain,"Ongoing, recruitment ended",ESP
10946,3389,Germany,"Ongoing, recruitment ended",DEU
10947,3389,France,"Ongoing, recruitment ended",FRA
10948,3389,Poland,"Ongoing, recruitment ended",POL
10949,3390,Germany,"Authorised, recruitment pending",DEU
10950,3391,Netherlands,Ended,NLD
10951,3392,Spain,"Authorised, recruiting",ESP
10952,3393,Italy,"Ongoing, recruitment ended",ITA
10953,3394,Sweden,"Authorised, recruitment pending",SWE
10954,3394,France,"Ongoing, recruiting",FRA
10955,3394,Finland,"Ongoing, recruiting",FIN
10956,3394,Netherlands,"Ongoing, recruiting",NLD
10957,3394,Austria,"Ongoing, recruiting",AUT
10958,3394,Norway,"Ongoing, recruiting",NOR
10959,3394,Germany,"Ongoing, recruiting",DEU
10960,3394,Belgium,"Ongoing, recruiting",BEL
10961,3394,Denmark,"Ongoing, recruiting",DNK
10962,3394,Spain,"Ongoing, recruiting",ESP
10963,3394,Italy,"Ongoing, recruiting",ITA
10964,3394,Greece,"Ongoing, recruiting",GRC
10965,3395,Poland,Ended,POL
10966,3395,Spain,Ended,ESP
10967,3395,Portugal,Ended,PRT
10968,3395,Italy,Ended,ITA
10969,3396,Spain,"Ongoing, recruitment ended",ESP
10970,3396,Belgium,"Ongoing, recruitment ended",BEL
10971,3397,France,"Ongoing, recruitment ended",FRA
10972,3398,Spain,Ended,ESP
10973,3399,Germany,"Ongoing, recruiting",DEU
10974,3400,Netherlands,"Ongoing, recruiting",NLD
10975,3401,Spain,"Ongoing, recruitment ended",ESP
10976,3402,Poland,"Ongoing, recruiting",POL
10977,3403,Italy,"Ongoing, recruiting",ITA
10978,3404,France,Ended,FRA
10979,3404,Spain,Ended,ESP
10980,3405,Germany,"Ongoing, recruiting",DEU
10981,3406,Germany,"Ongoing, recruitment ended",DEU
10982,3406,Spain,"Ongoing, recruitment ended",ESP
10983,3406,Sweden,"Ongoing, recruitment ended",SWE
10984,3406,Belgium,"Ongoing, recruitment ended",BEL
10985,3407,France,"Authorised, recruitment pending",FRA
10986,3408,Belgium,"Ongoing, recruiting",BEL
10987,3409,Slovakia,"Ongoing, recruitment ended",SVK
10988,3409,Spain,"Ongoing, recruitment ended",ESP
10989,3409,Austria,"Ongoing, recruitment ended",AUT
10990,3409,Czechia,"Ongoing, recruitment ended",CZE
10991,3409,Germany,"Ongoing, recruitment ended",DEU
10992,3409,France,"Ongoing, recruitment ended",FRA
10993,3409,Bulgaria,"Ongoing, recruitment ended",BGR
10994,3409,Norway,"Ongoing, recruitment ended",NOR
10995,3409,Italy,"Ongoing, recruitment ended",ITA
10996,3409,Belgium,"Ongoing, recruitment ended",BEL
10997,3409,Poland,"Ongoing, recruitment ended",POL
10998,3409,Hungary,"Ongoing, recruitment ended",HUN
10999,3409,Portugal,"Ongoing, recruitment ended",PRT
11000,3410,Italy,Not authorised,ITA
11001,3410,Spain,"Authorised, recruitment pending",ESP
11002,3410,Germany,"Authorised, recruitment pending",DEU
11003,3410,Netherlands,"Authorised, recruitment pending",NLD
11004,3410,France,"Authorised, recruitment pending",FRA
11005,3410,Denmark,"Authorised, recruitment pending",DNK
11006,3410,Czechia,"Authorised, recruitment pending",CZE
11007,3411,Spain,Ended,ESP
11008,3412,France,"Ongoing, recruiting",FRA
11009,3412,Portugal,Ended,PRT
11010,3412,Norway,"Ongoing, recruiting",NOR
11011,3412,Italy,"Ongoing, recruiting",ITA
11012,3412,Germany,"Ongoing, recruiting",DEU
11013,3412,Greece,"Ongoing, recruiting",GRC
11014,3413,France,"Authorised, recruitment pending",FRA
11015,3413,Germany,"Authorised, recruitment pending",DEU
11016,3413,Spain,"Ongoing, recruiting",ESP
11017,3414,France,"Ongoing, recruiting",FRA
11018,3415,Netherlands,"Ongoing, recruitment ended",NLD
11019,3415,Belgium,"Ongoing, recruitment ended",BEL
11020,3415,Germany,"Ongoing, recruitment ended",DEU
11021,3415,Spain,"Ongoing, recruitment ended",ESP
11022,3415,France,"Ongoing, recruitment ended",FRA
11023,3415,Denmark,"Ongoing, recruitment ended",DNK
11024,3415,Italy,"Ongoing, recruitment ended",ITA
11025,3416,France,"Ongoing, recruiting",FRA
11026,3416,Germany,"Ongoing, recruiting",DEU
11027,3417,Germany,"Ongoing, recruiting",DEU
11028,3418,Germany,Ended,DEU
11029,3418,Italy,Ended,ITA
11030,3418,Spain,Ended,ESP
11031,3419,France,"Ongoing, recruitment ended",FRA
11032,3419,Belgium,"Ongoing, recruitment ended",BEL
11033,3420,Spain,"Ongoing, recruiting",ESP
11034,3421,Spain,"Ongoing, recruiting",ESP
11035,3422,Netherlands,"Authorised, recruitment pending",NLD
11036,3423,Spain,"Authorised, recruitment pending",ESP
11037,3424,Italy,"Authorised, recruitment pending",ITA
11038,3425,Germany,"Ongoing, recruiting",DEU
11039,3425,Spain,"Ongoing, recruiting",ESP
11040,3425,Italy,"Ongoing, recruiting",ITA
11041,3426,Spain,"Ongoing, recruitment ended",ESP
11042,3427,Sweden,"Ongoing, recruitment ended",SWE
11043,3428,Greece,Ended,GRC
11044,3428,Czechia,Ended,CZE
11045,3428,Portugal,Ended,PRT
11046,3428,Romania,Ended,ROU
11047,3428,Austria,Ended,AUT
11048,3428,Netherlands,Ended,NLD
11049,3429,Belgium,"Authorised, recruitment pending",BEL
11050,3429,France,"Ongoing, recruiting",FRA
11051,3429,Italy,"Authorised, recruitment pending",ITA
11052,3430,Spain,Ended,ESP
11053,3430,Austria,Ended,AUT
11054,3430,Poland,Ended,POL
11055,3431,Italy,Ended,ITA
11056,3432,Germany,"Ongoing, recruitment ended",DEU
11057,3432,France,"Ongoing, recruitment ended",FRA
11058,3433,Spain,"Ongoing, recruiting",ESP
11059,3434,Greece,"Ongoing, recruitment ended",GRC
11060,3434,Estonia,Ended,EST
11061,3434,Latvia,"Ongoing, recruitment ended",LVA
11062,3434,Romania,"Ongoing, recruitment ended",ROU
11063,3434,Germany,"Ongoing, recruitment ended",DEU
11064,3434,Italy,"Ongoing, recruitment ended",ITA
11065,3434,Lithuania,"Ongoing, recruitment ended",LTU
11066,3434,Poland,"Ongoing, recruitment ended",POL
11067,3435,Italy,"Ongoing, recruiting",ITA
11068,3436,Belgium,"Ongoing, recruiting",BEL
11069,3436,Germany,"Ongoing, recruiting",DEU
11070,3436,Portugal,"Ongoing, recruiting",PRT
11071,3437,Spain,"Ongoing, recruiting",ESP
11072,3438,Bulgaria,Ended,BGR
11073,3438,Hungary,"Ongoing, recruiting",HUN
11074,3438,Poland,"Ongoing, recruiting",POL
11075,3438,Romania,"Ongoing, recruiting",ROU
11076,3439,Netherlands,"Authorised, recruitment pending",NLD
11077,3439,Spain,"Authorised, recruiting",ESP
11078,3439,Italy,"Authorised, recruiting",ITA
11079,3440,France,"Ongoing, recruiting",FRA
11080,3441,Spain,"Ongoing, recruiting",ESP
11081,3441,Poland,"Ongoing, recruiting",POL
11082,3441,Italy,"Ongoing, recruiting",ITA
11083,3441,France,Not authorised,FRA
11084,3441,Denmark,"Ongoing, recruiting",DNK
11085,3441,Lithuania,"Ongoing, recruiting",LTU
11086,3442,Germany,"Ongoing, recruitment ended",DEU
11087,3442,Italy,"Ongoing, recruitment ended",ITA
11088,3443,Denmark,"Authorised, recruitment pending",DNK
11089,3444,Spain,"Ongoing, recruiting",ESP
11090,3444,Germany,"Ongoing, recruiting",DEU
11091,3444,Denmark,"Ongoing, recruiting",DNK
11092,3444,Italy,"Ongoing, recruiting",ITA
11093,3444,France,"Ongoing, recruiting",FRA
11094,3445,Italy,"Ongoing, recruiting",ITA
11095,3446,France,Temporarily halted,FRA
11096,3446,Germany,Temporarily halted,DEU
11097,3446,Belgium,Temporarily halted,BEL
11098,3446,Austria,Temporarily halted,AUT
11099,3446,Spain,Temporarily halted,ESP
11100,3446,Italy,"Authorised, recruitment pending",ITA
11101,3447,Spain,"Ongoing, recruitment ended",ESP
11102,3447,Italy,"Ongoing, recruitment ended",ITA
11103,3447,Germany,"Ongoing, recruitment ended",DEU
11104,3447,France,"Ongoing, recruitment ended",FRA
11105,3447,Poland,"Ongoing, recruitment ended",POL
11106,3448,Spain,Ended,ESP
11107,3448,Portugal,Ended,PRT
11108,3448,Italy,Ended,ITA
11109,3449,Norway,"Ongoing, recruiting",NOR
11110,3450,Netherlands,"Authorised, recruitment pending",NLD
11111,3451,Belgium,"Ongoing, recruitment ended",BEL
11112,3451,Denmark,"Ongoing, recruitment ended",DNK
11113,3451,Netherlands,"Ongoing, recruitment ended",NLD
11114,3451,Sweden,"Ongoing, recruitment ended",SWE
11115,3451,Spain,"Ongoing, recruitment ended",ESP
11116,3451,Romania,"Ongoing, recruitment ended",ROU
11117,3451,Austria,Ended,AUT
11118,3451,France,"Ongoing, recruitment ended",FRA
11119,3451,Portugal,"Ongoing, recruitment ended",PRT
11120,3451,Finland,"Ongoing, recruitment ended",FIN
11121,3451,Hungary,"Ongoing, recruitment ended",HUN
11122,3451,Italy,"Ongoing, recruitment ended",ITA
11123,3451,Greece,"Ongoing, recruitment ended",GRC
11124,3451,Bulgaria,"Ongoing, recruitment ended",BGR
11125,3451,Czechia,"Ongoing, recruitment ended",CZE
11126,3451,Estonia,Ended,EST
11127,3451,Slovakia,"Authorised, recruiting",SVK
11128,3452,Belgium,"Authorised, recruiting",BEL
11129,3452,Netherlands,"Authorised, recruitment pending",NLD
11130,3453,Germany,"Ongoing, recruiting",DEU
11131,3454,Italy,"Ongoing, recruiting",ITA
11132,3455,Germany,"Ongoing, recruiting",DEU
11133,3455,Spain,"Ongoing, recruiting",ESP
11134,3455,France,"Ongoing, recruiting",FRA
11135,3455,Sweden,"Ongoing, recruiting",SWE
11136,3455,Poland,"Authorised, recruiting",POL
11137,3455,Italy,"Ongoing, recruiting",ITA
11138,3455,Romania,"Ongoing, recruiting",ROU
11139,3456,France,"Ongoing, recruiting",FRA
11140,3457,Norway,"Authorised, recruitment pending",NOR
11141,3457,Spain,"Authorised, recruitment pending",ESP
11142,3457,Netherlands,"Authorised, recruitment pending",NLD
11143,3458,France,Ended,FRA
11144,3458,Finland,Ended,FIN
11145,3458,Belgium,Ended,BEL
11146,3458,Germany,Ended,DEU
11147,3459,Netherlands,"Ongoing, recruiting",NLD
11148,3459,Spain,"Ongoing, recruiting",ESP
11149,3459,France,"Ongoing, recruiting",FRA
11150,3459,Italy,"Ongoing, recruiting",ITA
11151,3459,Germany,"Ongoing, recruiting",DEU
11152,3460,Czechia,"Ongoing, recruiting",CZE
11153,3461,Denmark,Ended,DNK
11154,3462,Finland,"Ongoing, recruiting",FIN
11155,3463,Denmark,"Authorised, recruitment pending",DNK
11156,3463,Sweden,"Ongoing, recruiting",SWE
11157,3463,Norway,"Authorised, recruitment pending",NOR
11158,3463,Germany,"Ongoing, recruiting",DEU
11159,3463,Spain,"Ongoing, recruiting",ESP
11160,3464,Spain,Ended,ESP
11161,3465,Netherlands,Not authorised,NLD
11162,3466,Italy,"Authorised, recruiting",ITA
11163,3466,Hungary,"Ongoing, recruiting",HUN
11164,3466,Spain,"Ongoing, recruiting",ESP
11165,3466,Czechia,"Ongoing, recruiting",CZE
11166,3466,Germany,"Ongoing, recruiting",DEU
11167,3466,Poland,"Ongoing, recruiting",POL
11168,3466,France,"Ongoing, recruiting",FRA
11169,3467,France,"Ongoing, recruitment ended",FRA
11170,3467,Spain,"Ongoing, recruitment ended",ESP
11171,3468,Bulgaria,"Ongoing, recruiting",BGR
11172,3468,Czechia,"Ongoing, recruiting",CZE
11173,3468,Germany,"Ongoing, recruiting",DEU
11174,3468,Poland,"Ongoing, recruiting",POL
11175,3468,Hungary,"Ongoing, recruiting",HUN
11176,3469,France,"Authorised, recruiting",FRA
11177,3469,Netherlands,"Ongoing, recruiting",NLD
11178,3470,Spain,"Authorised, recruitment pending",ESP
11179,3471,Italy,"Ongoing, recruiting",ITA
11180,3472,France,"Ongoing, recruiting",FRA
11181,3472,Sweden,"Ongoing, recruiting",SWE
11182,3472,Bulgaria,Ended,BGR
11183,3472,Romania,Ended,ROU
11184,3472,Greece,"Ongoing, recruiting",GRC
11185,3472,Italy,"Ongoing, recruiting",ITA
11186,3472,Germany,"Ongoing, recruiting",DEU
11187,3472,Spain,Ended,ESP
11188,3472,Czechia,"Ongoing, recruiting",CZE
11189,3472,Poland,"Ongoing, recruiting",POL
11190,3472,Denmark,"Ongoing, recruiting",DNK
11191,3472,Slovakia,Ended,SVK
11192,3472,Belgium,"Ongoing, recruiting",BEL
11193,3472,Hungary,"Ongoing, recruiting",HUN
11194,3473,Italy,"Ongoing, recruitment ended",ITA
11195,3474,Norway,Temporarily halted,NOR
11196,3475,Italy,"Ongoing, recruiting",ITA
11197,3475,Spain,"Ongoing, recruiting",ESP
11198,3476,Spain,"Ongoing, recruiting",ESP
11199,3476,France,"Ongoing, recruiting",FRA
11200,3477,Poland,"Ongoing, recruitment ended",POL
11201,3477,Italy,"Ongoing, recruitment ended",ITA
11202,3477,France,"Ongoing, recruitment ended",FRA
11203,3477,Spain,"Ongoing, recruitment ended",ESP
11204,3478,Spain,Ended,ESP
11205,3479,Belgium,"Ongoing, recruiting",BEL
11206,3480,Hungary,Ended,HUN
11207,3480,Latvia,Ended,LVA
11208,3480,Bulgaria,Ended,BGR
11209,3480,Slovakia,Ended,SVK
11210,3480,Poland,Ended,POL
11211,3480,Lithuania,Ended,LTU
11212,3481,Belgium,"Ongoing, recruitment ended",BEL
11213,3481,Spain,"Ongoing, recruitment ended",ESP
11214,3481,France,Not authorised,FRA
11215,3481,Italy,"Ongoing, recruitment ended",ITA
11216,3482,Germany,"Ongoing, recruiting",DEU
11217,3482,Italy,"Ongoing, recruiting",ITA
11218,3482,Spain,"Ongoing, recruiting",ESP
11219,3483,Denmark,"Authorised, recruitment pending",DNK
11220,3484,Belgium,"Ongoing, recruiting",BEL
11221,3485,France,"Authorised, recruitment pending",FRA
11222,3486,Italy,"Ongoing, recruiting",ITA
11223,3487,Denmark,"Authorised, recruitment pending",DNK
11224,3488,Czechia,"Authorised, recruitment pending",CZE
11225,3488,Sweden,"Authorised, recruitment pending",SWE
11226,3488,Poland,"Authorised, recruitment pending",POL
11227,3488,Netherlands,"Authorised, recruitment pending",NLD
11228,3488,Greece,"Authorised, recruitment pending",GRC
11229,3488,Latvia,"Authorised, recruitment pending",LVA
11230,3488,Finland,"Authorised, recruitment pending",FIN
11231,3488,Norway,"Authorised, recruitment pending",NOR
11232,3488,Belgium,"Authorised, recruitment pending",BEL
11233,3488,Austria,"Authorised, recruitment pending",AUT
11234,3488,Portugal,"Authorised, recruitment pending",PRT
11235,3488,Romania,"Authorised, recruitment pending",ROU
11236,3488,Italy,"Authorised, recruitment pending",ITA
11237,3488,Estonia,"Authorised, recruitment pending",EST
11238,3488,France,"Authorised, recruitment pending",FRA
11239,3488,Ireland,"Authorised, recruitment pending",IRL
11240,3488,Germany,"Authorised, recruitment pending",DEU
11241,3488,Spain,"Authorised, recruitment pending",ESP
11242,3488,Bulgaria,"Authorised, recruitment pending",BGR
11243,3488,Hungary,"Authorised, recruitment pending",HUN
11244,3489,Denmark,Ended,DNK
11245,3490,Italy,"Authorised, recruitment pending",ITA
11246,3490,Germany,"Authorised, recruitment pending",DEU
11247,3490,Spain,"Ongoing, recruiting",ESP
11248,3490,France,"Ongoing, recruiting",FRA
11249,3491,France,"Authorised, recruitment pending",FRA
11250,3492,Germany,"Ongoing, recruiting",DEU
11251,3492,Spain,"Ongoing, recruiting",ESP
11252,3492,Denmark,"Ongoing, recruiting",DNK
11253,3492,Italy,"Ongoing, recruiting",ITA
11254,3492,Sweden,"Ongoing, recruiting",SWE
11255,3492,France,"Ongoing, recruiting",FRA
11256,3493,Ireland,"Authorised, recruiting",IRL
11257,3493,Spain,"Authorised, recruiting",ESP
11258,3493,France,"Ongoing, recruiting",FRA
11259,3494,France,"Ongoing, recruiting",FRA
11260,3494,Czechia,"Ongoing, recruiting",CZE
11261,3494,Netherlands,"Ongoing, recruiting",NLD
11262,3494,Austria,"Ongoing, recruiting",AUT
11263,3494,Italy,"Ongoing, recruiting",ITA
11264,3494,Finland,"Ongoing, recruiting",FIN
11265,3494,Germany,"Authorised, recruitment pending",DEU
11266,3494,Greece,"Authorised, recruitment pending",GRC
11267,3494,Denmark,"Authorised, recruitment pending",DNK
11268,3494,Belgium,"Authorised, recruitment pending",BEL
11269,3495,Finland,"Ongoing, recruiting",FIN
11270,3495,Sweden,"Ongoing, recruiting",SWE
11271,3495,Denmark,"Ongoing, recruiting",DNK
11272,3495,Netherlands,"Ongoing, recruiting",NLD
11273,3495,Norway,"Ongoing, recruiting",NOR
11274,3495,Belgium,"Ongoing, recruiting",BEL
11275,3495,Lithuania,"Authorised, recruitment pending",LTU
11276,3496,Italy,"Ongoing, recruitment ended",ITA
11277,3496,Czechia,Ended,CZE
11278,3496,Germany,Ended,DEU
11279,3496,Poland,"Ongoing, recruitment ended",POL
11280,3496,Spain,"Ongoing, recruitment ended",ESP
11281,3496,Belgium,Ended,BEL
11282,3496,Netherlands,Ended,NLD
11283,3496,Finland,Ended,FIN
11284,3496,France,Ended,FRA
11285,3497,Poland,"Ongoing, recruiting",POL
11286,3497,Spain,"Ongoing, recruiting",ESP
11287,3497,France,"Ongoing, recruiting",FRA
11288,3497,Germany,"Ongoing, recruiting",DEU
11289,3498,Italy,"Authorised, recruiting",ITA
11290,3498,Austria,"Authorised, recruiting",AUT
11291,3498,Spain,"Authorised, recruiting",ESP
11292,3498,Ireland,"Authorised, recruiting",IRL
11293,3498,Czechia,"Authorised, recruitment pending",CZE
11294,3498,Poland,"Authorised, recruitment pending",POL
11295,3499,France,"Ongoing, recruitment ended",FRA
11296,3499,Italy,"Ongoing, recruitment ended",ITA
11297,3500,Denmark,"Authorised, recruitment pending",DNK
11298,3500,Belgium,"Authorised, recruitment pending",BEL
11299,3500,Netherlands,"Authorised, recruiting",NLD
11300,3501,Romania,"Ongoing, recruiting",ROU
11301,3501,Bulgaria,"Ongoing, recruiting",BGR
11302,3501,Poland,"Authorised, recruitment pending",POL
11303,3502,Netherlands,"Ongoing, recruitment ended",NLD
11304,3502,Spain,"Ongoing, recruitment ended",ESP
11305,3502,Belgium,"Ongoing, recruitment ended",BEL
11306,3502,Italy,"Ongoing, recruitment ended",ITA
11307,3502,Portugal,"Ongoing, recruiting",PRT
11308,3502,France,"Ongoing, recruitment ended",FRA
11309,3502,Poland,Ended,POL
11310,3503,Spain,Ended,ESP
11311,3503,Italy,Ended,ITA
11312,3504,Poland,"Authorised, recruitment pending",POL
11313,3505,Spain,"Ongoing, recruiting",ESP
11314,3505,Germany,"Ongoing, recruiting",DEU
11315,3506,Spain,"Ongoing, recruiting",ESP
11316,3506,France,"Ongoing, recruiting",FRA
11317,3507,Hungary,Ended,HUN
11318,3507,Belgium,Ended,BEL
11319,3507,Germany,Ended,DEU
11320,3507,Sweden,Ended,SWE
11321,3507,Spain,Ended,ESP
11322,3507,France,Ended,FRA
11323,3507,Denmark,Ended,DNK
11324,3507,Ireland,Ended,IRL
11325,3507,Italy,Ended,ITA
11326,3507,Poland,Ended,POL
11327,3508,France,"Authorised, recruiting",FRA
11328,3508,Italy,"Ongoing, recruiting",ITA
11329,3508,Poland,"Authorised, recruiting",POL
11330,3508,Germany,"Authorised, recruiting",DEU
11331,3508,Spain,"Authorised, recruiting",ESP
11332,3509,Germany,Ended,DEU
11333,3509,Netherlands,Ended,NLD
11334,3510,Spain,"Ongoing, recruiting",ESP
11335,3511,Spain,"Ongoing, recruiting",ESP
11336,3512,Spain,"Ongoing, recruiting",ESP
11337,3512,Netherlands,"Ongoing, recruiting",NLD
11338,3512,France,"Ongoing, recruiting",FRA
11339,3512,Germany,"Ongoing, recruiting",DEU
11340,3512,Austria,"Ongoing, recruiting",AUT
11341,3512,Belgium,"Ongoing, recruiting",BEL
11342,3512,Italy,"Ongoing, recruiting",ITA
11343,3513,Germany,"Ongoing, recruiting",DEU
11344,3513,Belgium,"Authorised, recruitment pending",BEL
11345,3513,Czechia,"Authorised, recruitment pending",CZE
11346,3513,Italy,"Authorised, recruitment pending",ITA
11347,3514,Spain,"Ongoing, recruiting",ESP
11348,3514,France,"Ongoing, recruiting",FRA
11349,3514,Italy,"Ongoing, recruiting",ITA
11350,3514,Germany,"Ongoing, recruiting",DEU
11351,3514,Belgium,"Ongoing, recruiting",BEL
11352,3514,Ireland,"Ongoing, recruiting",IRL
11353,3514,Netherlands,"Ongoing, recruiting",NLD
11354,3514,Poland,"Ongoing, recruiting",POL
11355,3514,Denmark,"Ongoing, recruiting",DNK
11356,3515,Netherlands,"Authorised, recruitment pending",NLD
11357,3516,Netherlands,Ended,NLD
11358,3516,Spain,"Ongoing, recruitment ended",ESP
11359,3516,Hungary,Ended,HUN
11360,3516,Finland,Ended,FIN
11361,3516,Romania,"Ongoing, recruitment ended",ROU
11362,3516,Italy,Ended,ITA
11363,3516,Germany,"Ongoing, recruitment ended",DEU
11364,3516,Portugal,Ended,PRT
11365,3516,Lithuania,"Ongoing, recruitment ended",LTU
11366,3516,Ireland,Ended,IRL
11367,3516,Austria,Ended,AUT
11368,3516,France,Ended,FRA
11369,3516,Greece,Ended,GRC
11370,3516,Poland,Ended,POL
11371,3517,Spain,"Ongoing, recruiting",ESP
11372,3517,Germany,"Ongoing, recruiting",DEU
11373,3517,Italy,"Authorised, recruitment pending",ITA
11374,3517,Poland,"Ongoing, recruiting",POL
11375,3517,Belgium,"Ongoing, recruiting",BEL
11376,3518,Spain,Ended,ESP
11377,3518,Sweden,Ended,SWE
11378,3518,Netherlands,Ended,NLD
11379,3518,Denmark,Not authorised,DNK
11380,3519,Italy,"Authorised, recruitment pending",ITA
11381,3519,Spain,"Authorised, recruitment pending",ESP
11382,3520,Ireland,Ended,IRL
11383,3521,Netherlands,"Ongoing, recruitment ended",NLD
11384,3521,Denmark,"Ongoing, recruitment ended",DNK
11385,3521,Belgium,"Ongoing, recruitment ended",BEL
11386,3521,France,"Ongoing, recruitment ended",FRA
11387,3521,Italy,Ended,ITA
11388,3521,Spain,"Ongoing, recruitment ended",ESP
11389,3521,Czechia,"Ongoing, recruitment ended",CZE
11390,3521,Germany,Ended,DEU
11391,3521,Poland,"Ongoing, recruitment ended",POL
11392,3522,Spain,"Ongoing, recruitment ended",ESP
11393,3522,France,"Ongoing, recruitment ended",FRA
11394,3522,Belgium,Ended,BEL
11395,3522,Italy,"Ongoing, recruitment ended",ITA
11396,3522,Germany,Ended,DEU
11397,3522,Poland,Ended,POL
11398,3523,Netherlands,"Ongoing, recruitment ended",NLD
11399,3523,France,"Ongoing, recruitment ended",FRA
11400,3523,Italy,"Ongoing, recruitment ended",ITA
11401,3523,Germany,"Ongoing, recruitment ended",DEU
11402,3524,Denmark,Ended,DNK
11403,3524,France,Ended,FRA
11404,3524,Czechia,Ended,CZE
11405,3524,Germany,Ended,DEU
11406,3524,Poland,Ended,POL
11407,3524,Greece,Ended,GRC
11408,3524,Bulgaria,Ended,BGR
11409,3525,Poland,"Ongoing, recruiting",POL
11410,3525,Greece,"Ongoing, recruiting",GRC
11411,3525,Romania,"Ongoing, recruiting",ROU
11412,3526,Ireland,"Authorised, recruitment pending",IRL
11413,3526,Poland,"Authorised, recruitment pending",POL
11414,3526,France,"Authorised, recruitment pending",FRA
11415,3526,Netherlands,"Authorised, recruitment pending",NLD
11416,3526,Spain,"Authorised, recruitment pending",ESP
11417,3526,Italy,"Authorised, recruitment pending",ITA
11418,3526,Germany,"Authorised, recruitment pending",DEU
11419,3526,Belgium,"Authorised, recruitment pending",BEL
11420,3527,Netherlands,"Authorised, recruitment pending",NLD
11421,3527,Germany,"Authorised, recruitment pending",DEU
11422,3527,Spain,"Authorised, recruitment pending",ESP
11423,3527,Italy,"Authorised, recruitment pending",ITA
11424,3527,France,"Authorised, recruitment pending",FRA
11425,3527,Belgium,"Authorised, recruitment pending",BEL
11426,3528,Germany,"Authorised, recruitment pending",DEU
11427,3528,Greece,"Ongoing, recruitment ended",GRC
11428,3528,Netherlands,"Ongoing, recruitment ended",NLD
11429,3528,Czechia,"Authorised, recruitment pending",CZE
11430,3528,France,"Ongoing, recruitment ended",FRA
11431,3528,Austria,"Authorised, recruitment pending",AUT
11432,3528,Denmark,"Ongoing, recruitment ended",DNK
11433,3528,Spain,"Ongoing, recruitment ended",ESP
11434,3528,Italy,"Ongoing, recruitment ended",ITA
11435,3529,Spain,"Ongoing, recruiting",ESP
11436,3530,Netherlands,Ended,NLD
11437,3531,Hungary,"Authorised, recruiting",HUN
11438,3531,Poland,"Ongoing, recruiting",POL
11439,3531,Spain,"Ongoing, recruiting",ESP
11440,3531,France,"Ongoing, recruiting",FRA
11441,3531,Greece,"Ongoing, recruiting",GRC
11442,3531,Germany,"Ongoing, recruiting",DEU
11443,3531,Italy,"Ongoing, recruiting",ITA
11444,3531,Bulgaria,"Ongoing, recruiting",BGR
11445,3531,Denmark,"Authorised, recruitment pending",DNK
11446,3531,Belgium,"Ongoing, recruiting",BEL
11447,3531,Slovakia,"Ongoing, recruiting",SVK
11448,3531,Czechia,"Ongoing, recruiting",CZE
11449,3531,Netherlands,"Ongoing, recruiting",NLD
11450,3531,Austria,"Ongoing, recruiting",AUT
11451,3531,Romania,"Ongoing, recruiting",ROU
11452,3532,Italy,"Authorised, recruitment pending",ITA
11453,3532,France,"Authorised, recruitment pending",FRA
11454,3532,Germany,"Authorised, recruitment pending",DEU
11455,3532,Belgium,"Authorised, recruitment pending",BEL
11456,3532,Spain,"Authorised, recruitment pending",ESP
11457,3532,Netherlands,"Authorised, recruitment pending",NLD
11458,3533,France,"Ongoing, recruiting",FRA
11459,3534,Germany,"Ongoing, recruiting",DEU
11460,3534,Netherlands,"Ongoing, recruiting",NLD
11461,3534,France,"Ongoing, recruiting",FRA
11462,3534,Italy,"Ongoing, recruiting",ITA
11463,3534,Greece,"Ongoing, recruiting",GRC
11464,3534,Belgium,"Ongoing, recruiting",BEL
11465,3534,Spain,"Ongoing, recruiting",ESP
11466,3534,Poland,"Ongoing, recruiting",POL
11467,3534,Czechia,"Authorised, recruiting",CZE
11468,3534,Hungary,"Ongoing, recruiting",HUN
11469,3534,Lithuania,"Ongoing, recruiting",LTU
11470,3534,Portugal,"Ongoing, recruiting",PRT
11471,3535,Norway,"Ongoing, recruiting",NOR
11472,3535,Germany,"Ongoing, recruiting",DEU
11473,3535,Italy,"Ongoing, recruiting",ITA
11474,3536,Slovakia,Ended,SVK
11475,3536,France,"Ongoing, recruitment ended",FRA
11476,3536,Romania,Ended,ROU
11477,3536,Greece,Ended,GRC
11478,3536,Poland,"Ongoing, recruitment ended",POL
11479,3536,Bulgaria,Ended,BGR
11480,3536,Spain,"Ongoing, recruitment ended",ESP
11481,3536,Czechia,"Ongoing, recruitment ended",CZE
11482,3536,Belgium,"Ongoing, recruitment ended",BEL
11483,3536,Hungary,Ended,HUN
11484,3536,Austria,Ended,AUT
11485,3536,Italy,"Ongoing, recruitment ended",ITA
11486,3536,Germany,Ended,DEU
11487,3537,Denmark,"Ongoing, recruiting",DNK
11488,3537,Belgium,"Ongoing, recruiting",BEL
11489,3537,Italy,"Ongoing, recruiting",ITA
11490,3537,Spain,"Ongoing, recruiting",ESP
11491,3538,Finland,"Authorised, recruitment pending",FIN
11492,3538,Spain,"Authorised, recruitment pending",ESP
11493,3538,Sweden,"Authorised, recruitment pending",SWE
11494,3538,Italy,"Authorised, recruitment pending",ITA
11495,3538,Denmark,"Authorised, recruitment pending",DNK
11496,3538,Netherlands,"Authorised, recruitment pending",NLD
11497,3538,Belgium,"Authorised, recruitment pending",BEL
11498,3539,Netherlands,Ended,NLD
11499,3539,France,"Ongoing, recruitment ended",FRA
11500,3539,Italy,Ended,ITA
11501,3539,Spain,"Ongoing, recruitment ended",ESP
11502,3539,Belgium,Ended,BEL
11503,3540,France,Ended,FRA
11504,3540,Finland,Ended,FIN
11505,3541,Germany,"Ongoing, recruitment ended",DEU
11506,3541,Romania,Ended,ROU
11507,3541,Hungary,Ended,HUN
11508,3541,Italy,"Ongoing, recruitment ended",ITA
11509,3541,Czechia,Ended,CZE
11510,3541,France,"Ongoing, recruitment ended",FRA
11511,3541,Poland,"Ongoing, recruitment ended",POL
11512,3541,Belgium,"Ongoing, recruitment ended",BEL
11513,3541,Austria,Ended,AUT
11514,3541,Ireland,Ended,IRL
11515,3541,Portugal,"Ongoing, recruitment ended",PRT
11516,3541,Greece,"Ongoing, recruitment ended",GRC
11517,3541,Spain,"Ongoing, recruitment ended",ESP
11518,3541,Netherlands,"Ongoing, recruitment ended",NLD
11519,3542,Belgium,"Ongoing, recruiting",BEL
11520,3542,France,"Ongoing, recruiting",FRA
11521,3543,Germany,"Ongoing, recruiting",DEU
11522,3543,Belgium,Ended,BEL
11523,3543,Italy,"Ongoing, recruiting",ITA
11524,3543,Spain,"Ongoing, recruiting",ESP
11525,3543,Romania,"Ongoing, recruiting",ROU
11526,3543,Slovakia,"Authorised, recruiting",SVK
11527,3543,Poland,"Authorised, recruiting",POL
11528,3544,Spain,Temporarily halted,ESP
11529,3545,France,"Ongoing, recruiting",FRA
11530,3545,Belgium,"Ongoing, recruiting",BEL
11531,3545,Spain,"Ongoing, recruiting",ESP
11532,3545,Poland,"Ongoing, recruiting",POL
11533,3545,Italy,"Ongoing, recruiting",ITA
11534,3545,Netherlands,"Ongoing, recruiting",NLD
11535,3545,Germany,"Ongoing, recruiting",DEU
11536,3546,France,"Ongoing, recruiting",FRA
11537,3546,Austria,Ended,AUT
11538,3546,Sweden,Ended,SWE
11539,3546,Spain,"Ongoing, recruiting",ESP
11540,3546,Belgium,Ended,BEL
11541,3546,Germany,"Ongoing, recruiting",DEU
11542,3546,Denmark,Ended,DNK
11543,3546,Netherlands,"Ongoing, recruiting",NLD
11544,3546,Italy,"Ongoing, recruiting",ITA
11545,3546,Norway,Ended,NOR
11546,3547,Italy,Ended,ITA
11547,3547,Greece,Ended,GRC
11548,3547,Poland,"Ongoing, recruitment ended",POL
11549,3547,Portugal,"Ongoing, recruitment ended",PRT
11550,3547,Spain,"Ongoing, recruitment ended",ESP
11551,3548,Belgium,"Ongoing, recruiting",BEL
11552,3548,Spain,"Authorised, recruitment pending",ESP
11553,3548,Italy,"Authorised, recruitment pending",ITA
11554,3549,Spain,"Ongoing, recruitment ended",ESP
11555,3549,Poland,"Ongoing, recruitment ended",POL
11556,3549,France,"Ongoing, recruitment ended",FRA
11557,3549,Italy,"Ongoing, recruitment ended",ITA
11558,3549,Austria,Ended,AUT
11559,3549,Belgium,"Ongoing, recruitment ended",BEL
11560,3549,Czechia,"Ongoing, recruitment ended",CZE
11561,3549,Germany,"Ongoing, recruitment ended",DEU
11562,3549,Netherlands,Ended,NLD
11563,3550,Norway,"Ongoing, recruitment ended",NOR
11564,3550,Belgium,"Ongoing, recruitment ended",BEL
11565,3550,Greece,"Ongoing, recruitment ended",GRC
11566,3550,Poland,"Ongoing, recruitment ended",POL
11567,3550,Spain,"Ongoing, recruitment ended",ESP
11568,3550,Italy,"Ongoing, recruitment ended",ITA
11569,3550,Czechia,"Ongoing, recruitment ended",CZE
11570,3550,Romania,"Ongoing, recruitment ended",ROU
11571,3550,Netherlands,Ended,NLD
11572,3550,Germany,"Ongoing, recruitment ended",DEU
11573,3550,Hungary,Ended,HUN
11574,3550,Austria,Ended,AUT
11575,3550,France,"Ongoing, recruitment ended",FRA
11576,3551,Spain,"Ongoing, recruitment ended",ESP
11577,3551,Germany,Ended,DEU
11578,3551,Denmark,Ended,DNK
11579,3551,Poland,"Ongoing, recruitment ended",POL
11580,3551,France,"Ongoing, recruitment ended",FRA
11581,3551,Italy,Ended,ITA
11582,3551,Greece,"Ongoing, recruitment ended",GRC
11583,3552,Spain,"Ongoing, recruiting",ESP
11584,3552,France,"Authorised, recruiting",FRA
11585,3552,Italy,"Ongoing, recruiting",ITA
11586,3553,Greece,"Authorised, recruitment pending",GRC
11587,3553,Poland,"Authorised, recruitment pending",POL
11588,3553,Spain,"Ongoing, recruiting",ESP
11589,3553,Austria,"Authorised, recruiting",AUT
11590,3553,Italy,"Authorised, recruiting",ITA
11591,3553,Romania,"Ongoing, recruiting",ROU
11592,3553,Belgium,"Authorised, recruiting",BEL
11593,3553,France,"Authorised, recruiting",FRA
11594,3553,Lithuania,"Authorised, recruitment pending",LTU
11595,3553,Germany,"Authorised, recruiting",DEU
11596,3553,Hungary,"Authorised, recruiting",HUN
11597,3553,Czechia,"Authorised, recruitment pending",CZE
11598,3553,Portugal,"Authorised, recruitment pending",PRT
11599,3554,Italy,"Ongoing, recruiting",ITA
11600,3554,Spain,"Ongoing, recruiting",ESP
11601,3554,Denmark,"Ongoing, recruiting",DNK
11602,3554,Belgium,"Ongoing, recruiting",BEL
11603,3555,Netherlands,"Ongoing, recruitment ended",NLD
11604,3555,Spain,"Ongoing, recruitment ended",ESP
11605,3555,Italy,"Ongoing, recruitment ended",ITA
11606,3555,France,"Ongoing, recruitment ended",FRA
11607,3555,Germany,"Ongoing, recruitment ended",DEU
11608,3556,Sweden,"Ongoing, recruiting",SWE
11609,3556,Germany,"Authorised, recruitment pending",DEU
11610,3557,Norway,"Ongoing, recruitment ended",NOR
11611,3558,Germany,"Ongoing, recruiting",DEU
11612,3558,Netherlands,"Ongoing, recruiting",NLD
11613,3558,Austria,"Authorised, recruiting",AUT
11614,3558,Belgium,"Ongoing, recruiting",BEL
11615,3558,Denmark,"Authorised, recruiting",DNK
11616,3558,Estonia,"Authorised, recruiting",EST
11617,3558,Finland,"Ongoing, recruiting",FIN
11618,3558,France,"Authorised, recruiting",FRA
11619,3558,Ireland,"Ongoing, recruiting",IRL
11620,3558,Italy,"Authorised, recruiting",ITA
11621,3558,Lithuania,"Ongoing, recruiting",LTU
11622,3558,Spain,"Ongoing, recruiting",ESP
11623,3558,Sweden,"Ongoing, recruiting",SWE
11624,3558,Norway,"Authorised, recruiting",NOR
11625,3559,France,"Ongoing, recruitment ended",FRA
11626,3559,Germany,"Ongoing, recruitment ended",DEU
11627,3559,Italy,"Ongoing, recruitment ended",ITA
11628,3559,Portugal,"Ongoing, recruitment ended",PRT
11629,3559,Belgium,"Ongoing, recruitment ended",BEL
11630,3559,Denmark,"Ongoing, recruitment ended",DNK
11631,3559,Spain,"Ongoing, recruitment ended",ESP
11632,3559,Poland,"Ongoing, recruitment ended",POL
11633,3559,Austria,"Ongoing, recruitment ended",AUT
11634,3559,Hungary,Ended,HUN
11635,3559,Greece,"Ongoing, recruitment ended",GRC
11636,3560,Austria,"Authorised, recruitment pending",AUT
11637,3560,Portugal,"Authorised, recruiting",PRT
11638,3560,Netherlands,"Authorised, recruiting",NLD
11639,3560,Greece,"Authorised, recruitment pending",GRC
11640,3560,Belgium,"Ongoing, recruiting",BEL
11641,3560,Spain,"Authorised, recruiting",ESP
11642,3560,Germany,"Ongoing, recruiting",DEU
11643,3560,France,"Authorised, recruiting",FRA
11644,3560,Romania,"Authorised, recruiting",ROU
11645,3560,Sweden,"Authorised, recruiting",SWE
11646,3560,Italy,"Authorised, recruiting",ITA
11647,3560,Denmark,"Authorised, recruitment pending",DNK
11648,3561,Netherlands,"Ongoing, recruitment ended",NLD
11649,3562,Czechia,"Ongoing, recruitment ended",CZE
11650,3562,Poland,"Ongoing, recruitment ended",POL
11651,3562,Germany,"Ongoing, recruitment ended",DEU
11652,3562,Netherlands,"Ongoing, recruitment ended",NLD
11653,3562,Spain,"Ongoing, recruitment ended",ESP
11654,3562,Ireland,"Ongoing, recruitment ended",IRL
11655,3562,Romania,"Ongoing, recruitment ended",ROU
11656,3562,Greece,"Ongoing, recruitment ended",GRC
11657,3562,France,"Ongoing, recruitment ended",FRA
11658,3562,Belgium,"Ongoing, recruitment ended",BEL
11659,3562,Italy,"Ongoing, recruitment ended",ITA
11660,3562,Denmark,"Ongoing, recruitment ended",DNK
11661,3562,Portugal,"Ongoing, recruitment ended",PRT
11662,3563,France,"Authorised, recruitment pending",FRA
11663,3563,Austria,"Authorised, recruitment pending",AUT
11664,3563,Poland,"Authorised, recruitment pending",POL
11665,3563,Netherlands,"Authorised, recruitment pending",NLD
11666,3563,Spain,"Authorised, recruitment pending",ESP
11667,3563,Denmark,"Authorised, recruitment pending",DNK
11668,3563,Italy,"Authorised, recruitment pending",ITA
11669,3563,Germany,"Authorised, recruitment pending",DEU
11670,3563,Hungary,"Authorised, recruitment pending",HUN
11671,3564,Italy,Ended,ITA
11672,3565,France,"Ongoing, recruiting",FRA
11673,3565,Italy,"Ongoing, recruiting",ITA
11674,3565,Germany,"Ongoing, recruiting",DEU
11675,3565,Spain,"Ongoing, recruiting",ESP
11676,3565,Poland,"Ongoing, recruiting",POL
11677,3565,Ireland,"Ongoing, recruiting",IRL
11678,3565,Romania,"Ongoing, recruiting",ROU
11679,3565,Portugal,"Authorised, recruitment pending",PRT
11680,3565,Belgium,"Ongoing, recruiting",BEL
11681,3565,Austria,"Authorised, recruitment pending",AUT
11682,3566,Italy,"Ongoing, recruitment ended",ITA
11683,3567,Denmark,"Ongoing, recruiting",DNK
11684,3567,Spain,"Ongoing, recruiting",ESP
11685,3567,Italy,"Authorised, recruitment pending",ITA
11686,3568,France,Ended,FRA
11687,3569,Germany,"Ongoing, recruitment ended",DEU
11688,3569,Poland,"Ongoing, recruitment ended",POL
11689,3569,France,"Ongoing, recruitment ended",FRA
11690,3569,Spain,"Ongoing, recruitment ended",ESP
11691,3569,Belgium,Ended,BEL
11692,3569,Italy,Ended,ITA
11693,3570,Poland,"Ongoing, recruiting",POL
11694,3571,Germany,"Ongoing, recruiting",DEU
11695,3571,France,"Authorised, recruiting",FRA
11696,3571,Italy,"Ongoing, recruiting",ITA
11697,3571,Spain,"Ongoing, recruiting",ESP
11698,3571,Poland,"Ongoing, recruiting",POL
11699,3571,Belgium,"Ongoing, recruiting",BEL
11700,3572,Italy,"Ongoing, recruiting",ITA
11701,3573,Italy,"Ongoing, recruiting",ITA
11702,3573,France,"Ongoing, recruiting",FRA
11703,3573,Poland,"Ongoing, recruiting",POL
11704,3573,Germany,"Ongoing, recruiting",DEU
11705,3573,Spain,"Ongoing, recruiting",ESP
11706,3573,Belgium,"Ongoing, recruiting",BEL
11707,3573,Ireland,"Ongoing, recruiting",IRL
11708,3573,Portugal,"Ongoing, recruiting",PRT
11709,3573,Netherlands,"Ongoing, recruiting",NLD
11710,3574,Germany,"Ongoing, recruitment ended",DEU
11711,3574,Belgium,"Ongoing, recruitment ended",BEL
11712,3574,Norway,"Ongoing, recruitment ended",NOR
11713,3574,Italy,"Ongoing, recruitment ended",ITA
11714,3574,Czechia,"Ongoing, recruitment ended",CZE
11715,3574,Netherlands,"Ongoing, recruitment ended",NLD
11716,3574,Spain,"Ongoing, recruitment ended",ESP
11717,3574,Greece,"Ongoing, recruitment ended",GRC
11718,3575,France,"Ongoing, recruitment ended",FRA
11719,3576,Italy,"Authorised, recruitment pending",ITA
11720,3577,Belgium,"Ongoing, recruitment ended",BEL
11721,3577,Germany,Ended,DEU
11722,3577,Sweden,"Ongoing, recruitment ended",SWE
11723,3577,Spain,Ended,ESP
11724,3577,Italy,Ended,ITA
11725,3577,Poland,"Ongoing, recruitment ended",POL
11726,3577,France,Ended,FRA
11727,3578,Germany,"Authorised, recruitment pending",DEU
11728,3579,Belgium,"Ongoing, recruitment ended",BEL
11729,3579,France,"Ongoing, recruitment ended",FRA
11730,3580,France,"Ongoing, recruitment ended",FRA
11731,3580,Poland,"Ongoing, recruitment ended",POL
11732,3580,Germany,"Ongoing, recruitment ended",DEU
11733,3580,Spain,"Ongoing, recruitment ended",ESP
11734,3580,Italy,"Ongoing, recruitment ended",ITA
11735,3580,Sweden,"Ongoing, recruitment ended",SWE
11736,3581,Germany,"Ongoing, recruiting",DEU
11737,3581,Austria,"Ongoing, recruitment ended",AUT
11738,3581,Netherlands,"Ongoing, recruitment ended",NLD
11739,3581,Poland,"Ongoing, recruiting",POL
11740,3581,Belgium,"Ongoing, recruiting",BEL
11741,3581,Italy,"Authorised, recruiting",ITA
11742,3581,Czechia,"Authorised, recruitment pending",CZE
11743,3582,Spain,"Ongoing, recruiting",ESP
11744,3582,Germany,"Ongoing, recruiting",DEU
11745,3583,Austria,Ended,AUT
11746,3583,Hungary,Ended,HUN
11747,3583,Poland,"Ongoing, recruitment ended",POL
11748,3583,Italy,Ended,ITA
11749,3583,Germany,Not authorised,DEU
11750,3583,Denmark,Ended,DNK
11751,3583,Netherlands,Ended,NLD
11752,3583,France,"Ongoing, recruitment ended",FRA
11753,3583,Croatia,Ended,HRV
11754,3583,Greece,"Ongoing, recruitment ended",GRC
11755,3583,Portugal,"Ongoing, recruitment ended",PRT
11756,3583,Spain,Ended,ESP
11757,3584,Germany,Ended,DEU
11758,3584,Italy,Ended,ITA
11759,3584,Austria,Ended,AUT
11760,3584,Hungary,Ended,HUN
11761,3584,Czechia,Ended,CZE
11762,3585,Poland,"Authorised, recruiting",POL
11763,3586,Hungary,"Ongoing, recruitment ended",HUN
11764,3586,Sweden,"Ongoing, recruitment ended",SWE
11765,3586,Belgium,"Ongoing, recruitment ended",BEL
11766,3586,France,"Ongoing, recruitment ended",FRA
11767,3586,Ireland,"Ongoing, recruitment ended",IRL
11768,3586,Czechia,"Ongoing, recruitment ended",CZE
11769,3586,Denmark,"Ongoing, recruitment ended",DNK
11770,3586,Spain,"Ongoing, recruitment ended",ESP
11771,3586,Germany,"Ongoing, recruitment ended",DEU
11772,3586,Poland,"Ongoing, recruitment ended",POL
11773,3586,Italy,"Ongoing, recruitment ended",ITA
11774,3587,Germany,"Ongoing, recruiting",DEU
11775,3587,Belgium,"Ongoing, recruiting",BEL
11776,3587,Spain,"Ongoing, recruiting",ESP
11777,3587,Finland,Ended,FIN
11778,3587,Czechia,Ended,CZE
11779,3587,France,"Ongoing, recruiting",FRA
11780,3587,Romania,Ended,ROU
11781,3587,Portugal,"Ongoing, recruiting",PRT
11782,3587,Italy,"Ongoing, recruiting",ITA
11783,3587,Sweden,Ended,SWE
11784,3588,Spain,Ended,ESP
11785,3588,France,Ended,FRA
11786,3588,Italy,Ended,ITA
11787,3589,France,"Authorised, recruitment pending",FRA
11788,3590,Portugal,"Ongoing, recruiting",PRT
11789,3590,Spain,"Ongoing, recruiting",ESP
11790,3590,Denmark,"Ongoing, recruiting",DNK
11791,3590,Austria,"Ongoing, recruiting",AUT
11792,3590,Italy,"Ongoing, recruiting",ITA
11793,3590,Belgium,"Ongoing, recruiting",BEL
11794,3590,Poland,"Ongoing, recruiting",POL
11795,3590,Finland,"Ongoing, recruiting",FIN
11796,3590,Germany,"Ongoing, recruiting",DEU
11797,3590,Greece,"Ongoing, recruiting",GRC
11798,3590,France,"Ongoing, recruiting",FRA
11799,3590,Sweden,"Ongoing, recruiting",SWE
11800,3590,Romania,"Ongoing, recruiting",ROU
11801,3590,Netherlands,"Ongoing, recruiting",NLD
11802,3590,Czechia,"Ongoing, recruiting",CZE
11803,3590,Hungary,"Ongoing, recruiting",HUN
11804,3591,Germany,"Ongoing, recruitment ended",DEU
11805,3591,Austria,"Ongoing, recruitment ended",AUT
11806,3591,France,"Ongoing, recruitment ended",FRA
11807,3591,Belgium,"Ongoing, recruitment ended",BEL
11808,3591,Netherlands,"Ongoing, recruitment ended",NLD
11809,3591,Poland,"Ongoing, recruitment ended",POL
11810,3591,Spain,"Ongoing, recruitment ended",ESP
11811,3592,Netherlands,Ended,NLD
11812,3592,Spain,Ended,ESP
11813,3592,Italy,Ended,ITA
11814,3592,France,Ended,FRA
11815,3593,Italy,"Authorised, recruitment pending",ITA
11816,3594,Netherlands,"Ongoing, recruiting",NLD
11817,3595,Spain,Ended,ESP
11818,3595,Czechia,Ended,CZE
11819,3595,France,Ended,FRA
11820,3595,Italy,Ended,ITA
11821,3595,Poland,Ended,POL
11822,3595,Germany,Ended,DEU
11823,3596,France,"Ongoing, recruiting",FRA
11824,3596,Spain,"Ongoing, recruiting",ESP
11825,3596,Romania,"Ongoing, recruiting",ROU
11826,3596,Hungary,Ended,HUN
11827,3596,Poland,"Ongoing, recruiting",POL
11828,3596,Italy,"Ongoing, recruiting",ITA
11829,3596,Belgium,"Ongoing, recruiting",BEL
11830,3596,Germany,"Authorised, recruitment pending",DEU
11831,3597,Italy,"Ongoing, recruiting",ITA
11832,3597,Spain,"Ongoing, recruiting",ESP
11833,3597,Romania,"Ongoing, recruiting",ROU
11834,3597,Germany,"Ongoing, recruiting",DEU
11835,3597,Netherlands,"Ongoing, recruiting",NLD
11836,3597,Poland,"Ongoing, recruiting",POL
11837,3597,France,"Ongoing, recruiting",FRA
11838,3597,Czechia,"Ongoing, recruiting",CZE
11839,3598,France,"Ongoing, recruitment ended",FRA
11840,3598,Greece,"Ongoing, recruitment ended",GRC
11841,3598,Czechia,"Ongoing, recruitment ended",CZE
11842,3598,Germany,"Ongoing, recruitment ended",DEU
11843,3598,Italy,"Ongoing, recruitment ended",ITA
11844,3598,Spain,"Ongoing, recruitment ended",ESP
11845,3598,Poland,"Ongoing, recruitment ended",POL
11846,3599,Germany,Ended,DEU
11847,3600,Spain,Temporarily halted,ESP
11848,3600,Netherlands,"Authorised, recruitment pending",NLD
11849,3600,France,Temporarily halted,FRA
11850,3601,Germany,"Ongoing, recruitment ended",DEU
11851,3601,Italy,Ended,ITA
11852,3601,Spain,Ended,ESP
11853,3601,Poland,Ended,POL
11854,3601,Denmark,Ended,DNK
11855,3601,Austria,Ended,AUT
11856,3602,Greece,"Authorised, recruitment pending",GRC
11857,3602,Netherlands,"Authorised, recruitment pending",NLD
11858,3602,Sweden,"Authorised, recruitment pending",SWE
11859,3602,France,"Authorised, recruitment pending",FRA
11860,3602,Italy,"Authorised, recruitment pending",ITA
11861,3602,Spain,"Authorised, recruiting",ESP
11862,3602,Denmark,"Authorised, recruitment pending",DNK
11863,3603,Spain,"Ongoing, recruiting",ESP
11864,3604,Austria,"Authorised, recruitment pending",AUT
11865,3604,Netherlands,"Ongoing, recruiting",NLD
11866,3604,Finland,"Ongoing, recruiting",FIN
11867,3604,France,"Ongoing, recruiting",FRA
11868,3604,Belgium,"Ongoing, recruiting",BEL
11869,3604,Sweden,"Ongoing, recruiting",SWE
11870,3604,Germany,"Ongoing, recruiting",DEU
11871,3604,Denmark,"Authorised, recruiting",DNK
11872,3604,Estonia,"Authorised, recruiting",EST
11873,3604,Ireland,"Authorised, recruiting",IRL
11874,3604,Italy,"Authorised, recruitment pending",ITA
11875,3604,Lithuania,"Authorised, recruiting",LTU
11876,3604,Norway,"Authorised, recruiting",NOR
11877,3604,Spain,"Ongoing, recruiting",ESP
11878,3605,Italy,"Ongoing, recruiting",ITA
11879,3605,Germany,"Ongoing, recruiting",DEU
11880,3605,Denmark,"Ongoing, recruiting",DNK
11881,3605,Poland,"Ongoing, recruiting",POL
11882,3605,Spain,"Ongoing, recruiting",ESP
11883,3605,France,"Ongoing, recruiting",FRA
11884,3605,Greece,"Ongoing, recruiting",GRC
11885,3605,Netherlands,"Ongoing, recruiting",NLD
11886,3605,Hungary,"Ongoing, recruiting",HUN
11887,3606,Belgium,"Ongoing, recruiting",BEL
11888,3606,Poland,"Ongoing, recruiting",POL
11889,3606,Italy,"Authorised, recruiting",ITA
11890,3606,Czechia,"Ongoing, recruiting",CZE
11891,3606,Hungary,"Ongoing, recruiting",HUN
11892,3606,Spain,"Ongoing, recruiting",ESP
11893,3606,Germany,"Authorised, recruiting",DEU
11894,3606,Croatia,"Ongoing, recruiting",HRV
11895,3606,France,"Authorised, recruiting",FRA
11896,3606,Bulgaria,"Ongoing, recruiting",BGR
11897,3606,Austria,"Authorised, recruiting",AUT
11898,3607,Hungary,"Ongoing, recruitment ended",HUN
11899,3607,Italy,"Ongoing, recruitment ended",ITA
11900,3607,Belgium,"Ongoing, recruitment ended",BEL
11901,3607,Poland,"Ongoing, recruitment ended",POL
11902,3607,France,"Ongoing, recruitment ended",FRA
11903,3607,Germany,"Ongoing, recruitment ended",DEU
11904,3607,Spain,"Ongoing, recruitment ended",ESP
11905,3607,Portugal,"Ongoing, recruitment ended",PRT
11906,3608,Greece,"Ongoing, recruitment ended",GRC
11907,3608,Austria,"Ongoing, recruitment ended",AUT
11908,3608,Denmark,"Ongoing, recruitment ended",DNK
11909,3608,Czechia,Ended,CZE
11910,3608,Spain,"Ongoing, recruitment ended",ESP
11911,3608,Romania,"Ongoing, recruitment ended",ROU
11912,3608,Hungary,Ended,HUN
11913,3608,Portugal,"Ongoing, recruitment ended",PRT
11914,3608,France,"Ongoing, recruitment ended",FRA
11915,3608,Netherlands,"Ongoing, recruitment ended",NLD
11916,3608,Italy,"Ongoing, recruitment ended",ITA
11917,3608,Germany,"Ongoing, recruitment ended",DEU
11918,3608,Belgium,Ended,BEL
11919,3608,Ireland,Ended,IRL
11920,3608,Poland,"Ongoing, recruitment ended",POL
11921,3609,Spain,"Authorised, recruitment pending",ESP
11922,3609,Germany,"Authorised, recruitment pending",DEU
11923,3609,Italy,"Authorised, recruitment pending",ITA
11924,3609,Austria,"Authorised, recruitment pending",AUT
11925,3609,Belgium,"Authorised, recruitment pending",BEL
11926,3609,Romania,"Authorised, recruitment pending",ROU
11927,3610,Italy,"Ongoing, recruitment ended",ITA
11928,3610,Greece,"Ongoing, recruitment ended",GRC
11929,3610,France,"Ongoing, recruitment ended",FRA
11930,3610,Belgium,"Ongoing, recruitment ended",BEL
11931,3610,Spain,"Ongoing, recruitment ended",ESP
11932,3610,Sweden,"Ongoing, recruitment ended",SWE
11933,3610,Denmark,"Ongoing, recruitment ended",DNK
11934,3610,Netherlands,"Ongoing, recruitment ended",NLD
11935,3610,Poland,"Ongoing, recruitment ended",POL
11936,3610,Austria,"Ongoing, recruitment ended",AUT
11937,3610,Germany,"Ongoing, recruitment ended",DEU
11938,3611,Italy,"Ongoing, recruitment ended",ITA
11939,3611,Denmark,"Ongoing, recruitment ended",DNK
11940,3611,Spain,"Ongoing, recruitment ended",ESP
11941,3611,France,Ended,FRA
11942,3611,Austria,"Ongoing, recruitment ended",AUT
11943,3611,Germany,"Ongoing, recruitment ended",DEU
11944,3611,Ireland,"Ongoing, recruitment ended",IRL
11945,3612,Italy,"Ongoing, recruitment ended",ITA
11946,3612,France,"Ongoing, recruitment ended",FRA
11947,3612,Spain,"Ongoing, recruitment ended",ESP
11948,3613,Italy,"Ongoing, recruiting",ITA
11949,3613,Spain,"Authorised, recruiting",ESP
11950,3613,France,"Ongoing, recruiting",FRA
11951,3614,Denmark,Ended,DNK
11952,3614,France,Ended,FRA
11953,3614,Spain,"Ongoing, recruitment ended",ESP
11954,3614,Lithuania,"Ongoing, recruitment ended",LTU
11955,3614,Germany,Ended,DEU
11956,3614,Estonia,Ended,EST
11957,3614,Hungary,Ended,HUN
11958,3614,Romania,Ended,ROU
11959,3614,Belgium,Ended,BEL
11960,3614,Netherlands,Ended,NLD
11961,3614,Italy,Ended,ITA
11962,3614,Poland,Ended,POL
11963,3614,Greece,Ended,GRC
11964,3615,Spain,Not authorised,ESP
11965,3616,France,"Ongoing, recruiting",FRA
11966,3617,Finland,"Authorised, recruitment pending",FIN
11967,3618,Poland,"Authorised, recruitment pending",POL
11968,3619,Sweden,"Ongoing, recruiting",SWE
11969,3620,Netherlands,Not authorised,NLD
11970,3621,France,"Ongoing, recruiting",FRA
11971,3622,Finland,"Authorised, recruitment pending",FIN
11972,3623,Denmark,Not authorised,DNK
11973,3624,Denmark,Not authorised,DNK
11974,3625,Italy,"Ongoing, recruiting",ITA
11975,3626,Spain,Not authorised,ESP
11976,3627,Denmark,"Ongoing, recruiting",DNK
11977,3628,Germany,"Authorised, recruitment pending",DEU
11978,3628,Italy,"Authorised, recruitment pending",ITA
11979,3628,Belgium,"Authorised, recruitment pending",BEL
11980,3628,Austria,"Authorised, recruitment pending",AUT
11981,3629,Finland,"Authorised, recruitment pending",FIN
11982,3629,Sweden,"Authorised, recruitment pending",SWE
11983,3629,Denmark,"Authorised, recruitment pending",DNK
11984,3629,Norway,"Authorised, recruitment pending",NOR
11985,3630,Netherlands,"Ongoing, recruiting",NLD
11986,3631,Belgium,"Ongoing, recruitment ended",BEL
11987,3631,France,"Ongoing, recruitment ended",FRA
11988,3632,Belgium,"Ongoing, recruitment ended",BEL
11989,3632,Netherlands,"Ongoing, recruitment ended",NLD
11990,3633,Spain,"Ongoing, recruiting",ESP
11991,3634,Spain,"Ongoing, recruiting",ESP
11992,3635,Germany,"Ongoing, recruitment ended",DEU
11993,3636,Belgium,"Authorised, recruitment pending",BEL
11994,3637,France,"Authorised, recruiting",FRA
11995,3637,Denmark,"Authorised, recruitment pending",DNK
11996,3638,France,"Ongoing, recruiting",FRA
11997,3639,Finland,"Ongoing, recruiting",FIN
11998,3640,Germany,Ended,DEU
11999,3641,Denmark,"Ongoing, recruiting",DNK
12000,3642,Netherlands,"Authorised, recruitment pending",NLD
12001,3643,France,"Authorised, recruitment pending",FRA
12002,3643,Belgium,"Authorised, recruitment pending",BEL
12003,3644,Finland,"Authorised, recruitment pending",FIN
12004,3645,Netherlands,"Authorised, recruitment pending",NLD
12005,3646,Netherlands,"Ongoing, recruiting",NLD
12006,3647,Italy,"Authorised, recruitment pending",ITA
12007,3648,Spain,Ended,ESP
12008,3649,Poland,Ended,POL
12009,3649,Germany,Ended,DEU
12010,3649,Sweden,Ended,SWE
12011,3649,Spain,Ended,ESP
12012,3650,Finland,"Authorised, recruitment pending",FIN
12013,3651,Italy,Ended,ITA
12014,3651,France,Ended,FRA
12015,3651,Belgium,Ended,BEL
12016,3651,Germany,Ended,DEU
12017,3651,Spain,Ended,ESP
12018,3652,Denmark,Ended,DNK
12019,3653,Italy,"Authorised, recruitment pending",ITA
12020,3654,Spain,"Authorised, recruitment pending",ESP
12021,3655,Czechia,"Authorised, recruitment pending",CZE
12022,3656,Italy,"Ongoing, recruiting",ITA
12023,3657,Spain,"Authorised, recruitment pending",ESP
12024,3658,Belgium,"Ongoing, recruitment ended",BEL
12025,3658,Poland,"Ongoing, recruitment ended",POL
12026,3658,France,"Ongoing, recruitment ended",FRA
12027,3658,Greece,"Ongoing, recruitment ended",GRC
12028,3658,Spain,"Ongoing, recruitment ended",ESP
12029,3659,France,"Ongoing, recruitment ended",FRA
12030,3660,France,"Ongoing, recruiting",FRA
12031,3661,Italy,"Ongoing, recruiting",ITA
12032,3662,Belgium,Ended,BEL
12033,3663,Sweden,Ended,SWE
12034,3663,Czechia,Ended,CZE
12035,3663,Bulgaria,Ended,BGR
12036,3663,Hungary,Ended,HUN
12037,3663,Denmark,Ended,DNK
12038,3663,Slovakia,Ended,SVK
12039,3663,Belgium,Ended,BEL
12040,3663,Italy,Ended,ITA
12041,3663,Greece,Ended,GRC
12042,3663,Finland,Ended,FIN
12043,3663,Germany,Ended,DEU
12044,3663,Spain,Ended,ESP
12045,3663,Poland,Ended,POL
12046,3663,France,Ended,FRA
12047,3664,France,"Ongoing, recruiting",FRA
12048,3665,Denmark,"Ongoing, recruiting",DNK
12049,3666,Sweden,"Ongoing, recruiting",SWE
12050,3666,Denmark,"Ongoing, recruiting",DNK
12051,3667,France,Not authorised,FRA
12052,3667,Spain,Ended,ESP
12053,3667,Italy,Ended,ITA
12054,3668,Italy,"Ongoing, recruiting",ITA
12055,3669,Belgium,"Ongoing, recruiting",BEL
12056,3670,Spain,"Ongoing, recruitment ended",ESP
12057,3671,France,Ended,FRA
12058,3671,Poland,Ended,POL
12059,3671,Spain,Ended,ESP
12060,3671,Italy,Ended,ITA
12061,3672,Netherlands,Ended,NLD
12062,3673,Sweden,"Ongoing, recruiting",SWE
12063,3674,France,"Ongoing, recruitment ended",FRA
12064,3674,Luxembourg,Not authorised,LUX
12065,3675,France,"Ongoing, recruiting",FRA
12066,3676,Spain,Ended,ESP
12067,3676,France,Ended,FRA
12068,3677,Netherlands,Ended,NLD
12069,3678,Ireland,"Ongoing, recruitment ended",IRL
12070,3678,Germany,"Ongoing, recruitment ended",DEU
12071,3678,Spain,"Ongoing, recruitment ended",ESP
12072,3678,Netherlands,"Ongoing, recruitment ended",NLD
12073,3678,Italy,"Ongoing, recruitment ended",ITA
12074,3679,Italy,"Authorised, recruitment pending",ITA
12075,3680,France,Ended,FRA
12076,3681,France,"Ongoing, recruiting",FRA
12077,3682,Italy,"Ongoing, recruiting",ITA
12078,3683,Norway,"Ongoing, recruiting",NOR
12079,3684,Germany,"Ongoing, recruitment ended",DEU
12080,3685,France,"Ongoing, recruitment ended",FRA
12081,3686,France,Ended,FRA
12082,3687,Sweden,"Authorised, recruiting",SWE
12083,3687,Netherlands,"Ongoing, recruiting",NLD
12084,3687,Italy,"Ongoing, recruiting",ITA
12085,3688,Italy,"Ongoing, recruiting",ITA
12086,3689,Italy,"Ongoing, recruiting",ITA
12087,3690,Greece,Ended,GRC
12088,3690,Austria,Ended,AUT
12089,3690,Belgium,Ended,BEL
12090,3690,Spain,Ended,ESP
12091,3690,Czechia,Ended,CZE
12092,3690,Portugal,Ended,PRT
12093,3690,Poland,Ended,POL
12094,3690,Romania,Ended,ROU
12095,3690,Italy,Ended,ITA
12096,3690,France,Ended,FRA
12097,3690,Netherlands,Ended,NLD
12098,3690,Germany,Ended,DEU
12099,3691,Italy,"Ongoing, recruitment ended",ITA
12100,3691,Portugal,"Ongoing, recruitment ended",PRT
12101,3691,Finland,"Ongoing, recruitment ended",FIN
12102,3691,Sweden,"Ongoing, recruitment ended",SWE
12103,3691,Spain,"Ongoing, recruitment ended",ESP
12104,3691,Denmark,"Ongoing, recruitment ended",DNK
12105,3691,Poland,"Ongoing, recruitment ended",POL
12106,3691,Slovakia,"Ongoing, recruitment ended",SVK
12107,3691,Belgium,"Ongoing, recruitment ended",BEL
12108,3691,Austria,"Ongoing, recruitment ended",AUT
12109,3691,Hungary,"Ongoing, recruitment ended",HUN
12110,3691,Czechia,"Ongoing, recruitment ended",CZE
12111,3691,Germany,"Ongoing, recruitment ended",DEU
12112,3692,France,"Ongoing, recruiting",FRA
12113,3693,Belgium,Ended,BEL
12114,3694,France,Ended,FRA
12115,3694,Italy,Ended,ITA
12116,3694,Spain,Ended,ESP
12117,3695,Ireland,Ended,IRL
12118,3696,Spain,Ended,ESP
12119,3697,Netherlands,Temporarily halted,NLD
12120,3698,Spain,Ended,ESP
12121,3698,Czechia,Ended,CZE
12122,3698,France,Ended,FRA
12123,3698,Belgium,Ended,BEL
12124,3699,Spain,Ended,ESP
12125,3700,Netherlands,"Ongoing, recruiting",NLD
12126,3701,Belgium,Ended,BEL
12127,3701,Spain,Ended,ESP
12128,3702,France,"Ongoing, recruitment ended",FRA
12129,3703,Denmark,"Ongoing, recruiting",DNK
12130,3704,France,"Ongoing, recruitment ended",FRA
12131,3704,Italy,"Ongoing, recruitment ended",ITA
12132,3704,Spain,"Ongoing, recruitment ended",ESP
12133,3704,Austria,"Ongoing, recruitment ended",AUT
12134,3704,Hungary,"Ongoing, recruitment ended",HUN
12135,3705,Belgium,Ended,BEL
12136,3706,Spain,"Ongoing, recruitment ended",ESP
12137,3706,Italy,"Ongoing, recruitment ended",ITA
12138,3707,Spain,Ended,ESP
12139,3708,Italy,"Ongoing, recruiting",ITA
12140,3709,Czechia,Ended,CZE
12141,3710,Poland,"Ongoing, recruiting",POL
12142,3711,Sweden,"Ongoing, recruiting",SWE
12143,3712,Czechia,Ended,CZE
12144,3712,Netherlands,Ended,NLD
12145,3713,France,Ended,FRA
12146,3714,Poland,"Ongoing, recruiting",POL
12147,3715,Spain,"Ongoing, recruitment ended",ESP
12148,3715,Belgium,"Ongoing, recruitment ended",BEL
12149,3715,France,"Ongoing, recruitment ended",FRA
12150,3715,Poland,"Ongoing, recruitment ended",POL
12151,3715,Netherlands,"Ongoing, recruitment ended",NLD
12152,3715,Germany,"Ongoing, recruitment ended",DEU
12153,3715,Italy,"Ongoing, recruitment ended",ITA
12154,3715,Greece,"Ongoing, recruitment ended",GRC
12155,3716,Spain,Ended,ESP
12156,3717,Netherlands,Ended,NLD
12157,3717,Spain,Ended,ESP
12158,3717,Belgium,Ended,BEL
12159,3717,France,Ended,FRA
12160,3717,Italy,Ended,ITA
12161,3718,France,"Ongoing, recruiting",FRA
12162,3719,Germany,"Ongoing, recruitment ended",DEU
12163,3719,Poland,"Ongoing, recruitment ended",POL
12164,3719,Slovenia,"Ongoing, recruitment ended",SVN
12165,3719,Czechia,"Ongoing, recruitment ended",CZE
12166,3719,Austria,Ended,AUT
12167,3719,Italy,"Ongoing, recruitment ended",ITA
12168,3720,Spain,Ended,ESP
12169,3720,France,Ended,FRA
12170,3721,Denmark,"Ongoing, recruitment ended",DNK
12171,3721,Norway,"Ongoing, recruitment ended",NOR
12172,3721,Sweden,"Ongoing, recruitment ended",SWE
12173,3721,Finland,"Ongoing, recruitment ended",FIN
12174,3722,France,Ended,FRA
12175,3723,Italy,Ended,ITA
12176,3724,Belgium,Ended,BEL
12177,3725,Belgium,Ended,BEL
12178,3725,Italy,Ended,ITA
12179,3725,Spain,Ended,ESP
12180,3726,Czechia,"Ongoing, recruiting",CZE
12181,3727,Belgium,"Ongoing, recruiting",BEL
12182,3728,France,"Ongoing, recruitment ended",FRA
12183,3729,Netherlands,"Ongoing, recruiting",NLD
12184,3730,Netherlands,"Ongoing, recruiting",NLD
12185,3731,Italy,Ended,ITA
12186,3732,France,"Authorised, recruitment pending",FRA
12187,3733,Italy,"Ongoing, recruitment ended",ITA
12188,3734,France,Ended,FRA
12189,3735,Estonia,"Ongoing, recruiting",EST
12190,3735,Latvia,"Ongoing, recruiting",LVA
12191,3735,Lithuania,"Authorised, recruitment pending",LTU
12192,3736,Romania,Ended,ROU
12193,3736,Germany,Ended,DEU
12194,3736,Italy,Ended,ITA
12195,3736,France,Ended,FRA
12196,3736,Spain,Ended,ESP
12197,3737,Spain,Ended,ESP
12198,3737,Ireland,Ended,IRL
12199,3737,Poland,Ended,POL
12200,3737,Belgium,Ended,BEL
12201,3737,France,Ended,FRA
12202,3737,Germany,Ended,DEU
12203,3737,Romania,Ended,ROU
12204,3738,Netherlands,"Ongoing, recruiting",NLD
12205,3739,France,"Ongoing, recruiting",FRA
12206,3740,Germany,"Ongoing, recruitment ended",DEU
12207,3741,Spain,"Ongoing, recruitment ended",ESP
12208,3741,Italy,"Ongoing, recruitment ended",ITA
12209,3741,Austria,"Ongoing, recruitment ended",AUT
12210,3741,Poland,"Ongoing, recruitment ended",POL
12211,3741,Greece,"Ongoing, recruitment ended",GRC
12212,3741,France,"Ongoing, recruitment ended",FRA
12213,3742,Slovakia,Ended,SVK
12214,3742,France,Ended,FRA
12215,3742,Spain,Ended,ESP
12216,3742,Germany,Ended,DEU
12217,3742,Hungary,Ended,HUN
12218,3742,Italy,Ended,ITA
12219,3742,Czechia,Ended,CZE
12220,3742,Latvia,Ended,LVA
12221,3743,Italy,Ended,ITA
12222,3743,Poland,Ended,POL
12223,3744,Italy,Ended,ITA
12224,3745,Spain,Ended,ESP
12225,3746,Germany,Ended,DEU
12226,3747,Finland,Ended,FIN
12227,3747,Greece,Ended,GRC
12228,3747,Netherlands,Ended,NLD
12229,3747,Sweden,Ended,SWE
12230,3747,Spain,Ended,ESP
12231,3747,France,Ended,FRA
12232,3747,Italy,Ended,ITA
12233,3748,France,"Ongoing, recruiting",FRA
12234,3749,Netherlands,"Ongoing, recruiting",NLD
12235,3749,France,"Authorised, recruitment pending",FRA
12236,3749,Italy,"Authorised, recruitment pending",ITA
12237,3749,Spain,"Authorised, recruitment pending",ESP
12238,3749,Sweden,"Authorised, recruitment pending",SWE
12239,3750,Spain,"Ongoing, recruiting",ESP
12240,3750,Italy,"Ongoing, recruiting",ITA
12241,3750,Germany,"Ongoing, recruiting",DEU
12242,3751,Norway,"Ongoing, recruitment ended",NOR
12243,3752,Belgium,"Authorised, recruitment pending",BEL
12244,3752,Netherlands,"Authorised, recruitment pending",NLD
12245,3753,Norway,"Ongoing, recruiting",NOR
12246,3754,Italy,Ended,ITA
12247,3754,Spain,Ended,ESP
12248,3754,Hungary,Ended,HUN
12249,3754,Poland,Ended,POL
12250,3754,France,Ended,FRA
12251,3755,Spain,Temporarily halted,ESP
12252,3756,Spain,Ended,ESP
12253,3756,France,Ended,FRA
12254,3757,Spain,"Ongoing, recruitment ended",ESP
12255,3758,Spain,"Ongoing, recruiting",ESP
12256,3759,Norway,"Ongoing, recruiting",NOR
12257,3760,Denmark,Ended,DNK
12258,3761,Austria,Ended,AUT
12259,3762,France,"Ongoing, recruitment ended",FRA
12260,3762,Spain,"Ongoing, recruitment ended",ESP
12261,3762,Italy,"Ongoing, recruitment ended",ITA
12262,3763,Norway,Ended,NOR
12263,3764,France,"Ongoing, recruiting",FRA
12264,3765,Finland,"Ongoing, recruiting",FIN
12265,3766,Netherlands,"Authorised, recruitment pending",NLD
12266,3766,Spain,"Authorised, recruitment pending",ESP
12267,3766,Hungary,"Authorised, recruitment pending",HUN
12268,3766,Germany,"Authorised, recruitment pending",DEU
12269,3766,France,"Authorised, recruitment pending",FRA
12270,3766,Italy,"Authorised, recruitment pending",ITA
12271,3766,Sweden,"Authorised, recruitment pending",SWE
12272,3766,Poland,"Authorised, recruitment pending",POL
12273,3766,Belgium,"Authorised, recruitment pending",BEL
12274,3767,Norway,"Ongoing, recruitment ended",NOR
12275,3767,Poland,"Ongoing, recruitment ended",POL
12276,3767,Spain,Ended,ESP
12277,3767,Italy,Ended,ITA
12278,3768,Poland,Ended,POL
12279,3768,Spain,Ended,ESP
12280,3769,Denmark,Ended,DNK
12281,3770,Romania,"Ongoing, recruitment ended",ROU
12282,3770,France,Ended,FRA
12283,3770,Germany,"Ongoing, recruitment ended",DEU
12284,3771,Germany,Ended,DEU
12285,3772,Germany,Ended,DEU
12286,3772,Netherlands,Ended,NLD
12287,3773,Spain,Ended,ESP
12288,3773,Portugal,Ended,PRT
12289,3773,France,Ended,FRA
12290,3773,Italy,Ended,ITA
12291,3773,Romania,Ended,ROU
12292,3773,Greece,Ended,GRC
12293,3773,Poland,Ended,POL
12294,3773,Bulgaria,Ended,BGR
12295,3774,Belgium,"Ongoing, recruitment ended",BEL
12296,3774,Czechia,"Ongoing, recruitment ended",CZE
12297,3774,Sweden,"Ongoing, recruitment ended",SWE
12298,3774,Romania,"Ongoing, recruitment ended",ROU
12299,3774,Spain,"Ongoing, recruitment ended",ESP
12300,3774,Germany,"Ongoing, recruitment ended",DEU
12301,3774,France,"Ongoing, recruitment ended",FRA
12302,3774,Italy,"Ongoing, recruitment ended",ITA
12303,3774,Poland,"Ongoing, recruitment ended",POL
12304,3775,Netherlands,Ended,NLD
12305,3776,Czechia,Ended,CZE
12306,3776,Netherlands,Ended,NLD
12307,3776,Bulgaria,Ended,BGR
12308,3777,France,Ended,FRA
12309,3778,Germany,"Ongoing, recruiting",DEU
12310,3779,France,Ended,FRA
12311,3779,Spain,Ended,ESP
12312,3780,Belgium,"Ongoing, recruitment ended",BEL
12313,3781,Spain,Ended,ESP
12314,3781,Latvia,Ended,LVA
12315,3781,Poland,Ended,POL
12316,3782,Germany,"Ongoing, recruiting",DEU
12317,3783,Poland,"Ongoing, recruiting",POL
12318,3783,Belgium,"Ongoing, recruiting",BEL
12319,3783,Germany,"Ongoing, recruiting",DEU
12320,3783,Italy,"Ongoing, recruiting",ITA
12321,3783,Netherlands,"Ongoing, recruiting",NLD
12322,3783,Ireland,"Ongoing, recruiting",IRL
12323,3783,France,"Ongoing, recruiting",FRA
12324,3783,Spain,"Ongoing, recruiting",ESP
12325,3784,France,"Ongoing, recruitment ended",FRA
12326,3784,Spain,"Ongoing, recruitment ended",ESP
12327,3784,Denmark,"Ongoing, recruitment ended",DNK
12328,3784,Germany,"Ongoing, recruitment ended",DEU
12329,3784,Italy,"Ongoing, recruitment ended",ITA
12330,3784,Portugal,"Ongoing, recruitment ended",PRT
12331,3784,Czechia,"Ongoing, recruitment ended",CZE
12332,3785,Germany,Ended,DEU
12333,3786,Germany,"Ongoing, recruiting",DEU
12334,3787,Sweden,"Ongoing, recruitment ended",SWE
12335,3788,France,Ended,FRA
12336,3788,Germany,Ended,DEU
12337,3788,Spain,Ended,ESP
12338,3788,Sweden,Ended,SWE
12339,3788,Italy,Ended,ITA
12340,3788,Netherlands,Ended,NLD
12341,3788,Austria,Ended,AUT
12342,3789,France,"Ongoing, recruiting",FRA
12343,3790,Italy,Ended,ITA
12344,3790,Greece,"Ongoing, recruitment ended",GRC
12345,3790,Norway,Ended,NOR
12346,3791,Poland,"Authorised, recruitment pending",POL
12347,3791,Germany,"Authorised, recruitment pending",DEU
12348,3791,Italy,"Authorised, recruitment pending",ITA
12349,3791,Norway,"Authorised, recruitment pending",NOR
12350,3791,Netherlands,"Authorised, recruitment pending",NLD
12351,3791,Belgium,"Authorised, recruitment pending",BEL
12352,3791,Romania,"Authorised, recruitment pending",ROU
12353,3791,France,"Authorised, recruitment pending",FRA
12354,3791,Greece,"Authorised, recruitment pending",GRC
12355,3791,Spain,"Authorised, recruitment pending",ESP
12356,3792,Norway,"Authorised, recruitment pending",NOR
12357,3793,Netherlands,Ended,NLD
12358,3794,France,"Authorised, recruitment pending",FRA
12359,3794,Spain,"Authorised, recruitment pending",ESP
12360,3794,Romania,"Ongoing, recruiting",ROU
12361,3795,France,Ended,FRA
12362,3796,France,"Ongoing, recruiting",FRA
12363,3797,Spain,"Ongoing, recruiting",ESP
12364,3798,Sweden,Ended,SWE
12365,3798,Czechia,Ended,CZE
12366,3798,Finland,Ended,FIN
12367,3798,Netherlands,Ended,NLD
12368,3798,Hungary,Ended,HUN
12369,3798,Norway,Ended,NOR
12370,3798,Germany,Ended,DEU
12371,3798,Italy,Ended,ITA
12372,3798,Belgium,Ended,BEL
12373,3798,Austria,Ended,AUT
12374,3798,Spain,Ended,ESP
12375,3798,Poland,Ended,POL
12376,3798,France,Ended,FRA
12377,3799,Germany,"Ongoing, recruiting",DEU
12378,3800,Norway,"Ongoing, recruiting",NOR
12379,3801,Netherlands,"Authorised, recruitment pending",NLD
12380,3802,Spain,"Ongoing, recruitment ended",ESP
12381,3803,Spain,"Ongoing, recruiting",ESP
12382,3803,Portugal,"Ongoing, recruiting",PRT
12383,3804,Spain,Ended,ESP
12384,3805,France,"Ongoing, recruiting",FRA
12385,3806,Spain,"Authorised, recruitment pending",ESP
12386,3807,Greece,"Ongoing, recruiting",GRC
12387,3807,Italy,"Ongoing, recruiting",ITA
12388,3807,Germany,Ended,DEU
12389,3807,Spain,Ended,ESP
12390,3807,France,Ended,FRA
12391,3807,Bulgaria,Ended,BGR
12392,3807,Netherlands,Ended,NLD
12393,3807,Sweden,Ended,SWE
12394,3808,Netherlands,"Ongoing, recruitment ended",NLD
12395,3809,France,Ended,FRA
12396,3809,Spain,"Ongoing, recruiting",ESP
12397,3810,Spain,"Authorised, recruitment pending",ESP
12398,3811,Spain,Ended,ESP
12399,3811,Italy,Ended,ITA
12400,3812,Germany,Ended,DEU
12401,3812,Spain,"Ongoing, recruitment ended",ESP
12402,3812,Romania,Ended,ROU
12403,3812,Italy,"Ongoing, recruitment ended",ITA
12404,3812,Poland,"Ongoing, recruitment ended",POL
12405,3813,France,"Ongoing, recruiting",FRA
12406,3814,Spain,Ended,ESP
12407,3815,Austria,"Ongoing, recruitment ended",AUT
12408,3815,Germany,"Ongoing, recruitment ended",DEU
12409,3816,Spain,Ended,ESP
12410,3816,France,Ended,FRA
12411,3816,Slovenia,Ended,SVN
12412,3816,Sweden,Ended,SWE
12413,3816,Austria,Ended,AUT
12414,3816,Germany,Ended,DEU
12415,3816,Poland,Ended,POL
12416,3816,Italy,Ended,ITA
12417,3817,Spain,Ended,ESP
12418,3817,Italy,Ended,ITA
12419,3818,Spain,"Ongoing, recruiting",ESP
12420,3819,Italy,"Ongoing, recruitment ended",ITA
12421,3819,France,"Ongoing, recruitment ended",FRA
12422,3820,Italy,"Ongoing, recruitment ended",ITA
12423,3820,France,"Ongoing, recruitment ended",FRA
12424,3820,Netherlands,"Ongoing, recruitment ended",NLD
12425,3820,Germany,"Ongoing, recruitment ended",DEU
12426,3821,Spain,Ended,ESP
12427,3821,Germany,Ended,DEU
12428,3821,Denmark,Ended,DNK
12429,3821,France,Ended,FRA
12430,3822,Czechia,"Authorised, recruitment pending",CZE
12431,3822,Denmark,"Authorised, recruitment pending",DNK
12432,3822,Poland,"Authorised, recruitment pending",POL
12433,3822,Spain,"Authorised, recruitment pending",ESP
12434,3822,Italy,"Authorised, recruitment pending",ITA
12435,3823,Netherlands,"Ongoing, recruiting",NLD
12436,3823,France,"Ongoing, recruiting",FRA
12437,3823,Sweden,"Ongoing, recruiting",SWE
12438,3823,Belgium,"Authorised, recruitment pending",BEL
12439,3824,France,Ended,FRA
12440,3824,Spain,Ended,ESP
12441,3824,Poland,Ended,POL
12442,3824,Italy,Ended,ITA
12443,3825,Germany,Ended,DEU
12444,3825,Austria,Ended,AUT
12445,3825,Spain,Ended,ESP
12446,3825,France,Ended,FRA
12447,3825,Poland,Ended,POL
12448,3825,Romania,Ended,ROU
12449,3826,Bulgaria,Expired,BGR
12450,3826,Romania,Expired,ROU
12451,3826,France,Expired,FRA
12452,3827,Hungary,Ended,HUN
12453,3827,Spain,Ended,ESP
12454,3827,Czechia,Ended,CZE
12455,3827,Sweden,Ended,SWE
12456,3827,Denmark,Ended,DNK
12457,3827,Greece,Ended,GRC
12458,3827,Poland,Ended,POL
12459,3828,France,"Ongoing, recruiting",FRA
12460,3828,Italy,"Ongoing, recruiting",ITA
12461,3829,Sweden,"Ongoing, recruiting",SWE
12462,3830,France,"Ongoing, recruitment ended",FRA
12463,3831,Romania,"Ongoing, recruitment ended",ROU
12464,3831,Spain,"Ongoing, recruitment ended",ESP
12465,3831,Hungary,"Ongoing, recruitment ended",HUN
12466,3831,Belgium,"Ongoing, recruitment ended",BEL
12467,3831,Netherlands,"Ongoing, recruitment ended",NLD
12468,3831,France,"Ongoing, recruitment ended",FRA
12469,3831,Germany,"Ongoing, recruitment ended",DEU
12470,3831,Italy,"Ongoing, recruitment ended",ITA
12471,3832,Italy,Ended,ITA
12472,3832,Germany,"Ongoing, recruitment ended",DEU
12473,3833,Belgium,"Ongoing, recruitment ended",BEL
12474,3833,France,"Ongoing, recruitment ended",FRA
12475,3833,Italy,"Ongoing, recruitment ended",ITA
12476,3833,Spain,"Ongoing, recruitment ended",ESP
12477,3833,Poland,"Ongoing, recruitment ended",POL
12478,3833,Netherlands,Ended,NLD
12479,3833,Portugal,"Ongoing, recruitment ended",PRT
12480,3833,Hungary,"Ongoing, recruitment ended",HUN
12481,3833,Germany,"Ongoing, recruitment ended",DEU
12482,3834,Czechia,"Ongoing, recruitment ended",CZE
12483,3834,Poland,"Ongoing, recruitment ended",POL
12484,3834,France,"Ongoing, recruitment ended",FRA
12485,3834,Hungary,"Ongoing, recruitment ended",HUN
12486,3834,Spain,"Ongoing, recruitment ended",ESP
12487,3835,Sweden,"Ongoing, recruiting",SWE
12488,3836,Estonia,"Ongoing, recruitment ended",EST
12489,3836,Lithuania,"Ongoing, recruitment ended",LTU
12490,3836,France,"Ongoing, recruitment ended",FRA
12491,3836,Ireland,"Ongoing, recruitment ended",IRL
12492,3836,Germany,"Ongoing, recruitment ended",DEU
12493,3836,Belgium,"Ongoing, recruitment ended",BEL
12494,3836,Latvia,"Ongoing, recruitment ended",LVA
12495,3836,Italy,"Ongoing, recruitment ended",ITA
12496,3836,Spain,"Ongoing, recruitment ended",ESP
12497,3836,Romania,"Ongoing, recruitment ended",ROU
12498,3836,Poland,"Ongoing, recruitment ended",POL
12499,3837,Poland,"Ongoing, recruitment ended",POL
12500,3838,Belgium,"Ongoing, recruitment ended",BEL
12501,3839,Spain,Ended,ESP
12502,3839,France,Ended,FRA
12503,3839,Italy,Ended,ITA
12504,3840,Slovakia,"Ongoing, recruitment ended",SVK
12505,3841,Germany,"Ongoing, recruitment ended",DEU
12506,3841,Netherlands,"Ongoing, recruitment ended",NLD
12507,3841,France,"Ongoing, recruitment ended",FRA
12508,3841,Belgium,"Ongoing, recruitment ended",BEL
12509,3841,Spain,"Ongoing, recruitment ended",ESP
12510,3841,Italy,"Ongoing, recruitment ended",ITA
12511,3842,Spain,Ended,ESP
12512,3843,Romania,Ended,ROU
12513,3843,Bulgaria,Ended,BGR
12514,3843,Poland,Ended,POL
12515,3844,Czechia,"Ongoing, recruiting",CZE
12516,3844,Germany,"Authorised, recruiting",DEU
12517,3844,Italy,"Ongoing, recruiting",ITA
12518,3844,France,"Ongoing, recruiting",FRA
12519,3844,Norway,"Ongoing, recruiting",NOR
12520,3845,Spain,"Ongoing, recruitment ended",ESP
12521,3846,Spain,"Ongoing, recruitment ended",ESP
12522,3847,Italy,"Ongoing, recruiting",ITA
12523,3848,Spain,"Ongoing, recruitment ended",ESP
12524,3849,Italy,Ended,ITA
12525,3850,Spain,Ended,ESP
12526,3850,Germany,Ended,DEU
12527,3850,Greece,Ended,GRC
12528,3851,Spain,"Ongoing, recruiting",ESP
12529,3851,Romania,"Ongoing, recruiting",ROU
12530,3851,Netherlands,"Ongoing, recruiting",NLD
12531,3851,Germany,"Ongoing, recruiting",DEU
12532,3851,Poland,"Ongoing, recruiting",POL
12533,3852,Netherlands,Ended,NLD
12534,3852,Poland,Ended,POL
12535,3852,Finland,Ended,FIN
12536,3852,Spain,Ended,ESP
12537,3852,Czechia,Ended,CZE
12538,3852,Ireland,Ended,IRL
12539,3852,Italy,Ended,ITA
12540,3852,France,Ended,FRA
12541,3852,Germany,Ended,DEU
12542,3853,Germany,"Ongoing, recruiting",DEU
12543,3854,Belgium,"Ongoing, recruiting",BEL
12544,3855,Belgium,"Authorised, recruitment pending",BEL
12545,3856,Germany,"Authorised, recruitment pending",DEU
12546,3857,Sweden,"Ongoing, recruiting",SWE
12547,3858,Sweden,Ended,SWE
12548,3858,Czechia,Ended,CZE
12549,3858,Poland,Ended,POL
12550,3858,France,Ended,FRA
12551,3858,Germany,Ended,DEU
12552,3858,Italy,Ended,ITA
12553,3859,Germany,Ended,DEU
12554,3860,Sweden,"Ongoing, recruiting",SWE
12555,3861,Spain,Ended,ESP
12556,3862,Austria,Ended,AUT
12557,3863,France,Ended,FRA
12558,3864,Spain,Ended,ESP
12559,3865,Sweden,"Authorised, recruitment pending",SWE
12560,3866,Netherlands,"Ongoing, recruitment ended",NLD
12561,3867,Spain,"Ongoing, recruiting",ESP
12562,3867,France,"Ongoing, recruiting",FRA
12563,3867,Italy,"Ongoing, recruiting",ITA
12564,3868,France,"Ongoing, recruiting",FRA
12565,3869,Italy,"Authorised, recruitment pending",ITA
12566,3870,Belgium,Ended,BEL
12567,3871,Greece,Ended,GRC
12568,3871,Italy,Ended,ITA
12569,3871,Poland,Ended,POL
12570,3872,Netherlands,"Ongoing, recruiting",NLD
12571,3872,Ireland,"Authorised, recruiting",IRL
12572,3873,Netherlands,"Authorised, recruitment pending",NLD
12573,3874,Sweden,Ended,SWE
12574,3875,Netherlands,"Ongoing, recruiting",NLD
12575,3876,Spain,Ended,ESP
12576,3877,Netherlands,"Ongoing, recruiting",NLD
12577,3878,France,"Ongoing, recruiting",FRA
12578,3879,France,Ended,FRA
12579,3880,Denmark,Ended,DNK
12580,3881,Germany,"Ongoing, recruitment ended",DEU
12581,3881,Italy,"Ongoing, recruitment ended",ITA
12582,3881,Portugal,"Ongoing, recruitment ended",PRT
12583,3881,Spain,"Ongoing, recruitment ended",ESP
12584,3881,Czechia,"Ongoing, recruitment ended",CZE
12585,3881,Austria,"Ongoing, recruitment ended",AUT
12586,3881,Hungary,"Ongoing, recruitment ended",HUN
12587,3881,France,"Ongoing, recruitment ended",FRA
12588,3881,Sweden,"Ongoing, recruitment ended",SWE
12589,3882,France,"Ongoing, recruitment ended",FRA
12590,3883,Belgium,Ended,BEL
12591,3884,Spain,"Authorised, recruitment pending",ESP
12592,3885,Netherlands,"Ongoing, recruiting",NLD
12593,3886,France,"Authorised, recruitment pending",FRA
12594,3887,Germany,Ended,DEU
12595,3887,Italy,Ended,ITA
12596,3887,Spain,Ended,ESP
12597,3887,France,Ended,FRA
12598,3888,Spain,Ended,ESP
12599,3888,Netherlands,Not authorised,NLD
12600,3888,Finland,Ended,FIN
12601,3888,Romania,Ended,ROU
12602,3888,France,Ended,FRA
12603,3888,Hungary,Ended,HUN
12604,3888,Croatia,Ended,HRV
12605,3889,Italy,"Ongoing, recruitment ended",ITA
12606,3890,Belgium,"Ongoing, recruiting",BEL
12607,3890,Spain,"Ongoing, recruiting",ESP
12608,3890,Italy,"Ongoing, recruiting",ITA
12609,3890,France,"Ongoing, recruiting",FRA
12610,3891,Netherlands,"Ongoing, recruiting",NLD
12611,3892,Hungary,"Ongoing, recruiting",HUN
12612,3892,Poland,"Ongoing, recruiting",POL
12613,3892,Italy,"Ongoing, recruiting",ITA
12614,3892,Spain,"Ongoing, recruiting",ESP
12615,3892,Bulgaria,"Ongoing, recruiting",BGR
12616,3892,Croatia,"Ongoing, recruiting",HRV
12617,3892,France,"Ongoing, recruiting",FRA
12618,3892,Austria,"Ongoing, recruiting",AUT
12619,3892,Netherlands,"Ongoing, recruiting",NLD
12620,3892,Germany,"Ongoing, recruiting",DEU
12621,3892,Ireland,"Ongoing, recruiting",IRL
12622,3893,France,"Ongoing, recruiting",FRA
12623,3894,Spain,"Authorised, recruitment pending",ESP
12624,3895,Germany,"Ongoing, recruitment ended",DEU
12625,3895,France,"Ongoing, recruitment ended",FRA
12626,3895,Netherlands,"Ongoing, recruitment ended",NLD
12627,3895,Portugal,"Ongoing, recruitment ended",PRT
12628,3895,Spain,"Ongoing, recruitment ended",ESP
12629,3895,Belgium,"Ongoing, recruitment ended",BEL
12630,3895,Greece,"Ongoing, recruitment ended",GRC
12631,3895,Italy,"Ongoing, recruitment ended",ITA
12632,3896,Belgium,"Ongoing, recruitment ended",BEL
12633,3897,Portugal,"Ongoing, recruiting",PRT
12634,3897,Belgium,"Ongoing, recruiting",BEL
12635,3897,Germany,"Ongoing, recruiting",DEU
12636,3897,Czechia,"Ongoing, recruiting",CZE
12637,3897,Italy,"Ongoing, recruiting",ITA
12638,3897,Spain,"Ongoing, recruiting",ESP
12639,3897,Netherlands,"Ongoing, recruiting",NLD
12640,3897,France,"Ongoing, recruiting",FRA
12641,3897,Norway,"Ongoing, recruiting",NOR
12642,3897,Austria,"Ongoing, recruiting",AUT
12643,3897,Poland,"Ongoing, recruiting",POL
12644,3897,Romania,"Ongoing, recruiting",ROU
12645,3898,Denmark,"Ongoing, recruiting",DNK
12646,3898,Spain,"Authorised, recruitment pending",ESP
12647,3899,Spain,"Ongoing, recruiting",ESP
12648,3900,Netherlands,Ended,NLD
12649,3900,Spain,"Ongoing, recruitment ended",ESP
12650,3900,Germany,"Ongoing, recruitment ended",DEU
12651,3901,France,"Ongoing, recruiting",FRA
12652,3902,Italy,Ended,ITA
12653,3902,Netherlands,"Ongoing, recruitment ended",NLD
12654,3902,Belgium,Ended,BEL
12655,3902,Spain,"Ongoing, recruitment ended",ESP
12656,3902,Czechia,Ended,CZE
12657,3902,France,"Ongoing, recruitment ended",FRA
12658,3902,Germany,"Ongoing, recruitment ended",DEU
12659,3903,Czechia,Ended,CZE
12660,3903,Bulgaria,Ended,BGR
12661,3904,Germany,"Authorised, recruitment pending",DEU
12662,3904,Ireland,"Authorised, recruitment pending",IRL
12663,3904,France,"Authorised, recruiting",FRA
12664,3904,Spain,"Authorised, recruitment pending",ESP
12665,3905,Germany,"Ongoing, recruitment ended",DEU
12666,3905,Romania,"Ongoing, recruitment ended",ROU
12667,3905,Belgium,"Ongoing, recruitment ended",BEL
12668,3905,Italy,"Ongoing, recruitment ended",ITA
12669,3905,Poland,"Ongoing, recruitment ended",POL
12670,3905,France,"Ongoing, recruitment ended",FRA
12671,3905,Spain,"Ongoing, recruitment ended",ESP
12672,3906,Spain,"Ongoing, recruitment ended",ESP
12673,3906,France,"Ongoing, recruitment ended",FRA
12674,3907,France,"Ongoing, recruiting",FRA
12675,3907,Italy,"Ongoing, recruiting",ITA
12676,3907,Netherlands,"Authorised, recruitment pending",NLD
12677,3908,Bulgaria,"Ongoing, recruitment ended",BGR
12678,3909,France,"Authorised, recruitment pending",FRA
12679,3910,Denmark,"Ongoing, recruiting",DNK
12680,3911,France,"Ongoing, recruiting",FRA
12681,3912,Italy,"Ongoing, recruitment ended",ITA
12682,3913,Netherlands,"Authorised, recruitment pending",NLD
12683,3913,Czechia,"Authorised, recruitment pending",CZE
12684,3913,Italy,"Authorised, recruitment pending",ITA
12685,3913,Spain,"Authorised, recruitment pending",ESP
12686,3913,Denmark,"Authorised, recruitment pending",DNK
12687,3913,Austria,"Authorised, recruitment pending",AUT
12688,3913,Norway,"Authorised, recruitment pending",NOR
12689,3913,Sweden,"Authorised, recruitment pending",SWE
12690,3913,Germany,"Authorised, recruitment pending",DEU
12691,3913,France,"Authorised, recruitment pending",FRA
12692,3913,Finland,"Authorised, recruitment pending",FIN
12693,3914,Bulgaria,"Ongoing, recruiting",BGR
12694,3914,Spain,"Ongoing, recruiting",ESP
12695,3914,Poland,"Ongoing, recruiting",POL
12696,3914,Italy,"Ongoing, recruiting",ITA
12697,3914,Germany,Ended,DEU
12698,3914,France,"Ongoing, recruiting",FRA
12699,3914,Austria,Ended,AUT
12700,3915,Italy,"Authorised, recruitment pending",ITA
12701,3916,Spain,Ended,ESP
12702,3916,Hungary,Ended,HUN
12703,3916,Italy,Ended,ITA
12704,3916,France,Ended,FRA
12705,3917,Poland,"Ongoing, recruitment ended",POL
12706,3917,Netherlands,"Ongoing, recruitment ended",NLD
12707,3917,Hungary,Ended,HUN
12708,3917,Bulgaria,"Ongoing, recruitment ended",BGR
12709,3917,Estonia,Ended,EST
12710,3917,Ireland,"Ongoing, recruitment ended",IRL
12711,3917,Germany,"Ongoing, recruitment ended",DEU
12712,3917,Belgium,"Ongoing, recruitment ended",BEL
12713,3917,Greece,"Ongoing, recruitment ended",GRC
12714,3917,Spain,"Ongoing, recruitment ended",ESP
12715,3917,Portugal,Ended,PRT
12716,3917,France,"Ongoing, recruitment ended",FRA
12717,3917,Italy,"Ongoing, recruitment ended",ITA
12718,3917,Austria,"Ongoing, recruitment ended",AUT
12719,3917,Croatia,Ended,HRV
12720,3918,Romania,"Ongoing, recruiting",ROU
12721,3918,Bulgaria,"Ongoing, recruiting",BGR
12722,3918,Hungary,"Ongoing, recruiting",HUN
12723,3918,Poland,"Authorised, recruitment pending",POL
12724,3918,Austria,"Ongoing, recruiting",AUT
12725,3918,Germany,Ended,DEU
12726,3918,Spain,"Ongoing, recruiting",ESP
12727,3918,Slovakia,"Authorised, recruiting",SVK
12728,3919,France,Ended,FRA
12729,3919,Netherlands,Ended,NLD
12730,3919,Germany,Ended,DEU
12731,3919,Spain,Ended,ESP
12732,3919,Italy,Ended,ITA
12733,3920,France,"Ongoing, recruitment ended",FRA
12734,3920,Belgium,"Ongoing, recruitment ended",BEL
12735,3920,Italy,"Ongoing, recruitment ended",ITA
12736,3920,Portugal,"Ongoing, recruitment ended",PRT
12737,3921,Spain,"Ongoing, recruiting",ESP
12738,3922,France,"Ongoing, recruiting",FRA
12739,3923,Italy,"Ongoing, recruiting",ITA
12740,3924,Germany,"Authorised, recruiting",DEU
12741,3924,Spain,"Ongoing, recruiting",ESP
12742,3924,Austria,"Ongoing, recruiting",AUT
12743,3925,Spain,"Ongoing, recruiting",ESP
12744,3925,France,"Ongoing, recruiting",FRA
12745,3926,Belgium,"Authorised, recruitment pending",BEL
12746,3926,France,"Authorised, recruitment pending",FRA
12747,3927,Spain,"Ongoing, recruitment ended",ESP
12748,3927,Germany,"Ongoing, recruitment ended",DEU
12749,3928,Austria,"Ongoing, recruitment ended",AUT
12750,3928,Portugal,"Ongoing, recruitment ended",PRT
12751,3928,Netherlands,"Ongoing, recruitment ended",NLD
12752,3928,Spain,"Ongoing, recruitment ended",ESP
12753,3928,Belgium,"Ongoing, recruitment ended",BEL
12754,3928,Germany,"Ongoing, recruitment ended",DEU
12755,3928,Romania,"Ongoing, recruitment ended",ROU
12756,3928,Poland,"Ongoing, recruitment ended",POL
12757,3928,Ireland,"Ongoing, recruitment ended",IRL
12758,3928,France,"Ongoing, recruitment ended",FRA
12759,3928,Italy,"Ongoing, recruitment ended",ITA
12760,3929,Germany,"Ongoing, recruiting",DEU
12761,3930,Romania,Ended,ROU
12762,3930,Spain,Ended,ESP
12763,3930,Poland,Ended,POL
12764,3930,Germany,Ended,DEU
12765,3930,Portugal,Ended,PRT
12766,3931,Germany,Ended,DEU
12767,3931,Italy,Ended,ITA
12768,3931,Spain,Ended,ESP
12769,3931,France,Ended,FRA
12770,3931,Austria,Ended,AUT
12771,3932,Belgium,"Ongoing, recruiting",BEL
12772,3933,Germany,"Ongoing, recruitment ended",DEU
12773,3933,Spain,"Ongoing, recruitment ended",ESP
12774,3934,France,Ended,FRA
12775,3935,Italy,"Ongoing, recruiting",ITA
12776,3936,France,Ended,FRA
12777,3937,Sweden,"Ongoing, recruitment ended",SWE
12778,3938,France,"Ongoing, recruitment ended",FRA
12779,3939,Germany,"Ongoing, recruiting",DEU
12780,3940,Germany,"Ongoing, recruiting",DEU
12781,3941,Belgium,"Ongoing, recruiting",BEL
12782,3941,Netherlands,"Ongoing, recruiting",NLD
12783,3942,Austria,Ended,AUT
12784,3942,Spain,Ended,ESP
12785,3943,Italy,"Ongoing, recruitment ended",ITA
12786,3944,Spain,"Ongoing, recruitment ended",ESP
12787,3944,France,Ended,FRA
12788,3945,Spain,"Ongoing, recruitment ended",ESP
12789,3945,Italy,"Ongoing, recruitment ended",ITA
12790,3945,Germany,Ended,DEU
12791,3945,France,"Ongoing, recruitment ended",FRA
12792,3946,Spain,"Ongoing, recruitment ended",ESP
12793,3947,Ireland,"Ongoing, recruitment ended",IRL
12794,3947,France,"Ongoing, recruitment ended",FRA
12795,3948,Netherlands,Temporarily halted,NLD
12796,3948,Hungary,Temporarily halted,HUN
12797,3948,Austria,Temporarily halted,AUT
12798,3948,Slovakia,Temporarily halted,SVK
12799,3948,Spain,Temporarily halted,ESP
12800,3948,Germany,Temporarily halted,DEU
12801,3948,Italy,Temporarily halted,ITA
12802,3948,Poland,Temporarily halted,POL
12803,3948,Czechia,Temporarily halted,CZE
12804,3948,Belgium,Temporarily halted,BEL
12805,3948,France,Temporarily halted,FRA
12806,3949,Italy,"Ongoing, recruiting",ITA
12807,3950,Spain,"Ongoing, recruitment ended",ESP
12808,3950,Greece,Temporarily halted,GRC
12809,3950,Poland,Temporarily halted,POL
12810,3951,Denmark,"Ongoing, recruiting",DNK
12811,3951,Germany,"Ongoing, recruiting",DEU
12812,3951,Czechia,"Ongoing, recruiting",CZE
12813,3951,Spain,"Ongoing, recruiting",ESP
12814,3951,Italy,"Ongoing, recruiting",ITA
12815,3951,Netherlands,"Ongoing, recruiting",NLD
12816,3951,Cyprus,Ended,CYP
12817,3951,Slovakia,"Ongoing, recruiting",SVK
12818,3951,France,"Ongoing, recruiting",FRA
12819,3951,Poland,"Ongoing, recruiting",POL
12820,3952,Italy,"Ongoing, recruiting",ITA
12821,3952,Portugal,"Ongoing, recruiting",PRT
12822,3952,Spain,"Ongoing, recruiting",ESP
12823,3952,Romania,"Ongoing, recruiting",ROU
12824,3952,Hungary,"Ongoing, recruiting",HUN
12825,3952,France,"Ongoing, recruiting",FRA
12826,3952,Czechia,"Ongoing, recruiting",CZE
12827,3952,Germany,"Ongoing, recruiting",DEU
12828,3952,Netherlands,"Authorised, recruitment pending",NLD
12829,3952,Austria,"Ongoing, recruiting",AUT
12830,3952,Poland,"Ongoing, recruiting",POL
12831,3952,Belgium,"Ongoing, recruiting",BEL
12832,3953,Belgium,"Authorised, recruitment pending",BEL
12833,3953,Spain,"Authorised, recruitment pending",ESP
12834,3953,Netherlands,"Authorised, recruitment pending",NLD
12835,3953,France,"Authorised, recruitment pending",FRA
12836,3954,Spain,"Ongoing, recruiting",ESP
12837,3955,France,"Authorised, recruitment pending",FRA
12838,3956,Germany,"Ongoing, recruiting",DEU
12839,3956,Czechia,"Authorised, recruiting",CZE
12840,3956,Italy,"Ongoing, recruiting",ITA
12841,3956,Lithuania,"Ongoing, recruiting",LTU
12842,3956,Spain,"Ongoing, recruiting",ESP
12843,3956,Portugal,"Authorised, recruiting",PRT
12844,3956,Romania,"Ongoing, recruiting",ROU
12845,3957,France,"Authorised, recruitment pending",FRA
12846,3958,Austria,"Ongoing, recruitment ended",AUT
12847,3958,Italy,"Ongoing, recruitment ended",ITA
12848,3958,Germany,"Ongoing, recruitment ended",DEU
12849,3959,Germany,"Authorised, recruitment pending",DEU
12850,3959,France,"Ongoing, recruiting",FRA
12851,3959,Spain,"Ongoing, recruiting",ESP
12852,3959,Italy,"Authorised, recruitment pending",ITA
12853,3960,Hungary,"Authorised, recruitment pending",HUN
12854,3960,Croatia,"Authorised, recruitment pending",HRV
12855,3961,Netherlands,"Ongoing, recruiting",NLD
12856,3962,Netherlands,"Ongoing, recruiting",NLD
12857,3963,Germany,"Ongoing, recruiting",DEU
12858,3964,Poland,"Ongoing, recruitment ended",POL
12859,3964,Bulgaria,"Ongoing, recruitment ended",BGR
12860,3964,France,"Ongoing, recruitment ended",FRA
12861,3964,Belgium,"Ongoing, recruitment ended",BEL
12862,3964,Italy,"Ongoing, recruitment ended",ITA
12863,3964,Spain,"Ongoing, recruitment ended",ESP
12864,3964,Romania,"Ongoing, recruitment ended",ROU
12865,3965,Netherlands,"Authorised, recruiting",NLD
12866,3965,Spain,"Ongoing, recruiting",ESP
12867,3965,Norway,"Authorised, recruiting",NOR
12868,3965,Sweden,"Authorised, recruiting",SWE
12869,3965,Denmark,"Authorised, recruiting",DNK
12870,3965,Germany,"Authorised, recruiting",DEU
12871,3965,Finland,"Authorised, recruitment pending",FIN
12872,3965,Austria,"Authorised, recruiting",AUT
12873,3965,Italy,"Authorised, recruitment pending",ITA
12874,3965,France,"Authorised, recruitment pending",FRA
12875,3965,Belgium,"Authorised, recruitment pending",BEL
12876,3966,France,"Ongoing, recruitment ended",FRA
12877,3966,Italy,"Ongoing, recruitment ended",ITA
12878,3966,Spain,"Ongoing, recruitment ended",ESP
12879,3966,Austria,Ended,AUT
12880,3966,Germany,Ended,DEU
12881,3967,Denmark,"Ongoing, recruiting",DNK
12882,3967,Spain,"Ongoing, recruiting",ESP
12883,3968,Italy,"Ongoing, recruiting",ITA
12884,3969,Germany,"Ongoing, recruiting",DEU
12885,3970,Belgium,"Ongoing, recruitment ended",BEL
12886,3970,France,"Ongoing, recruitment ended",FRA
12887,3970,Germany,"Ongoing, recruitment ended",DEU
12888,3971,Belgium,"Ongoing, recruitment ended",BEL
12889,3971,Spain,"Ongoing, recruiting",ESP
12890,3971,Hungary,"Ongoing, recruiting",HUN
12891,3971,Poland,"Ongoing, recruitment ended",POL
12892,3971,Czechia,"Ongoing, recruitment ended",CZE
12893,3971,Portugal,"Ongoing, recruiting",PRT
12894,3971,France,"Ongoing, recruiting",FRA
12895,3971,Italy,"Ongoing, recruitment ended",ITA
12896,3971,Greece,"Ongoing, recruitment ended",GRC
12897,3971,Bulgaria,"Ongoing, recruitment ended",BGR
12898,3971,Croatia,"Ongoing, recruiting",HRV
12899,3971,Ireland,"Ongoing, recruitment ended",IRL
12900,3971,Romania,"Ongoing, recruitment ended",ROU
12901,3971,Germany,"Ongoing, recruiting",DEU
12902,3971,Estonia,"Ongoing, recruitment ended",EST
12903,3971,Austria,"Ongoing, recruiting",AUT
12904,3972,Spain,Temporarily halted,ESP
12905,3973,Romania,"Authorised, recruitment pending",ROU
12906,3974,Netherlands,"Ongoing, recruiting",NLD
12907,3974,Czechia,"Ongoing, recruiting",CZE
12908,3974,France,"Ongoing, recruiting",FRA
12909,3974,Sweden,"Ongoing, recruiting",SWE
12910,3974,Austria,"Authorised, recruiting",AUT
12911,3974,Germany,"Ongoing, recruiting",DEU
12912,3974,Italy,"Authorised, recruiting",ITA
12913,3974,Finland,"Ongoing, recruiting",FIN
12914,3974,Belgium,"Ongoing, recruiting",BEL
12915,3974,Denmark,"Authorised, recruiting",DNK
12916,3974,Spain,"Ongoing, recruiting",ESP
12917,3974,Poland,"Authorised, recruitment pending",POL
12918,3975,Netherlands,"Ongoing, recruiting",NLD
12919,3976,France,"Ongoing, recruiting",FRA
12920,3976,Czechia,"Ongoing, recruiting",CZE
12921,3976,Spain,"Ongoing, recruiting",ESP
12922,3976,Belgium,"Ongoing, recruiting",BEL
12923,3976,Italy,"Ongoing, recruiting",ITA
12924,3976,Slovakia,"Ongoing, recruiting",SVK
12925,3976,Germany,"Ongoing, recruiting",DEU
12926,3976,Hungary,"Ongoing, recruiting",HUN
12927,3976,Austria,"Ongoing, recruiting",AUT
12928,3976,Greece,"Ongoing, recruiting",GRC
12929,3976,Netherlands,"Ongoing, recruiting",NLD
12930,3977,Italy,"Ongoing, recruiting",ITA
12931,3977,Austria,"Ongoing, recruiting",AUT
12932,3977,France,"Ongoing, recruiting",FRA
12933,3977,Denmark,"Authorised, recruiting",DNK
12934,3977,Greece,"Ongoing, recruiting",GRC
12935,3977,Hungary,"Ongoing, recruiting",HUN
12936,3977,Poland,"Ongoing, recruiting",POL
12937,3977,Netherlands,"Ongoing, recruiting",NLD
12938,3977,Germany,"Ongoing, recruiting",DEU
12939,3977,Portugal,"Ongoing, recruiting",PRT
12940,3977,Czechia,"Authorised, recruiting",CZE
12941,3977,Spain,"Ongoing, recruiting",ESP
12942,3977,Belgium,"Ongoing, recruiting",BEL
12943,3978,Spain,Ended,ESP
12944,3978,France,"Ongoing, recruitment ended",FRA
12945,3979,Belgium,"Ongoing, recruiting",BEL
12946,3979,Netherlands,"Ongoing, recruiting",NLD
12947,3979,Denmark,"Ongoing, recruiting",DNK
12948,3979,Greece,"Authorised, recruitment pending",GRC
12949,3979,Italy,"Ongoing, recruiting",ITA
12950,3979,Sweden,"Ongoing, recruiting",SWE
12951,3979,France,"Ongoing, recruiting",FRA
12952,3979,Spain,"Authorised, recruitment pending",ESP
12953,3980,France,"Ongoing, recruitment ended",FRA
12954,3980,Italy,"Ongoing, recruitment ended",ITA
12955,3980,Germany,"Ongoing, recruitment ended",DEU
12956,3980,Poland,"Ongoing, recruitment ended",POL
12957,3980,Czechia,"Ongoing, recruitment ended",CZE
12958,3980,Hungary,"Ongoing, recruitment ended",HUN
12959,3980,Norway,"Ongoing, recruitment ended",NOR
12960,3980,Sweden,"Ongoing, recruitment ended",SWE
12961,3980,Spain,"Ongoing, recruitment ended",ESP
12962,3980,Greece,"Ongoing, recruitment ended",GRC
12963,3981,Spain,Ended,ESP
12964,3982,Poland,"Ongoing, recruiting",POL
12965,3983,Italy,"Authorised, recruiting",ITA
12966,3983,France,"Authorised, recruiting",FRA
12967,3983,Spain,"Authorised, recruiting",ESP
12968,3984,Romania,"Ongoing, recruitment ended",ROU
12969,3984,Spain,"Ongoing, recruitment ended",ESP
12970,3984,Bulgaria,"Ongoing, recruitment ended",BGR
12971,3984,Latvia,"Ongoing, recruitment ended",LVA
12972,3984,Estonia,"Ongoing, recruitment ended",EST
12973,3985,Sweden,Ended,SWE
12974,3985,Netherlands,Ended,NLD
12975,3985,Belgium,Ended,BEL
12976,3985,Norway,Ended,NOR
12977,3985,Finland,Ended,FIN
12978,3985,Denmark,Ended,DNK
12979,3986,France,"Ongoing, recruitment ended",FRA
12980,3986,Germany,"Ongoing, recruitment ended",DEU
12981,3986,Italy,Ended,ITA
12982,3986,Spain,"Ongoing, recruitment ended",ESP
12983,3987,Italy,"Ongoing, recruiting",ITA
12984,3988,Germany,Ended,DEU
12985,3989,Italy,Ended,ITA
12986,3989,Germany,Ended,DEU
12987,3989,Czechia,Ended,CZE
12988,3989,Spain,Ended,ESP
12989,3989,France,Ended,FRA
12990,3989,Belgium,Ended,BEL
12991,3990,Spain,Ended,ESP
12992,3990,Poland,Ended,POL
12993,3991,Denmark,"Authorised, recruitment pending",DNK
12994,3992,Spain,"Ongoing, recruiting",ESP
12995,3993,Poland,"Ongoing, recruitment ended",POL
12996,3993,Belgium,Ended,BEL
12997,3993,France,"Ongoing, recruitment ended",FRA
12998,3993,Germany,"Authorised, recruiting",DEU
12999,3993,Spain,"Ongoing, recruitment ended",ESP
13000,3994,Spain,"Ongoing, recruitment ended",ESP
13001,3995,Spain,"Authorised, recruitment pending",ESP
13002,3996,Sweden,"Ongoing, recruiting",SWE
13003,3997,Spain,"Ongoing, recruiting",ESP
13004,3997,Italy,"Ongoing, recruiting",ITA
13005,3997,Germany,Not authorised,DEU
13006,3998,Sweden,"Ongoing, recruiting",SWE
13007,3998,Denmark,"Ongoing, recruiting",DNK
13008,3999,Belgium,"Ongoing, recruitment ended",BEL
13009,3999,France,"Ongoing, recruitment ended",FRA
13010,4000,Spain,"Authorised, recruitment pending",ESP
13011,4000,Poland,"Ongoing, recruiting",POL
13012,4000,France,"Ongoing, recruiting",FRA
13013,4000,Italy,"Authorised, recruitment pending",ITA
13014,4001,Denmark,"Ongoing, recruiting",DNK
13015,4001,Poland,"Authorised, recruiting",POL
13016,4001,Netherlands,"Ongoing, recruiting",NLD
13017,4001,Romania,"Ongoing, recruiting",ROU
13018,4001,Austria,"Ongoing, recruiting",AUT
13019,4001,Italy,"Ongoing, recruiting",ITA
13020,4001,Germany,"Ongoing, recruiting",DEU
13021,4001,Portugal,"Ongoing, recruiting",PRT
13022,4001,Spain,"Ongoing, recruiting",ESP
13023,4001,Ireland,"Ongoing, recruiting",IRL
13024,4001,Belgium,"Ongoing, recruiting",BEL
13025,4001,France,"Ongoing, recruiting",FRA
13026,4002,Denmark,"Ongoing, recruitment ended",DNK
13027,4003,Spain,"Ongoing, recruitment ended",ESP
13028,4003,Belgium,"Ongoing, recruitment ended",BEL
13029,4003,France,"Ongoing, recruitment ended",FRA
13030,4003,Germany,"Ongoing, recruitment ended",DEU
13031,4003,Italy,"Ongoing, recruitment ended",ITA
13032,4003,Portugal,"Ongoing, recruiting",PRT
13033,4003,Poland,"Ongoing, recruitment ended",POL
13034,4004,France,"Ongoing, recruiting",FRA
13035,4005,France,"Ongoing, recruitment ended",FRA
13036,4005,Spain,"Ongoing, recruitment ended",ESP
13037,4005,Netherlands,"Ongoing, recruitment ended",NLD
13038,4005,Greece,"Ongoing, recruitment ended",GRC
13039,4005,Italy,"Ongoing, recruitment ended",ITA
13040,4005,Germany,"Ongoing, recruitment ended",DEU
13041,4006,Czechia,"Authorised, recruitment pending",CZE
13042,4006,Bulgaria,"Authorised, recruitment pending",BGR
13043,4006,Poland,"Authorised, recruitment pending",POL
13044,4007,Germany,"Ongoing, recruiting",DEU
13045,4007,Ireland,"Ongoing, recruiting",IRL
13046,4007,Spain,"Ongoing, recruiting",ESP
13047,4007,France,"Ongoing, recruiting",FRA
13048,4007,Belgium,"Ongoing, recruiting",BEL
13049,4007,Italy,"Ongoing, recruiting",ITA
13050,4008,Spain,Ended,ESP
13051,4008,Netherlands,Ended,NLD
13052,4008,France,Ended,FRA
13053,4008,Germany,Ended,DEU
13054,4008,Czechia,Ended,CZE
13055,4008,Poland,Ended,POL
13056,4009,Poland,Ended,POL
13057,4010,Spain,"Authorised, recruitment pending",ESP
13058,4010,Hungary,"Authorised, recruitment pending",HUN
13059,4010,Czechia,"Authorised, recruitment pending",CZE
13060,4010,France,"Authorised, recruitment pending",FRA
13061,4010,Italy,"Authorised, recruitment pending",ITA
13062,4010,Belgium,"Authorised, recruitment pending",BEL
13063,4011,Netherlands,"Ongoing, recruiting",NLD
13064,4011,Poland,"Ongoing, recruiting",POL
13065,4011,Romania,"Ongoing, recruiting",ROU
13066,4011,Spain,"Ongoing, recruiting",ESP
13067,4011,France,"Ongoing, recruiting",FRA
13068,4011,Belgium,"Ongoing, recruiting",BEL
13069,4011,Czechia,"Ongoing, recruiting",CZE
13070,4011,Germany,"Ongoing, recruiting",DEU
13071,4011,Denmark,"Ongoing, recruiting",DNK
13072,4011,Finland,"Ongoing, recruiting",FIN
13073,4011,Greece,"Ongoing, recruiting",GRC
13074,4011,Hungary,"Ongoing, recruiting",HUN
13075,4011,Italy,"Ongoing, recruiting",ITA
13076,4012,Italy,Ended,ITA
13077,4012,Germany,Ended,DEU
13078,4012,Greece,Ended,GRC
13079,4012,France,Ended,FRA
13080,4012,Spain,Ended,ESP
13081,4013,Spain,"Ongoing, recruiting",ESP
13082,4013,France,"Ongoing, recruiting",FRA
13083,4013,Italy,"Ongoing, recruiting",ITA
13084,4013,Poland,"Ongoing, recruiting",POL
13085,4014,Belgium,"Ongoing, recruitment ended",BEL
13086,4014,Netherlands,"Ongoing, recruitment ended",NLD
13087,4014,France,"Ongoing, recruitment ended",FRA
13088,4014,Ireland,"Ongoing, recruitment ended",IRL
13089,4015,Belgium,"Ongoing, recruitment ended",BEL
13090,4015,France,"Ongoing, recruitment ended",FRA
13091,4016,Italy,"Ongoing, recruiting",ITA
13092,4017,France,"Ongoing, recruiting",FRA
13093,4018,Germany,Ended,DEU
13094,4018,Sweden,Ended,SWE
13095,4018,Belgium,Ended,BEL
13096,4018,Czechia,Ended,CZE
13097,4018,Austria,Ended,AUT
13098,4018,Italy,Ended,ITA
13099,4018,Netherlands,Ended,NLD
13100,4018,Spain,Ended,ESP
13101,4018,Slovenia,Ended,SVN
13102,4018,France,Ended,FRA
13103,4019,Germany,Ended,DEU
13104,4020,Italy,"Ongoing, recruiting",ITA
13105,4021,Netherlands,"Authorised, recruitment pending",NLD
13106,4022,Belgium,"Ongoing, recruiting",BEL
13107,4022,Austria,"Authorised, recruitment pending",AUT
